,car_name,brand,year_of_manufacture,kms_driven,fuel_type,transmission_type,emi,price,car_age_years,city
0,Maruti New Wagon-R,Maruti,2019,74374,Petrol,Manual,5719,324000.0,7,Delhi NCR
1,Maruti Swift Dzire,Maruti,2014,74621,Petrol,Manual,8757,264000.0,12,Delhi NCR
2,KIA SONET,KIA,2020,90869,Petrol,Manual,10494,594000.0,6,Delhi NCR
3,Renault Kiger,Renault,2024,8350,Petrol,Auto,10446,592000.0,2,Delhi NCR
4,MG ASTOR,MG,2023,48521,Petrol,Auto,15858,926000.0,3,Delhi NCR
5,Mahindra XUV700,Mahindra,2023,25176,Petrol,Manual,22883,1336000.0,3,Delhi NCR
6,Renault Duster,Renault,2021,47541,Petrol,Auto,13409,760000.0,5,Delhi NCR
7,MG HECTOR,MG,2019,52206,Petrol,Auto,17379,1015000.0,7,Delhi NCR
8,MG HECTOR,MG,2023,15809,Petrol,Auto,25512,1490000.0,3,Delhi NCR
9,KIA SELTOS,KIA,2020,16459,Petrol,Manual,16266,950000.0,6,Delhi NCR
10,Toyota Fortuner,Toyota,2020,48819,Diesel,Auto,71075,2750000.0,6,Delhi NCR
11,Renault Kiger,Renault,2022,57927,Petrol,Manual,6532,370000.0,4,Delhi NCR
12,Maruti Vitara Brezza,Maruti,2021,52923,Petrol,Manual,8643,490000.00000000006,5,Delhi NCR
13,Tata Safari,Tata,2021,43449,Diesel,Auto,28265,1300000.0,5,Delhi NCR
14,Volkswagen VIRTUS,Volkswagen,2022,47712,Petrol,Manual,12198,691000.0,4,Delhi NCR
15,Renault Kwid,Renault,2017,75770,Petrol,Manual,3128,160000.0,9,Delhi NCR
16,Maruti Baleno,Maruti,2023,47454,Petrol,Manual,8473,480000.0,3,Delhi NCR
17,Renault Kwid,Renault,2019,63301,Petrol,Manual,3495,198000.0,7,Delhi NCR
18,Maruti Swift,Maruti,2016,48436,Petrol,Manual,5806,261000.0,10,Delhi NCR
19,Nissan MAGNITE,Nissan,2023,60570,Petrol,Manual,6814,386000.0,3,Delhi NCR
20,Mahindra Thar,Mahindra,2022,30690,Petrol,Manual,20119,1175000.0,4,Delhi NCR
21,Maruti Alto 800,Maruti,2017,29630,Petrol,Manual,3548,181000.0,9,Delhi NCR
22,Tata Harrier,Tata,2020,84776,Diesel,Manual,20728,802000.0,6,Delhi NCR
23,Mahindra XUV700,Mahindra,2022,41024,Petrol,Manual,23115,1350000.0,4,Delhi NCR
24,Mahindra Scorpio,Mahindra,2019,35267,Diesel,Manual,28745,877999.9999999999,7,Delhi NCR
25,Toyota Fortuner,Toyota,2023,83352,Diesel,Auto,55477,3240000.0,3,Delhi NCR
26,Toyota Fortuner,Toyota,2018,158439,Diesel,Manual,77276,1657999.9999999998,8,Delhi NCR
27,Hyundai Verna,Hyundai,2019,51996,Petrol,Auto,12304,697000.0,7,Delhi NCR
28,Tata PUNCH,Tata,2023,46004,Petrol,Manual,8543,484000.0,3,Delhi NCR
29,Hyundai Creta,Hyundai,2020,88094,Diesel,Manual,18987,721000.0,6,Delhi NCR
30,Volkswagen Polo,Volkswagen,2021,58213,Petrol,Manual,7997,453000.0,5,Delhi NCR
31,Hyundai Verna,Hyundai,2018,52177,Petrol,Manual,9568,542000.0,8,Delhi NCR
32,KIA SELTOS,KIA,2023,43943,Diesel,Manual,14451,844000.0,3,Delhi NCR
33,Maruti Wagon R 1.0,Maruti,2013,98532,Petrol,Manual,5790,123000.0,13,Delhi NCR
34,Tata Safari,Tata,2021,64038,Diesel,Manual,24786,1140000.0,5,Delhi NCR
35,Hyundai Tucson,Hyundai,2024,14376,Petrol,Auto,43662,2550000.0,2,Delhi NCR
36,BMW 3 Series,BMW,2019,69884,Diesel,Auto,76936,2350000.0,7,Delhi NCR
37,KIA CARNIVAL,KIA,2025,10558,Diesel,Auto,107015,6250000.0,1,Delhi NCR
38,Maruti Baleno,Maruti,2015,53068,Petrol,Manual,6794,258000.0,11,Delhi NCR
39,Mahindra XUV 3XO,Mahindra,2024,14838,Diesel,Auto,14777,863000.0000000001,2,Delhi NCR
40,Maruti Swift,Maruti,2014,61207,Petrol,Manual,6477,195000.0,12,Delhi NCR
41,Tata ALTROZ,Tata,2022,45910,Petrol,Manual,6708,380000.0,4,Delhi NCR
42,Tata NEXON EV,Tata,2024,29329,Electric,Auto,25256,1475000.0,2,Delhi NCR
43,Skoda Kodiaq,Skoda,2023,60781,Petrol,Auto,44518,2600000.0,3,Delhi NCR
44,Mahindra BE 6e,Mahindra,2025,3651,Electric,Auto,41094,2400000.0,1,Delhi NCR
45,Hyundai ALCAZAR,Hyundai,2024,4227,Petrol,Auto,32105,1875000.0,2,Delhi NCR
46,Maruti Swift,Maruti,2019,47053,Petrol,Manual,6620,375000.0,7,Delhi NCR
47,Mahindra XUV700,Mahindra,2024,20913,Diesel,Auto,39382,2300000.0,2,Delhi NCR
48,Honda Amaze,Honda,2021,39068,CNG,Manual,10429,591000.0,5,Delhi NCR
49,Hyundai Verna,Hyundai,2024,31194,Petrol,Manual,17367,1014000.0,2,Delhi NCR
50,Volkswagen Polo,Volkswagen,2020,33751,Petrol,Manual,6814,386000.0,6,Delhi NCR
51,Hyundai EXTER,Hyundai,2024,10309,Petrol,Auto,14982,875000.0,2,Delhi NCR
52,Mahindra XUV300,Mahindra,2020,76769,Petrol,Manual,7523,426000.0,6,Delhi NCR
53,Audi A6,Audi,2021,31259,Petrol,Auto,58216,3400000.0,5,Delhi NCR
54,Maruti Swift,Maruti,2018,64451,Petrol,Manual,6373,361000.0,8,Delhi NCR
55,Mahindra SCORPIO-N,Mahindra,2023,43965,Diesel,Auto,31677,1850000.0,3,Delhi NCR
56,Skoda Superb,Skoda,2021,33492,Petrol,Auto,44518,2600000.0,5,Delhi NCR
57,MG HECTOR PLUS,MG,2024,24606,Petrol,Auto,31677,1850000.0,2,Delhi NCR
58,Honda WR-V,Honda,2021,68250,Diesel,Manual,11278,507000.0,5,Delhi NCR
59,Jeep Compass,Jeep,2019,50367,Petrol,Auto,15410,900000.0,7,Delhi NCR
60,MG GLOSTER,MG,2022,8603,Diesel,Auto,59006,3100000.0,4,Delhi NCR
61,Skoda Superb,Skoda,2017,36581,Petrol,Auto,24268,1275000.0,9,Delhi NCR
62,Datsun Redi Go,Datsun,2020,25838,Petrol,Manual,3283,186000.0,6,Delhi NCR
63,Mahindra SCORPIO-N,Mahindra,2023,79841,Diesel,Manual,29091,1698999.9999999998,3,Delhi NCR
64,Tata NEXON,Tata,2018,72470,Petrol,Manual,5825,330000.0,8,Delhi NCR
65,Hyundai VENUE,Hyundai,2022,78722,Petrol,Manual,10367,587000.0,4,Delhi NCR
66,Mercedes Benz GLC CLASS,Mercedes,2021,27513,Petrol,Auto,67634,3950000.0,5,Delhi NCR
67,Hyundai Tucson,Hyundai,2023,19023,Diesel,Auto,45374,2650000.0,3,Delhi NCR
68,Hyundai Tucson,Hyundai,2022,17916,Petrol,Auto,40238,2350000.0,4,Delhi NCR
69,Honda Amaze,Honda,2022,44853,Petrol,Manual,7767,440000.00000000006,4,Delhi NCR
70,Volkswagen Polo,Volkswagen,2019,39462,Petrol,Auto,9977,565000.0,7,Delhi NCR
71,Renault Kiger,Renault,2022,83215,Petrol,Manual,6390,362000.0,4,Delhi NCR
72,Volkswagen TAIGUN,Volkswagen,2022,62917,Petrol,Manual,11704,663000.0,4,Delhi NCR
73,Honda Amaze,Honda,2019,47426,Petrol,Auto,7079,401000.0,7,Delhi NCR
74,Honda City,Honda,2020,89920,Petrol,Auto,9727,551000.0,6,Delhi NCR
75,Maruti Swift,Maruti,2024,42012,Petrol,Manual,9780,554000.0,2,Delhi NCR
76,BMW X1,BMW,2018,69892,Diesel,Auto,76903,1650000.0,8,Delhi NCR
77,Maruti Celerio,Maruti,2014,92764,Petrol,Manual,4650,140000.0,12,Delhi NCR
78,Honda Civic,Honda,2019,70935,Petrol,Auto,16181,944999.9999999999,7,Delhi NCR
79,Maruti Alto K10,Maruti,2018,67276,Petrol,Manual,3601,204000.0,8,Delhi NCR
80,BMW 3 Series,BMW,2017,29226,Diesel,Auto,172344,1950000.0,9,Delhi NCR
81,ISUZU D-Max V Cross,ISUZU,2022,46876,Diesel,Auto,39020,2050000.0,4,Delhi NCR
82,KIA SONET,KIA,2024,14386,Petrol,Auto,18407,1075000.0,2,Delhi NCR
83,Honda Amaze,Honda,2014,91353,Petrol,Manual,5348,161000.0,12,Delhi NCR
84,Hyundai Elite i20,Hyundai,2017,74204,Petrol,Manual,6354,325000.0,9,Delhi NCR
85,Hyundai Verna,Hyundai,2019,75966,Petrol,Manual,10661,604000.0,7,Delhi NCR
86,Hyundai Verna,Hyundai,2018,24996,Petrol,Manual,8584,486000.00000000006,8,Delhi NCR
87,Ford Ecosport,Ford,2018,26424,Diesel,Manual,23772,505000.0,8,Delhi NCR
88,Ford New Figo,Ford,2021,21674,Petrol,Manual,6916,392000.0,5,Delhi NCR
89,KIA SELTOS,KIA,2019,76363,Petrol,Manual,16640,972000.0000000001,7,Delhi NCR
90,Hyundai NEW I20,Hyundai,2022,19259,Petrol,Manual,9356,530000.0,4,Delhi NCR
91,KIA SONET,KIA,2020,38236,Petrol,Manual,9938,563000.0,6,Delhi NCR
92,Tata Tiago,Tata,2023,30462,Petrol,Manual,6708,380000.0,3,Delhi NCR
93,Audi A3,Audi,2018,24077,Petrol,Auto,27396,1600000.0,8,Delhi NCR
94,KIA SELTOS,KIA,2020,69741,Petrol,Manual,11580,656000.0,6,Delhi NCR
95,Honda WR-V,Honda,2018,37015,Petrol,Manual,6584,373000.0,8,Delhi NCR
96,ISUZU D-Max V Cross,ISUZU,2018,114493,Diesel,Manual,58260,1250000.0,8,Delhi NCR
97,Maruti Ertiga,Maruti,2024,18586,CNG,Manual,15753,919999.9999999999,2,Delhi NCR
98,Skoda KUSHAQ,Skoda,2025,20617,Petrol,Manual,12992,736000.0,1,Delhi NCR
99,Hyundai VENUE,Hyundai,2021,34800,Petrol,Manual,9903,561000.0,5,Delhi NCR
100,Tata ALTROZ,Tata,2021,73822,Diesel,Manual,15122,680000.0,5,Delhi NCR
101,Tata NEXON,Tata,2022,24704,Petrol,Manual,10314,584000.0,4,Delhi NCR
102,Mercedes Benz S Class,Mercedes,2014,54082,Diesel,Auto,10314,2750000.0,12,Delhi NCR
103,Maruti Alto 800,Maruti,2013,17608,Petrol,Manual,5884,125000.0,13,Delhi NCR
104,Mahindra Kuv100,Mahindra,2018,68537,Diesel,Manual,12554,267000.0,8,Delhi NCR
105,Ford Ecosport,Ford,2019,28638,Petrol,Manual,8826,500000.0,7,Delhi NCR
106,Toyota Camry,Toyota,2024,5399,Hybrid,Auto,66778,3900000.0,2,Delhi NCR
107,KIA SELTOS,KIA,2019,36269,Petrol,Manual,13336,755000.0,7,Delhi NCR
108,Maruti Swift,Maruti,2021,30386,Petrol,Manual,9356,530000.0,5,Delhi NCR
109,Toyota Camry,Toyota,2023,15756,Hybrid,Auto,59757,3490000.0,3,Delhi NCR
110,Maruti Swift Dzire,Maruti,2021,57071,CNG,Manual,7750,438999.99999999994,5,Delhi NCR
111,KIA SELTOS,KIA,2022,39349,Diesel,Manual,20238,1063000.0,4,Delhi NCR
112,Hyundai Creta,Hyundai,2017,72611,Petrol,Manual,8307,425000.0,9,Delhi NCR
113,MG HECTOR,MG,2020,66365,Petrol,Auto,13628,772000.0,6,Delhi NCR
114,Maruti Alto K10,Maruti,2017,66405,Petrol,Manual,3793,194000.0,9,Delhi NCR
115,Skoda SLAVIA,Skoda,2022,39259,Petrol,Manual,12904,731000.0,4,Delhi NCR
116,Tata Safari,Tata,2022,66510,Diesel,Manual,18844,990000.0,4,Delhi NCR
117,MG HECTOR,MG,2021,73136,Diesel,Manual,18655,858000.0,5,Delhi NCR
118,Volkswagen Polo,Volkswagen,2016,62351,Petrol,Manual,6028,271000.0,10,Delhi NCR
119,Hyundai Grand i10,Hyundai,2018,94763,Petrol,Manual,4784,271000.0,8,Delhi NCR
120,Maruti Swift,Maruti,2018,59746,Petrol,Auto,7059,400000.0,8,Delhi NCR
121,Maruti Swift,Maruti,2019,36634,Petrol,Auto,8597,487000.0,7,Delhi NCR
122,Ford Ecosport,Ford,2017,83374,Petrol,Manual,7058,361000.0,9,Delhi NCR
123,Nissan MAGNITE,Nissan,2021,33810,Petrol,Manual,7520,426000.0,5,Delhi NCR
124,Hyundai i10,Hyundai,2012,100643,Petrol,Manual,8672,98000.0,14,Delhi NCR
125,Skoda KUSHAQ,Skoda,2022,64116,Petrol,Manual,12904,731000.0,4,Delhi NCR
126,Renault Duster,Renault,2017,85995,Petrol,Auto,7429,380000.0,9,Delhi NCR
127,Ford Ecosport,Ford,2016,72113,Petrol,Manual,6184,278000.0,10,Delhi NCR
128,Maruti Vitara Brezza,Maruti,2022,38066,Petrol,Manual,10495,595000.0,4,Delhi NCR
129,Mahindra XUV700,Mahindra,2024,12231,Petrol,Auto,31248,1825000.0,2,Delhi NCR
130,Maruti Swift,Maruti,2017,29091,Petrol,Manual,5613,287000.0,9,Delhi NCR
131,Maruti Baleno,Maruti,2017,54849,Petrol,Manual,5748,294000.0,9,Delhi NCR
132,Hyundai Creta,Hyundai,2023,37322,Petrol,Manual,17102,999000.0,3,Delhi NCR
133,Maruti Wagon R 1.0,Maruti,2018,57443,Petrol,Manual,3919,222000.00000000003,8,Delhi NCR
134,Hyundai VENUE,Hyundai,2021,53312,Petrol,Manual,9427,534000.0,5,Delhi NCR
135,Ford Ecosport,Ford,2019,59310,Petrol,Manual,8314,471000.0,7,Delhi NCR
136,Honda City,Honda,2020,78966,Petrol,Manual,13769,780000.0,6,Delhi NCR
137,Hyundai Verna,Hyundai,2021,37722,Petrol,Manual,13769,780000.0,5,Delhi NCR
138,Hyundai Verna,Hyundai,2018,25871,Petrol,Manual,10309,584000.0,8,Delhi NCR
139,Maruti Alto,Maruti,2020,6421,Petrol,Manual,4424,250999.99999999997,6,Delhi NCR
140,Maruti Swift,Maruti,2016,57222,Petrol,Manual,6028,271000.0,10,Delhi NCR
141,Hyundai Verna,Hyundai,2014,27848,Petrol,Auto,10874,327000.0,12,Delhi NCR
142,Tata ALTROZ,Tata,2021,42989,Petrol,Manual,6796,385000.0,5,Delhi NCR
143,Hyundai Elite i20,Hyundai,2017,79297,Petrol,Manual,7459,382000.0,9,Delhi NCR
144,Toyota Innova Crysta,Toyota,2018,92199,Petrol,Manual,16720,976000.0,8,Delhi NCR
145,Tata NEXON,Tata,2024,20901,CNG,Manual,13773,780000.0,2,Delhi NCR
146,Volkswagen Vento,Volkswagen,2016,83034,Petrol,Auto,7919,356000.0,10,Delhi NCR
147,Hyundai VENUE,Hyundai,2019,46131,Petrol,Manual,8082,458000.0,7,Delhi NCR
148,Renault Kiger,Renault,2022,25917,Petrol,Manual,8175,463000.0,4,Delhi NCR
149,Honda City,Honda,2022,87931,CNG,Auto,14588,852000.0,4,Delhi NCR
150,Hyundai Eon,Hyundai,2016,53770,Petrol,Manual,3448,155000.0,10,Delhi NCR
151,Hyundai Verna,Hyundai,2018,78038,Petrol,Manual,9356,530000.0,8,Delhi NCR
152,Renault TRIBER,Renault,2021,52312,Petrol,Manual,6660,377000.0,5,Delhi NCR
153,Renault Kwid,Renault,2016,41281,Petrol,Manual,3314,149000.0,10,Delhi NCR
154,MG HECTOR,MG,2019,59525,Petrol,Manual,13840,784000.0,7,Delhi NCR
155,KIA SELTOS,KIA,2019,74448,Petrol,Manual,12304,697000.0,7,Delhi NCR
156,Toyota Innova Crysta,Toyota,2017,61710,Petrol,Auto,18787,986999.9999999999,9,Delhi NCR
157,Tata Harrier,Tata,2024,19734,Diesel,Auto,37669,2200000.0,2,Delhi NCR
158,Hyundai Creta,Hyundai,2018,60320,Petrol,Auto,10433,591000.0,8,Delhi NCR
159,Maruti Vitara Brezza,Maruti,2021,82149,Petrol,Manual,10239,580000.0,5,Delhi NCR
160,Toyota Corolla Altis,Toyota,2018,48588,Petrol,Auto,14194,828999.9999999999,8,Delhi NCR
161,Maruti Alto 800,Maruti,2019,45382,CNG,Manual,4790,245000.00000000003,7,Delhi NCR
162,Jeep Compass,Jeep,2019,71588,Petrol,Auto,13291,753000.0,7,Delhi NCR
163,KIA SELTOS,KIA,2020,95398,Petrol,Manual,10962,621000.0,6,Delhi NCR
164,Maruti Baleno,Maruti,2018,52863,Petrol,Manual,5984,339000.0,8,Delhi NCR
165,Tata Tiago,Tata,2020,34367,Petrol,Manual,6655,377000.0,6,Delhi NCR
166,Datsun Go,Datsun,2020,70667,Petrol,Manual,4078,231000.0,6,Delhi NCR
167,Tata PUNCH,Tata,2023,2591,Petrol,Manual,9495,538000.0,3,Delhi NCR
168,KIA SONET,KIA,2021,45633,Petrol,Auto,12322,698000.0,5,Delhi NCR
169,Mahindra XUV300,Mahindra,2021,118148,Petrol,Manual,10900,490000.00000000006,5,Delhi NCR
170,Hyundai Elite i20,Hyundai,2019,36435,Petrol,Manual,7167,405999.99999999994,7,Delhi NCR
171,Maruti Baleno,Maruti,2020,98253,Petrol,Manual,7705,436000.00000000006,6,Delhi NCR
172,Volkswagen TAIGUN,Volkswagen,2022,17892,Petrol,Auto,15068,880000.0000000001,4,Delhi NCR
173,Toyota Urban Cruiser Taisor,Toyota,2024,1840,Petrol,Manual,16027,936000.0,2,Delhi NCR
174,Honda City,Honda,2018,48398,Petrol,Manual,8103,459000.0,8,Delhi NCR
175,Maruti Ertiga,Maruti,2021,89102,Petrol,Manual,11951,677000.0,5,Delhi NCR
176,Maruti Baleno,Maruti,2017,76921,Petrol,Manual,7163,366000.0,9,Delhi NCR
177,Ford Ecosport,Ford,2019,33076,Petrol,Manual,9056,513000.0,7,Delhi NCR
178,Honda City,Honda,2016,86668,Petrol,Manual,8595,386000.0,10,Delhi NCR
179,Honda Brio,Honda,2014,70678,Petrol,Manual,6677,200999.99999999997,12,Delhi NCR
180,Renault Kwid,Renault,2024,19926,Petrol,Manual,7823,443000.0,2,Delhi NCR
181,Maruti Alto K10,Maruti,2019,74835,Petrol,Manual,4396,249000.00000000003,7,Delhi NCR
182,Renault TRIBER,Renault,2022,101614,Petrol,Manual,7185,323000.0,4,Delhi NCR
183,Maruti JIMNY,Maruti,2025,2589,Petrol,Auto,20804,1215000.0,1,Delhi NCR
184,Hyundai Creta,Hyundai,2018,53390,Petrol,Auto,11122,630000.0,8,Delhi NCR
185,KIA SELTOS,KIA,2019,74030,Diesel,Auto,27009,825000.0,7,Delhi NCR
186,Toyota Glanza,Toyota,2021,39544,Petrol,Manual,8279,469000.00000000006,5,Delhi NCR
187,Toyota YARIS,Toyota,2018,69389,Petrol,Auto,7961,451000.0,8,Delhi NCR
188,Tata Tiago,Tata,2023,34833,Petrol,Manual,7512,426000.0,3,Delhi NCR
189,Renault Kiger,Renault,2021,38927,Petrol,Manual,6355,360000.0,5,Delhi NCR
190,Hyundai Elite i20,Hyundai,2015,51764,Petrol,Manual,7005,266000.0,11,Delhi NCR
191,Renault TRIBER,Renault,2019,61337,CNG,Manual,6862,351000.0,7,Delhi NCR
192,Honda BR-V,Honda,2016,53594,Petrol,Manual,10526,473000.00000000006,10,Delhi NCR
193,Ford Ecosport,Ford,2017,149754,Diesel,Manual,37640,424000.0,9,Delhi NCR
194,Tata ALTROZ,Tata,2022,58361,Petrol,Manual,7714,437000.0,4,Delhi NCR
195,Maruti Ertiga,Maruti,2017,78498,CNG,Manual,12553,476999.99999999994,9,Delhi NCR
196,Maruti Celerio X,Maruti,2019,30013,Petrol,Manual,5238,297000.0,7,Delhi NCR
197,Hyundai Grand i10,Hyundai,2016,26981,Petrol,Manual,5405,243000.00000000003,10,Delhi NCR
198,Skoda Octavia,Skoda,2019,86569,Petrol,Auto,19297,1127000.0,7,Delhi NCR
199,Maruti Baleno,Maruti,2018,91650,Petrol,Auto,7638,433000.0,8,Delhi NCR
200,Hyundai Grand i10,Hyundai,2018,36128,Petrol,Manual,5830,330000.0,8,Delhi NCR
201,Honda City,Honda,2017,28344,Petrol,Auto,9110,466000.0,9,Delhi NCR
202,Maruti Dzire,Maruti,2019,54316,Petrol,Auto,7149,405000.0,7,Delhi NCR
203,Tata NEXON,Tata,2021,86573,Petrol,Auto,8756,496000.0,5,Delhi NCR
204,MG HECTOR,MG,2019,65518,Petrol,Auto,14794,864000.0,7,Delhi NCR
205,Hyundai Creta,Hyundai,2018,55657,Petrol,Auto,11122,630000.0,8,Delhi NCR
206,Hyundai EXTER,Hyundai,2023,48641,CNG,Manual,10503,595000.0,3,Delhi NCR
207,Tata NEXON,Tata,2023,39337,Petrol,Manual,10009,567000.0,3,Delhi NCR
208,Ford Ecosport,Ford,2020,89671,Petrol,Manual,8367,474000.0,6,Delhi NCR
209,Toyota Etios,Toyota,2015,64189,CNG,Manual,11957,254000.0,11,Delhi NCR
210,Ford Ecosport,Ford,2016,60315,Petrol,Auto,7318,329000.0,10,Delhi NCR
211,Renault Duster,Renault,2019,75991,Diesel,Manual,13286,400000.0,7,Delhi NCR
212,Ford Ecosport,Ford,2018,38205,Petrol,Manual,7344,416000.0,8,Delhi NCR
213,Tata NEXON,Tata,2023,5562,Petrol,Manual,14873,869000.0,3,Delhi NCR
214,Hyundai NEW I20 N LINE,Hyundai,2021,65947,Petrol,Manual,10609,601000.0,5,Delhi NCR
215,Skoda SLAVIA,Skoda,2022,41251,Petrol,Manual,17623,1028999.9999999999,4,Delhi NCR
216,Hyundai Elite i20,Hyundai,2015,54437,Petrol,Manual,7531,286000.0,11,Delhi NCR
217,Tata ALTROZ,Tata,2022,33014,Petrol,Manual,8085,458000.0,4,Delhi NCR
218,Renault Kiger,Renault,2022,33351,Petrol,Manual,8261,468000.0,4,Delhi NCR
219,Toyota Glanza,Toyota,2020,57041,Petrol,Manual,7347,416000.0,6,Delhi NCR
220,Maruti Alto K10,Maruti,2025,6308,Petrol,Manual,6214,352000.0,1,Delhi NCR
221,Nissan MAGNITE,Nissan,2022,37048,Petrol,Manual,6708,380000.0,4,Delhi NCR
222,Hyundai i10,Hyundai,2014,42584,Petrol,Manual,6649,200000.0,12,Delhi NCR
223,Nissan MAGNITE,Nissan,2021,21302,Petrol,Manual,7876,446000.0,5,Delhi NCR
224,Hyundai Creta,Hyundai,2020,58280,Petrol,Auto,16985,992000.0,6,Delhi NCR
225,Tata TIGOR,Tata,2023,60776,CNG,Manual,7714,437000.0,3,Delhi NCR
226,MG HECTOR,MG,2020,21627,Petrol,Auto,15144,884000.0,6,Delhi NCR
227,Hyundai Creta,Hyundai,2022,79869,Petrol,Manual,16626,971000.0000000001,4,Delhi NCR
228,Hyundai GRAND I10 NIOS,Hyundai,2021,43900,Petrol,Manual,7326,415000.00000000006,5,Delhi NCR
229,Ford Ecosport,Ford,2017,73655,Petrol,Manual,7273,372000.0,9,Delhi NCR
230,Nissan MAGNITE,Nissan,2023,16395,Petrol,Auto,11827,670000.0,3,Delhi NCR
231,Tata NEXON,Tata,2019,59707,CNG,Manual,8758,448000.00000000006,7,Delhi NCR
232,Mahindra XUV300,Mahindra,2021,31263,Petrol,Manual,10239,580000.0,5,Delhi NCR
233,Hyundai Elite i20,Hyundai,2017,90588,Petrol,Manual,6921,354000.0,9,Delhi NCR
234,Hyundai Creta,Hyundai,2019,69387,Diesel,Manual,17066,513999.99999999994,7,Delhi NCR
235,Nissan MAGNITE,Nissan,2022,33922,Petrol,Auto,9480,537000.0,4,Delhi NCR
236,KIA CARENS,KIA,2022,34307,Petrol,Manual,14533,849000.0,4,Delhi NCR
237,Hyundai NEW I20,Hyundai,2023,9132,Petrol,Auto,13446,762000.0,3,Delhi NCR
238,Datsun Go,Datsun,2019,72675,Petrol,Manual,3721,211000.0,7,Delhi NCR
239,Hyundai ALCAZAR,Hyundai,2022,73803,Diesel,Auto,21984,1155000.0,4,Delhi NCR
240,Honda Amaze,Honda,2020,45447,Petrol,Manual,7915,448000.00000000006,6,Delhi NCR
241,Maruti Baleno,Maruti,2018,72925,Petrol,Manual,5878,333000.0,8,Delhi NCR
242,MG HECTOR,MG,2020,88474,Petrol,Auto,13908,811999.9999999999,6,Delhi NCR
243,Mahindra XUV700,Mahindra,2023,52319,Diesel,Manual,23167,1353000.0,3,Delhi NCR
244,Ford Figo Aspire,Ford,2017,58060,Petrol,Manual,5670,290000.0,9,Delhi NCR
245,Hyundai Creta,Hyundai,2017,72887,Petrol,Manual,8934,457000.0,9,Delhi NCR
246,Maruti Swift Dzire,Maruti,2015,49923,Petrol,Manual,5978,227000.0,11,Delhi NCR
247,Maruti Swift,Maruti,2017,54181,Petrol,Manual,6021,308000.0,9,Delhi NCR
248,Hyundai i10,Hyundai,2016,39867,Petrol,Manual,4627,208000.0,10,Delhi NCR
249,Hyundai GRAND I10 NIOS,Hyundai,2019,52695,Petrol,Auto,6540,371000.0,7,Delhi NCR
250,Toyota Urban Cruiser Taisor,Toyota,2024,18391,Petrol,Manual,14092,823000.0,2,Delhi NCR
251,Datsun Go,Datsun,2019,31633,Petrol,Manual,4664,264000.0,7,Delhi NCR
252,Maruti Ritz,Maruti,2014,72014,Petrol,Manual,4517,136000.0,12,Delhi NCR
253,Maruti Swift,Maruti,2019,55895,Petrol,Auto,7502,425000.0,7,Delhi NCR
254,MG HECTOR,MG,2019,32506,Petrol,Auto,13857,785000.0,7,Delhi NCR
255,Tata Tiago,Tata,2020,41031,Petrol,Manual,5808,329000.0,6,Delhi NCR
256,Mahindra XUV700,Mahindra,2023,76365,Diesel,Auto,26797,1565000.0,3,Delhi NCR
257,MG HECTOR,MG,2020,39412,Petrol,Manual,13451,762000.0,6,Delhi NCR
258,KIA SELTOS,KIA,2021,41097,Petrol,Auto,14879,869000.0,5,Delhi NCR
259,MG GLOSTER,MG,2023,36456,Diesel,Auto,45289,2645000.0,3,Delhi NCR
260,Hyundai Elite i20,Hyundai,2019,40333,Petrol,Manual,7326,415000.00000000006,7,Delhi NCR
261,Hyundai EXTER,Hyundai,2023,70650,CNG,Manual,11768,667000.0,3,Delhi NCR
262,Honda City,Honda,2018,33608,Petrol,Manual,8509,482000.0,8,Delhi NCR
263,Maruti Swift,Maruti,2020,94422,Petrol,Manual,6932,393000.0,6,Delhi NCR
264,Maruti Alto 800,Maruti,2019,53252,Petrol,Manual,3513,199000.0,7,Delhi NCR
265,Tata NEXON,Tata,2019,40741,Petrol,Manual,7555,428000.0,7,Delhi NCR
266,Nissan MAGNITE,Nissan,2022,26952,Petrol,Manual,7326,415000.00000000006,4,Delhi NCR
267,Maruti Grand Vitara,Maruti,2022,33032,Petrol,Auto,18525,1082000.0,4,Delhi NCR
268,Maruti Wagon R 1.0,Maruti,2018,65790,CNG,Manual,6473,291000.0,8,Delhi NCR
269,Tata Tiago,Tata,2022,83247,Petrol,Manual,5861,332000.0,4,Delhi NCR
270,MG HECTOR,MG,2021,55082,Petrol,Auto,15393,899000.0,5,Delhi NCR
271,Hyundai Grand i10,Hyundai,2016,78628,Petrol,Manual,5272,237000.0,10,Delhi NCR
272,Nissan Terrano,Nissan,2014,92036,Petrol,Manual,8503,256000.0,12,Delhi NCR
273,KIA SELTOS,KIA,2020,39045,Petrol,Manual,12466,706000.0,6,Delhi NCR
274,Tata NEXON,Tata,2022,41875,CNG,Auto,13345,756000.0,4,Delhi NCR
275,Honda Amaze,Honda,2017,98131,Petrol,Manual,5591,286000.0,9,Delhi NCR
276,Mahindra Thar,Mahindra,2021,29980,Petrol,Auto,17294,1010000.0,5,Delhi NCR
277,Maruti Swift,Maruti,2024,14906,Petrol,Manual,10182,577000.0,2,Delhi NCR
278,Hyundai Grand i10,Hyundai,2014,48162,Petrol,Manual,8487,256000.0,12,Delhi NCR
279,Hyundai Grand i10,Hyundai,2017,83901,Petrol,Manual,5256,269000.0,9,Delhi NCR
280,KIA SELTOS,KIA,2019,66101,Petrol,Auto,14745,861000.0,7,Delhi NCR
281,Renault Kiger,Renault,2023,23310,Petrol,Manual,7644,433000.0,3,Delhi NCR
282,Tata NEXON,Tata,2023,23315,Diesel,Auto,14982,875000.0,3,Delhi NCR
283,Maruti Alto K10,Maruti,2023,13918,Petrol,Manual,5953,337000.0,3,Delhi NCR
284,Toyota Corolla Altis,Toyota,2015,97407,Petrol,Manual,11139,423000.00000000006,11,Delhi NCR
285,Maruti Swift,Maruti,2018,55775,Petrol,Manual,7238,409999.99999999994,8,Delhi NCR
286,Renault Duster,Renault,2021,38842,Petrol,Manual,9833,557000.0,5,Delhi NCR
287,Hyundai Elite i20,Hyundai,2017,49733,Petrol,Manual,6862,351000.0,9,Delhi NCR
288,Maruti Wagon R 1.0,Maruti,2017,99250,CNG,Manual,5693,216000.0,9,Delhi NCR
289,Hyundai i20,Hyundai,2012,51452,Diesel,Manual,5693,200000.0,14,Delhi NCR
290,KIA SELTOS,KIA,2020,75763,Petrol,Auto,15410,900000.0,6,Delhi NCR
291,Hyundai Creta,Hyundai,2019,88207,Petrol,Manual,10345,586000.0,7,Delhi NCR
292,Maruti Ciaz,Maruti,2019,85255,Petrol,Auto,9247,524000.0,7,Delhi NCR
293,Renault Duster,Renault,2020,29103,Petrol,Manual,9179,520000.0,6,Delhi NCR
294,Renault Kwid,Renault,2018,45635,Petrol,Manual,3442,195000.0,8,Delhi NCR
295,Maruti Eeco,Maruti,2023,125308,Petrol,Manual,7763,349000.0,3,Delhi NCR
296,Maruti Swift,Maruti,2016,72548,Petrol,Manual,5695,256000.0,10,Delhi NCR
297,Honda City,Honda,2016,91982,Petrol,Manual,8712,392000.0,10,Delhi NCR
298,Datsun Go Plus,Datsun,2017,70806,CNG,Manual,5793,220000.00000000003,9,Delhi NCR
299,Honda City,Honda,2016,64786,Petrol,Manual,8698,391000.0,10,Delhi NCR
300,Nissan MAGNITE,Nissan,2021,76368,Petrol,Auto,8067,457000.0,5,Delhi NCR
301,Maruti Swift,Maruti,2020,45281,CNG,Manual,7340,416000.0,6,Delhi NCR
302,Hyundai Creta,Hyundai,2020,80142,Petrol,Auto,15309,894000.0,6,Delhi NCR
303,Hyundai NEW I20,Hyundai,2021,37096,Petrol,Auto,9603,544000.0,5,Delhi NCR
304,Nissan Micra Active,Nissan,2014,39225,Petrol,Manual,5281,159000.0,12,Delhi NCR
305,Hyundai Grand i10,Hyundai,2019,64056,Petrol,Manual,5578,316000.0,7,Delhi NCR
306,Toyota Corolla Altis,Toyota,2015,81290,Petrol,Auto,12851,488000.0,11,Delhi NCR
307,MG HECTOR,MG,2020,87364,Petrol,Manual,14109,824000.0,6,Delhi NCR
308,Maruti Alto K10,Maruti,2015,65172,Petrol,Manual,5486,208000.0,11,Delhi NCR
309,KIA SONET,KIA,2021,72631,Petrol,Manual,10715,607000.0,5,Delhi NCR
310,Mahindra KUV 100 NXT,Mahindra,2017,54683,Petrol,Manual,5939,304000.0,9,Delhi NCR
311,Hyundai Creta,Hyundai,2016,69401,Petrol,Auto,11634,523000.00000000006,10,Delhi NCR
312,Maruti Baleno,Maruti,2019,57024,Petrol,Manual,6782,384000.0,7,Delhi NCR
313,Mahindra XUV300,Mahindra,2022,19006,Petrol,Auto,11928,676000.0,4,Delhi NCR
314,Hyundai VENUE,Hyundai,2022,43017,Petrol,Manual,10380,588000.0,4,Delhi NCR
315,Skoda Octavia,Skoda,2022,43596,Petrol,Auto,29673,1732999.9999999998,4,Delhi NCR
316,Honda City,Honda,2016,94068,Petrol,Auto,10851,488000.0,10,Delhi NCR
317,Maruti S Cross,Maruti,2020,33344,Petrol,Manual,10039,569000.0,6,Delhi NCR
318,Hyundai Creta,Hyundai,2020,28586,Petrol,Auto,16546,966000.0,6,Delhi NCR
319,Mahindra XUV300,Mahindra,2023,28371,Petrol,Manual,13098,742000.0,3,Delhi NCR
320,Tata NEXON,Tata,2024,20886,Diesel,Manual,18835,1100000.0,2,Delhi NCR
321,KIA SONET,KIA,2021,39789,Petrol,Manual,11951,677000.0,5,Delhi NCR
322,Ford Ecosport,Ford,2019,16215,Petrol,Manual,8950,507000.0,7,Delhi NCR
323,Hyundai Creta,Hyundai,2016,78009,Petrol,Auto,10677,480000.0,10,Delhi NCR
324,Jeep Compass,Jeep,2022,65823,Diesel,Auto,29979,1575000.0,4,Delhi NCR
325,MG ASTOR,MG,2022,44245,Petrol,Manual,12145,688000.0,4,Delhi NCR
326,Maruti New Wagon-R,Maruti,2022,6077,Petrol,Manual,6270,355000.0,4,Delhi NCR
327,KIA SONET,KIA,2023,19063,Petrol,Auto,14109,824000.0,3,Delhi NCR
328,Maruti Ciaz,Maruti,2018,91969,Petrol,Manual,7520,426000.0,8,Delhi NCR
329,Maruti Swift,Maruti,2015,105004,Petrol,Manual,6004,227999.99999999997,11,Delhi NCR
330,KIA SELTOS,KIA,2020,57921,Petrol,Manual,13840,784000.0,6,Delhi NCR
331,Ford Ecosport,Ford,2019,22880,Petrol,Manual,8796,498000.00000000006,7,Delhi NCR
332,Hyundai Elite i20,Hyundai,2019,80799,Petrol,Manual,6408,363000.0,7,Delhi NCR
333,Hyundai Creta,Hyundai,2021,98937,Diesel,Manual,19028,875000.0,5,Delhi NCR
334,Ford Ecosport,Ford,2018,84876,Petrol,Auto,8120,459999.99999999994,8,Delhi NCR
335,Hyundai Creta,Hyundai,2023,22040,Petrol,Auto,21574,1260000.0,3,Delhi NCR
336,Tata PUNCH,Tata,2023,69618,Petrol,Manual,7644,433000.0,3,Delhi NCR
337,Maruti Wagon R 1.0,Maruti,2018,37968,Petrol,Manual,4943,280000.0,8,Delhi NCR
338,Honda WR-V,Honda,2018,26503,Petrol,Manual,6955,394000.0,8,Delhi NCR
339,Mahindra XUV700,Mahindra,2022,33015,Petrol,Manual,21917,1280000.0,4,Delhi NCR
340,Tata TIGOR,Tata,2018,63593,Petrol,Manual,5437,308000.0,8,Delhi NCR
341,MG HECTOR,MG,2022,81106,Petrol,Manual,16763,978999.9999999999,4,Delhi NCR
342,Hyundai Elite i20,Hyundai,2020,48878,Petrol,Manual,6885,390000.0,6,Delhi NCR
343,Maruti Baleno,Maruti,2022,11179,Petrol,Manual,11112,629000.0,4,Delhi NCR
344,Tata PUNCH,Tata,2025,9488,Petrol,Manual,12834,727000.0,1,Delhi NCR
345,Honda Amaze,Honda,2019,55491,Petrol,Auto,7908,448000.00000000006,7,Delhi NCR
346,Honda City,Honda,2015,27516,Petrol,Manual,9454,359000.0,11,Delhi NCR
347,Hyundai i20 Active,Hyundai,2016,73976,Petrol,Manual,7118,320000.0,10,Delhi NCR
348,Hyundai Elite i20,Hyundai,2014,28532,Petrol,Manual,8071,243000.00000000003,12,Delhi NCR
349,Hyundai VENUE,Hyundai,2021,57535,Petrol,Manual,11457,649000.0,5,Delhi NCR
350,Maruti New Wagon-R,Maruti,2021,26091,Petrol,Manual,6532,370000.0,5,Delhi NCR
351,Maruti Baleno,Maruti,2019,38633,Petrol,Manual,8332,472000.0,7,Delhi NCR
352,Hyundai Creta,Hyundai,2018,60896,Petrol,Manual,9762,553000.0,8,Delhi NCR
353,Tata PUNCH,Tata,2023,71387,Petrol,Manual,9144,518000.0,3,Delhi NCR
354,Ford Ecosport,Ford,2019,82116,Petrol,Manual,7803,442000.0,7,Delhi NCR
355,Honda City,Honda,2021,49297,Petrol,Manual,11601,657000.0,5,Delhi NCR
356,Renault Kwid,Renault,2022,54988,Petrol,Manual,4855,275000.0,4,Delhi NCR
357,Tata Harrier,Tata,2022,75732,Diesel,Auto,21699,1140000.0,4,Delhi NCR
358,Hyundai Elite i20,Hyundai,2017,77475,Petrol,Manual,6549,335000.0,9,Delhi NCR
359,Renault Kwid,Renault,2018,43049,Petrol,Manual,3887,220000.00000000003,8,Delhi NCR
360,MG ASTOR,MG,2023,27978,Petrol,Manual,18463,1078000.0,3,Delhi NCR
361,MG HECTOR,MG,2021,80076,Diesel,Manual,21721,999000.0,5,Delhi NCR
362,Maruti Swift,Maruti,2019,69834,CNG,Manual,7856,401999.99999999994,7,Delhi NCR
363,Tata TIGOR,Tata,2021,34824,Petrol,Manual,6284,356000.0,5,Delhi NCR
364,Hyundai i20,Hyundai,2012,67286,Petrol,Manual,16437,185000.0,14,Delhi NCR
365,Honda WR-V,Honda,2018,50054,Petrol,Manual,8200,465000.00000000006,8,Delhi NCR
366,MG HECTOR,MG,2019,55723,Petrol,Auto,14280,834000.0,7,Delhi NCR
367,Toyota URBAN CRUISER,Toyota,2021,66071,Petrol,Manual,10186,577000.0,5,Delhi NCR
368,Toyota Etios Liva,Toyota,2014,69429,Petrol,Manual,5638,170000.0,12,Delhi NCR
369,MG HECTOR,MG,2023,45336,Petrol,Auto,21061,1230000.0,3,Delhi NCR
370,Renault Kwid,Renault,2016,51234,Petrol,Manual,3515,158000.0,10,Delhi NCR
371,Mahindra XUV700,Mahindra,2021,15831,Petrol,Manual,18355,1072000.0,5,Delhi NCR
372,KIA SELTOS,KIA,2021,66115,Petrol,Manual,12928,732000.0,5,Delhi NCR
373,Tata NEXON,Tata,2023,24657,Petrol,Auto,16335,953999.9999999999,3,Delhi NCR
374,Skoda KUSHAQ,Skoda,2022,47063,Petrol,Manual,12803,725000.0,4,Delhi NCR
375,Tata Tiago,Tata,2023,31687,Petrol,Manual,7767,440000.00000000006,3,Delhi NCR
376,Jeep Compass,Jeep,2017,72808,Petrol,Auto,12043,616000.0,9,Delhi NCR
377,Maruti XL6,Maruti,2021,111572,Petrol,Manual,16416,738000.0,5,Delhi NCR
378,Mahindra XUV300,Mahindra,2023,38391,Petrol,Manual,11157,632000.0,3,Delhi NCR
379,Maruti Alto K10,Maruti,2016,47570,Petrol,Manual,3893,175000.0,10,Delhi NCR
380,Tata Tiago,Tata,2023,34587,CNG,Manual,9303,527000.0,3,Delhi NCR
381,Renault TRIBER,Renault,2022,82088,Petrol,Manual,6539,370000.0,4,Delhi NCR
382,Honda Amaze,Honda,2018,47377,Petrol,Manual,5455,309000.0,8,Delhi NCR
383,Maruti Ciaz,Maruti,2018,31758,Petrol,Manual,7697,436000.00000000006,8,Delhi NCR
384,Honda Amaze,Honda,2019,42525,CNG,Manual,8211,420000.0,7,Delhi NCR
385,Honda Amaze,Honda,2017,52149,CNG,Manual,7742,294000.0,9,Delhi NCR
386,Maruti Celerio X,Maruti,2018,14228,Petrol,Auto,5970,338000.0,8,Delhi NCR
387,Hyundai VENUE N LINE,Hyundai,2024,75358,Petrol,Auto,13801,806000.0,2,Delhi NCR
388,Maruti Swift Dzire,Maruti,2015,70934,Petrol,Manual,7155,272000.0,11,Delhi NCR
389,Tata ALTROZ,Tata,2021,37476,Petrol,Manual,8380,475000.0,5,Delhi NCR
390,Honda Amaze,Honda,2023,26288,CNG,Manual,11504,652000.0,3,Delhi NCR
391,Mahindra XUV700,Mahindra,2023,14538,Petrol,Auto,24399,1425000.0,3,Delhi NCR
392,Hyundai Creta,Hyundai,2021,97337,Petrol,Auto,17602,1027999.9999999999,5,Delhi NCR
393,Hyundai Elite i20,Hyundai,2015,64232,Petrol,Manual,7373,280000.0,11,Delhi NCR
394,Hyundai Grand i10,Hyundai,2016,51434,CNG,Manual,9167,276000.0,10,Delhi NCR
395,Tata ALTROZ,Tata,2024,13191,Petrol,Manual,15564,909000.0,2,Delhi NCR
396,Honda City,Honda,2015,74109,Petrol,Manual,10255,389000.0,11,Delhi NCR
397,Renault Kwid,Renault,2018,62125,Petrol,Auto,4307,244000.0,8,Delhi NCR
398,Renault Kwid,Renault,2018,46292,Petrol,Manual,3710,210000.0,8,Delhi NCR
399,KIA SELTOS,KIA,2022,68988,Petrol,Manual,13899,811999.9999999999,4,Delhi NCR
400,KIA SELTOS,KIA,2021,64647,Petrol,Auto,14931,872000.0000000001,5,Delhi NCR
401,Maruti Swift,Maruti,2022,62582,Petrol,Auto,9356,530000.0,4,Delhi NCR
402,Maruti Ciaz,Maruti,2014,91723,Petrol,Manual,9134,275000.0,12,Delhi NCR
403,Maruti Swift,Maruti,2017,73534,Petrol,Manual,5576,285000.0,9,Delhi NCR
404,Tata NEXON,Tata,2022,27608,Petrol,Manual,10103,572000.0,4,Delhi NCR
405,Maruti Ciaz,Maruti,2018,69630,Petrol,Manual,7238,409999.99999999994,8,Delhi NCR
406,Maruti Dzire,Maruti,2018,37426,Petrol,Manual,6973,395000.0,8,Delhi NCR
407,Tata Harrier,Tata,2021,70674,Diesel,Auto,20981,965000.0,5,Delhi NCR
408,Renault Kiger,Renault,2021,41147,Petrol,Auto,7467,423000.00000000006,5,Delhi NCR
409,Maruti Swift,Maruti,2018,85976,Petrol,Auto,6337,359000.0,8,Delhi NCR
410,Hyundai Creta,Hyundai,2019,49264,Petrol,Auto,13668,774000.0,7,Delhi NCR
411,Hyundai Grand i10,Hyundai,2018,48090,CNG,Auto,8030,361000.0,8,Delhi NCR
412,Nissan MAGNITE,Nissan,2021,43428,Petrol,Manual,6938,393000.0,5,Delhi NCR
413,Hyundai Creta,Hyundai,2018,63746,Petrol,Auto,10733,608000.0,8,Delhi NCR
414,Hyundai GRAND I10 NIOS,Hyundai,2021,42914,Petrol,Manual,7066,400000.0,5,Delhi NCR
415,Honda City,Honda,2016,39506,Petrol,Manual,8386,377000.0,10,Delhi NCR
416,KIA SELTOS,KIA,2021,49033,Petrol,Manual,14486,846000.0000000001,5,Delhi NCR
417,Honda City,Honda,2016,55445,Petrol,Auto,10166,457000.0,10,Delhi NCR
418,Hyundai NEW SANTRO,Hyundai,2020,76904,Petrol,Auto,6041,342000.0,6,Delhi NCR
419,Tata ALTROZ,Tata,2025,28096,CNG,Manual,12110,686000.0,1,Delhi NCR
420,Tata NEXON,Tata,2022,70442,Diesel,Manual,14428,738000.0,4,Delhi NCR
421,KIA SELTOS,KIA,2019,82762,Petrol,Auto,13681,775000.0,7,Delhi NCR
422,Tata NEXON,Tata,2023,28958,Petrol,Auto,11611,658000.0,3,Delhi NCR
423,Maruti Celerio,Maruti,2017,20300,Petrol,Manual,5376,275000.0,9,Delhi NCR
424,Hyundai Creta,Hyundai,2018,149778,Petrol,Manual,11162,501999.99999999994,8,Delhi NCR
425,Toyota Corolla Altis,Toyota,2016,69628,Petrol,Manual,10772,484000.0,10,Delhi NCR
426,Maruti Baleno,Maruti,2019,29346,Petrol,Manual,7220,409000.0,7,Delhi NCR
427,KIA SELTOS,KIA,2023,39139,Petrol,Manual,17294,1010000.0,3,Delhi NCR
428,KIA SELTOS,KIA,2022,38780,Petrol,Manual,16501,964000.0,4,Delhi NCR
429,Mahindra XUV700,Mahindra,2023,23750,Petrol,Manual,21061,1230000.0,3,Delhi NCR
430,Maruti Baleno,Maruti,2017,66155,Petrol,Manual,5998,307000.0,9,Delhi NCR
431,MG HECTOR,MG,2021,47308,Diesel,Manual,21525,990000.0,5,Delhi NCR
432,Hyundai VENUE,Hyundai,2021,44609,Petrol,Manual,11126,630000.0,5,Delhi NCR
433,Maruti Ciaz,Maruti,2016,95574,Petrol,Manual,7763,349000.0,10,Delhi NCR
434,Maruti Baleno,Maruti,2017,69926,Petrol,Auto,6491,332000.0,9,Delhi NCR
435,Hyundai Elite i20,Hyundai,2015,43082,CNG,Manual,15684,333000.0,11,Delhi NCR
436,MG HECTOR,MG,2020,80149,Petrol,Manual,14674,857000.0,6,Delhi NCR
437,Hyundai VENUE,Hyundai,2021,28805,Petrol,Manual,11039,625000.0,5,Delhi NCR
438,Tata Harrier,Tata,2020,92436,Diesel,Manual,20935,795000.0,6,Delhi NCR
439,Maruti Wagon R 1.0,Maruti,2018,35511,Petrol,Manual,5349,303000.0,8,Delhi NCR
440,Maruti Ciaz,Maruti,2018,98565,Petrol,Manual,7220,409000.0,8,Delhi NCR
441,Hyundai Creta,Hyundai,2018,74475,Petrol,Auto,12110,686000.0,8,Delhi NCR
442,MG HECTOR,MG,2020,41633,Petrol,Auto,15907,928999.9999999999,6,Delhi NCR
443,KIA CARENS,KIA,2022,67767,Diesel,Auto,20724,1089000.0,4,Delhi NCR
444,Ford Ecosport,Ford,2020,50622,Petrol,Manual,8932,505999.99999999994,6,Delhi NCR
445,Mahindra XUV300,Mahindra,2020,91682,Diesel,Manual,15357,583000.0,6,Delhi NCR
446,Maruti Swift,Maruti,2016,33513,Petrol,Manual,6006,270000.0,10,Delhi NCR
447,Hyundai Grand i10,Hyundai,2018,36869,Petrol,Manual,5442,308000.0,8,Delhi NCR
448,Maruti New Wagon-R,Maruti,2022,60435,Petrol,Manual,6461,366000.0,4,Delhi NCR
449,Tata Tiago,Tata,2016,60689,Petrol,Manual,5183,233000.0,10,Delhi NCR
450,Maruti Ciaz,Maruti,2020,32072,Petrol,Manual,10062,570000.0,6,Delhi NCR
451,Tata NEXON,Tata,2023,19714,Petrol,Manual,13928,789000.0,3,Delhi NCR
452,Hyundai Grand i10,Hyundai,2018,27261,Petrol,Manual,5225,296000.0,8,Delhi NCR
453,Hyundai Elite i20,Hyundai,2018,90375,Petrol,Manual,6426,364000.0,8,Delhi NCR
454,Maruti Alto K10,Maruti,2015,159790,Petrol,Manual,3919,149000.0,11,Delhi NCR
455,Ford Ecosport,Ford,2018,42025,Petrol,Auto,7273,412000.0,8,Delhi NCR
456,Maruti Alto K10,Maruti,2024,18473,Petrol,Manual,6620,375000.0,2,Delhi NCR
457,Maruti Wagon R 1.0,Maruti,2014,89518,CNG,Manual,14927,168000.0,12,Delhi NCR
458,Datsun Redi Go,Datsun,2017,57959,Petrol,Manual,3108,159000.0,9,Delhi NCR
459,Honda Amaze,Honda,2020,57465,Petrol,Manual,7502,425000.0,6,Delhi NCR
460,Honda Amaze,Honda,2015,39498,Petrol,Manual,6183,235000.0,11,Delhi NCR
461,Maruti Baleno,Maruti,2016,32115,Petrol,Manual,7235,325000.0,10,Delhi NCR
462,Honda City,Honda,2014,75162,Petrol,Manual,9490,286000.0,12,Delhi NCR
463,KIA SELTOS,KIA,2022,49717,Diesel,Auto,20861,1096000.0,4,Delhi NCR
464,Hyundai Elite i20,Hyundai,2020,99016,Petrol,Manual,8103,459000.0,6,Delhi NCR
465,Maruti Ertiga,Maruti,2019,30528,Petrol,Manual,11595,657000.0,7,Delhi NCR
466,Maruti Baleno,Maruti,2018,63606,Petrol,Manual,5949,337000.0,8,Delhi NCR
467,Tata NEXON,Tata,2019,76538,Petrol,Manual,7750,438999.99999999994,7,Delhi NCR
468,Maruti Swift,Maruti,2014,43849,Petrol,Manual,7945,239000.0,12,Delhi NCR
469,Honda Amaze,Honda,2018,70902,Petrol,Manual,6020,341000.0,8,Delhi NCR
470,Honda Amaze,Honda,2019,71278,Petrol,Manual,6620,375000.0,7,Delhi NCR
471,Maruti Dzire,Maruti,2019,70875,Petrol,Manual,7396,419000.00000000006,7,Delhi NCR
472,Tata NEXON,Tata,2019,60922,Petrol,Manual,7308,413999.99999999994,7,Delhi NCR
473,Maruti Dzire,Maruti,2019,61188,Petrol,Manual,7153,405000.0,7,Delhi NCR
474,Renault Kwid,Renault,2017,31490,Petrol,Manual,3855,197000.0,9,Delhi NCR
475,Hyundai Grand i10,Hyundai,2016,84495,Petrol,Manual,5116,229999.99999999997,10,Delhi NCR
476,Hyundai Xcent,Hyundai,2015,53653,Petrol,Manual,5109,194000.0,11,Delhi NCR
477,Hyundai GRAND I10 NIOS,Hyundai,2023,49100,CNG,Manual,8950,507000.0,3,Delhi NCR
478,Maruti Ciaz,Maruti,2018,60510,Petrol,Auto,9532,540000.0,8,Delhi NCR
479,Hyundai GRAND I10 NIOS,Hyundai,2023,35566,Petrol,Manual,8915,505000.0,3,Delhi NCR
480,Honda Amaze,Honda,2016,36232,Petrol,Manual,5628,252999.99999999997,10,Delhi NCR
481,Honda Brio,Honda,2015,35480,Petrol,Manual,5109,194000.0,11,Delhi NCR
482,Maruti Swift,Maruti,2021,77819,Petrol,Manual,7096,401999.99999999994,5,Delhi NCR
483,Hyundai Grand i10,Hyundai,2021,29791,Petrol,Manual,7323,415000.00000000006,5,Delhi NCR
484,Renault Kwid,Renault,2021,21089,Petrol,Manual,4996,283000.0,5,Delhi NCR
485,Honda Amaze,Honda,2015,73654,CNG,Manual,10733,227999.99999999997,11,Delhi NCR
486,Maruti S PRESSO,Maruti,2022,91275,Petrol,Manual,5155,292000.0,4,Delhi NCR
487,Hyundai Elite i20,Hyundai,2015,85226,Petrol,Manual,7373,280000.0,11,Delhi NCR
488,Maruti Ciaz,Maruti,2018,72881,Petrol,Auto,7979,451999.99999999994,8,Delhi NCR
489,Tata ALTROZ,Tata,2022,54561,Petrol,Manual,9505,538000.0,4,Delhi NCR
490,Ford Ecosport,Ford,2018,93259,Petrol,Auto,7414,420000.0,8,Delhi NCR
491,Renault Kwid,Renault,2017,86916,Petrol,Manual,3715,190000.0,9,Delhi NCR
492,Honda City,Honda,2016,70341,Petrol,Manual,8097,364000.0,10,Delhi NCR
493,Tata Tiago,Tata,2023,13862,Petrol,Auto,8632,488999.99999999994,3,Delhi NCR
494,Renault Kwid,Renault,2018,47253,Petrol,Manual,3654,206999.99999999997,8,Delhi NCR
495,Tata TIGOR,Tata,2019,43277,Petrol,Manual,5349,303000.0,7,Delhi NCR
496,Hyundai Elite i20,Hyundai,2016,27722,Petrol,Manual,8186,368000.0,10,Delhi NCR
497,Ford Ecosport,Ford,2021,39048,Diesel,Manual,12679,570000.0,5,Delhi NCR
498,Tata Safari,Tata,2021,60703,Diesel,Auto,24460,1125000.0,5,Delhi NCR
499,Toyota Innova Crysta,Toyota,2021,62142,Petrol,Auto,27105,1583000.0,5,Delhi NCR
500,Tata NEXON,Tata,2021,90829,Petrol,Manual,9532,540000.0,5,Delhi NCR
501,MG HECTOR,MG,2020,72067,Petrol,Auto,16198,946000.0000000001,6,Delhi NCR
502,Maruti Baleno,Maruti,2019,43855,Petrol,Manual,8611,488000.0,7,Delhi NCR
503,Renault Kwid,Renault,2016,53417,Petrol,Manual,4160,187000.0,10,Delhi NCR
504,Toyota Corolla Altis,Toyota,2015,64020,Petrol,Auto,15010,570000.0,11,Delhi NCR
505,Tata Tiago,Tata,2019,72230,Petrol,Manual,5737,325000.0,7,Delhi NCR
506,Maruti Grand Vitara,Maruti,2024,25818,Petrol,Manual,16472,961999.9999999999,2,Delhi NCR
507,KIA SELTOS,KIA,2020,90801,Petrol,Auto,13869,810000.0,6,Delhi NCR
508,Honda Brio,Honda,2014,60371,Petrol,Manual,6111,184000.0,12,Delhi NCR
509,Honda City,Honda,2019,64055,CNG,Manual,12414,635000.0,7,Delhi NCR
510,Maruti Alto 800,Maruti,2015,55706,Petrol,Manual,4477,170000.0,11,Delhi NCR
511,Tata Tiago,Tata,2020,77018,Petrol,Manual,5508,312000.0,6,Delhi NCR
512,Maruti Alto 800,Maruti,2014,57463,Petrol,Manual,4783,144000.0,12,Delhi NCR
513,Volkswagen Vento,Volkswagen,2016,94776,Petrol,Manual,7763,349000.0,10,Delhi NCR
514,Hyundai VENUE,Hyundai,2020,56321,Petrol,Manual,10574,599000.0,6,Delhi NCR
515,Maruti Baleno,Maruti,2016,80739,Petrol,Manual,6523,293000.0,10,Delhi NCR
516,Skoda SLAVIA,Skoda,2022,58144,Petrol,Manual,15753,919999.9999999999,4,Delhi NCR
517,Maruti Vitara Brezza,Maruti,2021,72614,Petrol,Manual,11916,675000.0,5,Delhi NCR
518,KIA SONET,KIA,2020,40443,Petrol,Auto,11386,645000.0,6,Delhi NCR
519,Hyundai i20 Active,Hyundai,2017,46270,Petrol,Manual,7097,363000.0,9,Delhi NCR
520,Hyundai Grand i10,Hyundai,2015,59847,CNG,Manual,12419,264000.0,11,Delhi NCR
521,Maruti Ciaz,Maruti,2018,25927,Petrol,Auto,10327,585000.0,8,Delhi NCR
522,Maruti Swift Dzire,Maruti,2014,46549,Petrol,Manual,7141,215000.0,12,Delhi NCR
523,Maruti Celerio,Maruti,2019,23808,Petrol,Manual,5554,315000.0,7,Delhi NCR
524,Hyundai Elite i20,Hyundai,2016,55791,Petrol,Manual,6696,301000.0,10,Delhi NCR
525,Tata NEXON,Tata,2021,47581,Petrol,Manual,10097,572000.0,5,Delhi NCR
526,Maruti Dzire,Maruti,2018,87050,Petrol,Manual,5208,295000.0,8,Delhi NCR
527,Maruti Alto 800,Maruti,2014,63081,Petrol,Manual,4484,135000.0,12,Delhi NCR
528,Hyundai Grand i10,Hyundai,2016,34604,Petrol,Manual,5761,259000.0,10,Delhi NCR
529,Honda City,Honda,2014,49020,Petrol,Manual,10928,329000.0,12,Delhi NCR
530,Tata ALTROZ,Tata,2020,43628,Petrol,Manual,7538,426999.99999999994,6,Delhi NCR
531,Tata Tiago,Tata,2019,77161,Petrol,Manual,5508,312000.0,7,Delhi NCR
532,Maruti Ciaz,Maruti,2018,82276,Petrol,Manual,8385,475000.0,8,Delhi NCR
533,Maruti Wagon R 1.0,Maruti,2018,58511,Petrol,Manual,4837,274000.0,8,Delhi NCR
534,Honda City,Honda,2018,74770,Petrol,Auto,10062,570000.0,8,Delhi NCR
535,Hyundai Creta,Hyundai,2018,53082,Petrol,Manual,13081,741000.0,8,Delhi NCR
536,Honda Amaze,Honda,2017,74414,Petrol,Manual,5865,300000.0,9,Delhi NCR
537,KIA SELTOS,KIA,2020,79439,Petrol,Auto,15513,906000.0,6,Delhi NCR
538,KIA SELTOS,KIA,2021,88190,Diesel,Manual,17266,776000.0,5,Delhi NCR
539,Honda Amaze,Honda,2015,68267,Petrol,Manual,5635,214000.0,11,Delhi NCR
540,Tata TIGOR,Tata,2017,56510,Petrol,Manual,5830,298000.0,9,Delhi NCR
541,Maruti Wagon R 1.0,Maruti,2018,56700,Petrol,Manual,4413,250000.0,8,Delhi NCR
542,Volkswagen Polo,Volkswagen,2015,44879,Petrol,Manual,7057,268000.0,11,Delhi NCR
543,Maruti Ciaz,Maruti,2019,44903,Petrol,Auto,9709,550000.0,7,Delhi NCR
544,Maruti New Wagon-R,Maruti,2022,50561,Petrol,Auto,7679,434999.99999999994,4,Delhi NCR
545,Toyota Etios,Toyota,2014,63797,Petrol,Manual,6809,204999.99999999997,12,Delhi NCR
546,Honda City,Honda,2015,55331,Petrol,Manual,7847,298000.0,11,Delhi NCR
547,Honda WR-V,Honda,2018,95235,Petrol,Manual,6849,388000.0,8,Delhi NCR
548,Hyundai Elite i20,Hyundai,2016,93390,Petrol,Manual,7207,324000.0,10,Delhi NCR
549,Renault Kwid,Renault,2016,40536,Petrol,Manual,3648,164000.0,10,Delhi NCR
550,Tata ALTROZ,Tata,2023,33744,Petrol,Manual,9126,517000.0,3,Delhi NCR
551,Honda Amaze,Honda,2017,74140,CNG,Manual,7926,301000.0,9,Delhi NCR
552,Honda City,Honda,2019,70565,Petrol,Manual,8791,498000.00000000006,7,Delhi NCR
553,Tata TIGOR,Tata,2022,70690,CNG,Manual,8738,495000.0,4,Delhi NCR
554,Maruti Swift,Maruti,2015,32329,Petrol,Manual,7189,273000.0,11,Delhi NCR
555,KIA SONET,KIA,2020,59144,Petrol,Manual,10732,608000.0,6,Delhi NCR
556,Honda Brio,Honda,2015,71352,Petrol,Manual,4784,182000.0,11,Delhi NCR
557,Maruti Wagon R 1.0,Maruti,2017,97744,Petrol,Manual,3949,202000.0,9,Delhi NCR
558,Renault Kwid,Renault,2018,25035,Petrol,Auto,4431,250999.99999999997,8,Delhi NCR
559,Volkswagen Polo,Volkswagen,2014,57320,Petrol,Manual,7540,227000.0,12,Delhi NCR
560,Maruti Alto K10,Maruti,2016,79244,Petrol,Manual,3559,160000.0,10,Delhi NCR
561,Honda City,Honda,2019,44350,Petrol,Auto,12049,683000.0,7,Delhi NCR
562,Tata ALTROZ,Tata,2023,33580,CNG,Manual,11789,668000.0,3,Delhi NCR
563,Honda City,Honda,2019,99677,Petrol,Auto,9374,531000.0,7,Delhi NCR
564,Maruti New Wagon-R,Maruti,2020,48779,Petrol,Auto,6916,392000.0,6,Delhi NCR
565,Jeep Compass,Jeep,2019,64924,Petrol,Auto,13869,810000.0,7,Delhi NCR
566,Renault Kiger,Renault,2023,21298,Petrol,Manual,8491,480999.99999999994,3,Delhi NCR
567,KIA SELTOS,KIA,2020,73424,Petrol,Manual,11651,660000.0,6,Delhi NCR
568,MG ASTOR,MG,2022,67966,Petrol,Manual,14378,840000.0,4,Delhi NCR
569,Maruti Ertiga,Maruti,2014,58974,Petrol,Manual,11592,349000.0,12,Delhi NCR
570,Maruti Alto 800,Maruti,2014,34991,Petrol,Manual,4617,139000.0,12,Delhi NCR
571,Maruti Alto 800,Maruti,2015,43979,Petrol,Manual,4292,163000.0,11,Delhi NCR
572,Honda WR-V,Honda,2018,70726,Petrol,Manual,7591,430000.0,8,Delhi NCR
573,Maruti Baleno,Maruti,2018,71461,Petrol,Manual,6055,343000.0,8,Delhi NCR
574,Honda City,Honda,2015,137152,Petrol,Auto,8848,336000.0,11,Delhi NCR
575,Maruti Wagon R 1.0,Maruti,2014,19205,Petrol,Manual,6211,187000.0,12,Delhi NCR
576,Maruti Swift,Maruti,2017,59181,CNG,Manual,9393,357000.0,9,Delhi NCR
577,KIA CARENS,KIA,2022,63035,Petrol,Auto,20427,1193000.0,4,Delhi NCR
578,Renault Kwid,Renault,2023,43629,Petrol,Manual,5066,287000.0,3,Delhi NCR
579,Maruti Alto K10,Maruti,2016,27800,Petrol,Manual,4605,206999.99999999997,10,Delhi NCR
580,MG HECTOR PLUS,MG,2022,57165,Petrol,Auto,18218,1064000.0,4,Delhi NCR
581,Tata Safari,Tata,2021,71206,Diesel,Auto,25695,1182000.0,5,Delhi NCR
582,Hyundai Grand i10,Hyundai,2015,15790,Petrol,Manual,6346,241000.0,11,Delhi NCR
583,Maruti Ciaz,Maruti,2018,45657,Petrol,Manual,7273,412000.0,8,Delhi NCR
584,Tata NEXON,Tata,2018,70917,CNG,Manual,9565,430000.0,8,Delhi NCR
585,Hyundai Xcent,Hyundai,2014,80611,Petrol,Manual,7241,218000.00000000003,12,Delhi NCR
586,Ford Ecosport,Ford,2018,77151,Diesel,Manual,18793,399000.0,8,Delhi NCR
587,Renault Kwid,Renault,2016,60614,Petrol,Manual,3759,169000.0,10,Delhi NCR
588,Tata Tiago,Tata,2022,37650,CNG,Manual,8176,463000.0,4,Delhi NCR
589,Maruti Swift Dzire,Maruti,2015,72784,CNG,Manual,14178,301000.0,11,Delhi NCR
590,Tata TIGOR,Tata,2017,54681,Petrol,Manual,6158,315000.0,9,Delhi NCR
591,Hyundai Eon,Hyundai,2016,61900,Petrol,Manual,3893,175000.0,10,Delhi NCR
592,Maruti Ertiga,Maruti,2015,54774,Petrol,Manual,11853,450000.0,11,Delhi NCR
593,Toyota YARIS,Toyota,2018,46605,Petrol,Auto,10256,581000.0,8,Delhi NCR
594,KIA SONET,KIA,2020,29298,Petrol,Auto,12728,721000.0,6,Delhi NCR
595,Maruti Wagon R 1.0,Maruti,2018,73846,CNG,Manual,6317,284000.0,8,Delhi NCR
596,Mahindra Thar,Mahindra,2022,27661,Petrol,Manual,17771,1038000.0000000001,4,Delhi NCR
597,Honda Brio,Honda,2015,54080,Petrol,Auto,6715,254999.99999999997,11,Delhi NCR
598,Maruti Vitara Brezza,Maruti,2021,52709,Petrol,Manual,10980,622000.0,5,Delhi NCR
599,Maruti Wagon R 1.0,Maruti,2014,62307,Petrol,Manual,5713,172000.0,12,Delhi NCR
600,Maruti Baleno,Maruti,2016,95828,Petrol,Manual,7341,330000.0,10,Delhi NCR
601,Maruti Ciaz,Maruti,2016,65720,Petrol,Manual,7674,345000.0,10,Delhi NCR
602,Honda Amaze,Honda,2015,67359,Petrol,Manual,5872,223000.0,11,Delhi NCR
603,Maruti Swift Dzire,Maruti,2014,73257,Petrol,Manual,6676,200999.99999999997,12,Delhi NCR
604,Renault Kwid,Renault,2017,49444,Petrol,Auto,4454,227999.99999999997,9,Delhi NCR
605,Mahindra Thar,Mahindra,2023,21341,Petrol,Auto,20490,1197000.0,3,Delhi NCR
606,Honda Amaze,Honda,2016,88903,Petrol,Manual,5405,243000.00000000003,10,Delhi NCR
607,Ford Ecosport,Ford,2018,58642,Petrol,Auto,9356,530000.0,8,Delhi NCR
608,Maruti Baleno,Maruti,2018,58016,Petrol,Manual,6337,359000.0,8,Delhi NCR
609,Maruti Alto K10,Maruti,2015,27754,Petrol,Manual,4845,184000.0,11,Delhi NCR
610,Maruti Swift,Maruti,2016,69519,Diesel,Manual,4845,324000.0,10,Delhi NCR
611,Honda City,Honda,2014,71402,Petrol,Manual,9366,282000.0,12,Delhi NCR
612,Maruti Wagon R 1.0,Maruti,2015,54011,Petrol,Manual,5590,212000.0,11,Delhi NCR
613,KIA SELTOS,KIA,2020,96978,Petrol,Manual,12633,716000.0,6,Delhi NCR
614,KIA SONET,KIA,2020,48391,Diesel,Manual,21189,819999.9999999999,6,Delhi NCR
615,Honda Jazz,Honda,2017,63606,Petrol,Auto,6745,345000.0,9,Delhi NCR
616,KIA CARENS,KIA,2022,37117,Petrol,Auto,20547,1200000.0,4,Delhi NCR
617,Honda City,Honda,2015,81695,Petrol,Auto,9349,355000.0,11,Delhi NCR
618,Maruti Ciaz,Maruti,2019,90128,Petrol,Auto,10496,595000.0,7,Delhi NCR
619,Hyundai NEW SANTRO,Hyundai,2018,24569,Petrol,Auto,5349,303000.0,8,Delhi NCR
620,Tata Tiago,Tata,2016,77558,Diesel,Manual,5349,252000.0,10,Delhi NCR
621,Toyota Glanza,Toyota,2020,72926,Petrol,Manual,8297,470000.0,6,Delhi NCR
622,Hyundai Grand i10,Hyundai,2015,71943,Petrol,Manual,6978,265000.0,11,Delhi NCR
623,Hyundai Grand i10,Hyundai,2014,37475,Petrol,Auto,8071,243000.00000000003,12,Delhi NCR
624,Hyundai Elite i20,Hyundai,2017,49965,Petrol,Manual,6535,334000.0,9,Delhi NCR
625,Maruti Alto 800,Maruti,2016,52137,Petrol,Manual,4137,186000.0,10,Delhi NCR
626,Maruti Wagon R 1.0,Maruti,2015,89234,CNG,Manual,10027,213000.0,11,Delhi NCR
627,Hyundai i10,Hyundai,2015,64473,Petrol,Manual,5867,223000.0,11,Delhi NCR
628,Maruti Ertiga,Maruti,2014,77691,CNG,Manual,33229,374000.0,12,Delhi NCR
629,Honda Amaze,Honda,2023,36870,Petrol,Auto,12706,720000.0,3,Delhi NCR
630,Hyundai Elite i20,Hyundai,2014,40815,Petrol,Manual,11571,348000.0,12,Delhi NCR
631,Maruti Ciaz,Maruti,2020,88508,Petrol,Manual,9727,551000.0,6,Delhi NCR
632,Maruti Baleno,Maruti,2018,57999,Petrol,Manual,6461,366000.0,8,Delhi NCR
633,Hyundai Grand i10,Hyundai,2018,62916,Petrol,Manual,5102,289000.0,8,Delhi NCR
634,Maruti Wagon R 1.0,Maruti,2017,63218,Petrol,Manual,4301,220000.00000000003,9,Delhi NCR
635,MG HECTOR,MG,2023,68526,Petrol,Auto,22139,1293000.0,3,Delhi NCR
636,Maruti Swift,Maruti,2017,55843,CNG,Manual,8769,333000.0,9,Delhi NCR
637,Honda Jazz,Honda,2016,141338,Petrol,Manual,5116,229999.99999999997,10,Delhi NCR
638,Ford Ecosport,Ford,2016,49785,Petrol,Manual,7252,326000.0,10,Delhi NCR
639,Maruti Swift Dzire,Maruti,2015,35987,Petrol,Manual,6610,250999.99999999997,11,Delhi NCR
640,Honda City,Honda,2016,91696,Petrol,Auto,8609,387000.0,10,Delhi NCR
641,Hyundai Creta,Hyundai,2017,59366,Petrol,Auto,10323,528000.0,9,Delhi NCR
642,Hyundai Grand i10,Hyundai,2013,75236,Petrol,Manual,6449,137000.0,13,Delhi NCR
643,Hyundai Xcent,Hyundai,2014,42216,Petrol,Manual,7075,213000.0,12,Delhi NCR
644,Hyundai Elite i20,Hyundai,2017,53717,Petrol,Manual,8264,423000.00000000006,9,Delhi NCR
645,Maruti Wagon R 1.0,Maruti,2014,87492,Petrol,Manual,5912,178000.0,12,Delhi NCR
646,Maruti Wagon R 1.0,Maruti,2016,42705,Petrol,Manual,5494,247000.00000000003,10,Delhi NCR
647,Hyundai Verna,Hyundai,2017,74214,Petrol,Manual,10596,542000.0,9,Delhi NCR
648,Maruti Ciaz,Maruti,2020,47925,Petrol,Manual,10553,598000.0,6,Delhi NCR
649,MG HECTOR,MG,2022,41170,Petrol,Auto,19109,1116000.0,4,Delhi NCR
650,Honda City,Honda,2016,72808,Petrol,Auto,10121,455000.0,10,Delhi NCR
651,Maruti Baleno,Maruti,2018,61750,Petrol,Manual,6320,358000.0,8,Delhi NCR
652,Renault TRIBER,Renault,2023,48055,Petrol,Manual,7608,430999.99999999994,3,Delhi NCR
653,Maruti Wagon R 1.0,Maruti,2016,69991,Petrol,Manual,5383,242000.0,10,Delhi NCR
654,Maruti Ertiga,Maruti,2022,33086,Petrol,Auto,15447,902000.0,4,Delhi NCR
655,Hyundai Grand i10,Hyundai,2018,51511,CNG,Manual,7363,331000.0,8,Delhi NCR
656,KIA SELTOS,KIA,2022,35386,Petrol,Manual,17845,1042000.0,4,Delhi NCR
657,Honda Jazz,Honda,2015,63334,Petrol,Manual,6689,254000.0,11,Delhi NCR
658,Maruti Alto 800,Maruti,2019,64167,Petrol,Manual,4078,231000.0,7,Delhi NCR
659,Honda City,Honda,2014,64542,Petrol,Manual,9898,298000.0,12,Delhi NCR
660,Renault Kwid,Renault,2017,41687,Petrol,Auto,4684,240000.0,9,Delhi NCR
661,Maruti Ertiga,Maruti,2014,83739,CNG,Manual,32696,368000.0,12,Delhi NCR
662,Tata Tiago,Tata,2021,72428,Petrol,Manual,5649,320000.0,5,Delhi NCR
663,Renault Duster,Renault,2013,135055,Petrol,Manual,8944,190000.0,13,Delhi NCR
664,Maruti Alto 800,Maruti,2014,50625,Petrol,Manual,4716,142000.0,12,Delhi NCR
665,Ford Ecosport,Ford,2015,83407,Petrol,Auto,8427,320000.0,11,Delhi NCR
666,Maruti Celerio,Maruti,2022,38808,Petrol,Manual,6867,389000.0,4,Delhi NCR
667,Maruti Baleno,Maruti,2021,70240,Petrol,Auto,8981,509000.0,5,Delhi NCR
668,Hyundai Creta,Hyundai,2019,85070,Petrol,Auto,12216,692000.0,7,Delhi NCR
669,Tata Tiago,Tata,2022,34641,Petrol,Manual,6231,353000.0,4,Delhi NCR
670,Maruti Baleno,Maruti,2018,61767,Petrol,Manual,6443,365000.0,8,Delhi NCR
671,Hyundai GRAND I10 NIOS,Hyundai,2023,14226,CNG,Manual,11262,638000.0,3,Delhi NCR
672,KIA SELTOS,KIA,2020,70739,Petrol,Manual,12233,693000.0,6,Delhi NCR
673,Tata Tiago,Tata,2018,68178,Petrol,Auto,6022,341000.0,8,Delhi NCR
674,Honda City,Honda,2020,57142,Petrol,Manual,11492,651000.0,6,Delhi NCR
675,Hyundai Creta,Hyundai,2023,18891,Petrol,Manual,19143,1118000.0,3,Delhi NCR
676,Maruti Ertiga,Maruti,2015,16811,Petrol,Manual,11482,436000.00000000006,11,Delhi NCR
677,Maruti Swift Dzire,Maruti,2017,81419,Petrol,Manual,5728,293000.0,9,Delhi NCR
678,Maruti Alto K10,Maruti,2016,24328,Petrol,Manual,5116,229999.99999999997,10,Delhi NCR
679,Hyundai i10,Hyundai,2014,48213,Petrol,Manual,4650,140000.0,12,Delhi NCR
680,Mahindra XUV700,Mahindra,2021,92783,Diesel,Auto,30704,1412000.0,5,Delhi NCR
681,Maruti Wagon R 1.0,Maruti,2015,48072,Petrol,Manual,5741,218000.00000000003,11,Delhi NCR
682,Hyundai i10,Hyundai,2014,56193,Petrol,Manual,4982,150000.0,12,Delhi NCR
683,KIA SONET,KIA,2020,92152,Petrol,Auto,11916,675000.0,6,Delhi NCR
684,Hyundai Grand i10,Hyundai,2014,72710,CNG,Manual,22252,250000.0,12,Delhi NCR
685,MG ASTOR,MG,2022,17169,Petrol,Manual,15051,878999.9999999999,4,Delhi NCR
686,Tata Safari,Tata,2022,37287,Diesel,Auto,26077,1370000.0,4,Delhi NCR
687,Ford Ecosport,Ford,2020,33963,Petrol,Manual,11033,625000.0,6,Delhi NCR
688,Maruti Ciaz,Maruti,2015,83773,Petrol,Manual,7874,299000.0,11,Delhi NCR
689,Maruti Ciaz,Maruti,2022,67478,Petrol,Auto,12322,698000.0,4,Delhi NCR
690,Hyundai Grand i10,Hyundai,2014,65529,Petrol,Manual,6709,202000.0,12,Delhi NCR
691,Hyundai VENUE,Hyundai,2019,42736,Petrol,Auto,10980,622000.0,7,Delhi NCR
692,Maruti Swift,Maruti,2016,67154,Petrol,Manual,5828,262000.0,10,Delhi NCR
693,Maruti Ciaz,Maruti,2019,25647,Petrol,Manual,9603,544000.0,7,Delhi NCR
694,Maruti Baleno,Maruti,2018,51393,Petrol,Manual,6761,383000.0,8,Delhi NCR
695,Skoda Octavia,Skoda,2022,47645,Petrol,Auto,30883,1804000.0,4,Delhi NCR
696,Maruti Baleno,Maruti,2022,39857,Petrol,Manual,10366,587000.0,4,Delhi NCR
697,Honda City,Honda,2015,78070,Petrol,Auto,9270,352000.0,11,Delhi NCR
698,Maruti Alto,Maruti,2022,30517,CNG,Manual,6033,342000.0,4,Delhi NCR
699,Maruti Ertiga,Maruti,2022,45483,Petrol,Manual,14897,869999.9999999999,4,Delhi NCR
700,Tata Tiago,Tata,2019,68757,Petrol,Manual,5402,306000.0,7,Delhi NCR
701,Hyundai Grand i10,Hyundai,2018,81830,Petrol,Manual,5387,305000.0,8,Delhi NCR
702,Maruti S PRESSO,Maruti,2021,22711,Petrol,Auto,6020,341000.0,5,Delhi NCR
703,Hyundai Creta,Hyundai,2017,77797,Petrol,Manual,11129,569000.0,9,Delhi NCR
704,Honda City,Honda,2019,68365,Petrol,Auto,12110,686000.0,7,Delhi NCR
705,Maruti Celerio,Maruti,2019,18713,Petrol,Manual,5929,336000.0,7,Delhi NCR
706,Renault Kwid,Renault,2017,29313,Petrol,Manual,3884,199000.0,9,Delhi NCR
707,Hyundai Elite i20,Hyundai,2016,63634,Petrol,Manual,7919,356000.0,10,Delhi NCR
708,Honda City,Honda,2016,50361,Petrol,Manual,9750,438000.0,10,Delhi NCR
709,Mahindra XUV700,Mahindra,2021,60237,Petrol,Auto,22653,1323000.0,5,Delhi NCR
710,MG HECTOR PLUS,MG,2020,55406,Petrol,Auto,17362,1014000.0,6,Delhi NCR
711,Maruti Swift Dzire,Maruti,2015,104627,CNG,Manual,12616,268000.0,11,Delhi NCR
712,Hyundai Elite i20,Hyundai,2018,42928,Petrol,Manual,7175,405999.99999999994,8,Delhi NCR
713,Skoda SLAVIA,Skoda,2022,78412,Petrol,Manual,16951,990000.0,4,Delhi NCR
714,Ford Ecosport,Ford,2014,74404,Petrol,Manual,8669,261000.0,12,Delhi NCR
715,Renault Kwid,Renault,2019,27315,Petrol,Manual,4031,227999.99999999997,7,Delhi NCR
716,Toyota Etios,Toyota,2012,91979,Petrol,Manual,11284,127000.0,14,Delhi NCR
717,Maruti Wagon R 1.0,Maruti,2017,69356,CNG,Manual,7536,286000.0,9,Delhi NCR
718,Hyundai Grand i10,Hyundai,2015,38574,Petrol,Manual,6926,263000.0,11,Delhi NCR
719,Hyundai VENUE,Hyundai,2023,5981,Petrol,Manual,11848,671000.0,3,Delhi NCR
720,Maruti Ciaz,Maruti,2020,60613,Petrol,Manual,9550,541000.0,6,Delhi NCR
721,Honda City,Honda,2015,52631,Petrol,Manual,9665,367000.0,11,Delhi NCR
722,Hyundai Grand i10,Hyundai,2016,35189,Petrol,Manual,6006,270000.0,10,Delhi NCR
723,Hyundai i10,Hyundai,2015,55435,Petrol,Manual,4924,187000.0,11,Delhi NCR
724,Tata TIGOR,Tata,2022,70473,CNG,Manual,9468,536000.0,4,Delhi NCR
725,Hyundai i10,Hyundai,2014,35672,Petrol,Manual,5458,164000.0,12,Delhi NCR
726,Tata NEXON,Tata,2022,25118,Petrol,Manual,12728,721000.0,4,Delhi NCR
727,Maruti Dzire,Maruti,2024,22482,Petrol,Manual,11545,654000.0,2,Delhi NCR
728,Tata TIGOR,Tata,2023,25490,CNG,Manual,9338,529000.0,3,Delhi NCR
729,Mahindra XUV700,Mahindra,2022,52998,Petrol,Manual,20804,1215000.0,4,Delhi NCR
730,Honda Amaze,Honda,2016,75014,Petrol,Manual,6099,274000.0,10,Delhi NCR
731,Honda Jazz,Honda,2015,59611,Petrol,Auto,7813,297000.0,11,Delhi NCR
732,Hyundai AURA,Hyundai,2023,22764,Petrol,Auto,11595,657000.0,3,Delhi NCR
733,Hyundai Grand i10,Hyundai,2016,52592,Petrol,Manual,5990,269000.0,10,Delhi NCR
734,Hyundai Xcent,Hyundai,2015,40327,Petrol,Manual,6215,236000.0,11,Delhi NCR
735,Maruti Baleno,Maruti,2017,54837,Petrol,Manual,7194,368000.0,9,Delhi NCR
736,Honda Amaze,Honda,2014,62701,Petrol,Manual,7297,220000.00000000003,12,Delhi NCR
737,Hyundai i10,Hyundai,2015,37919,Petrol,Manual,5082,193000.0,11,Delhi NCR
738,Maruti Swift,Maruti,2022,39745,Petrol,Auto,9356,530000.0,4,Delhi NCR
739,Hyundai Xcent,Hyundai,2014,68104,Petrol,Manual,8104,244000.0,12,Delhi NCR
740,Maruti Vitara Brezza,Maruti,2022,32698,Petrol,Manual,12535,710000.0,4,Delhi NCR
741,Maruti Swift Dzire,Maruti,2015,60805,Petrol,Manual,6978,265000.0,11,Delhi NCR
742,MG HECTOR,MG,2020,72238,Diesel,Manual,23778,919999.9999999999,6,Delhi NCR
743,Honda City,Honda,2016,73025,Petrol,Manual,8297,373000.0,10,Delhi NCR
744,Maruti Swift,Maruti,2014,90315,Petrol,Manual,6809,204999.99999999997,12,Delhi NCR
745,Honda City,Honda,2015,64853,Petrol,Manual,9375,356000.0,11,Delhi NCR
746,Hyundai NEW SANTRO,Hyundai,2019,32614,Petrol,Manual,5667,321000.0,7,Delhi NCR
747,Honda City,Honda,2014,80285,Petrol,Auto,9134,275000.0,12,Delhi NCR
748,Honda City,Honda,2015,49079,Petrol,Auto,11982,455000.0,11,Delhi NCR
749,Datsun Go,Datsun,2014,36599,Petrol,Manual,4176,126000.0,12,Delhi NCR
750,Maruti Ciaz,Maruti,2016,80669,Petrol,Auto,8357,376000.0,10,Delhi NCR
751,Renault Kwid,Renault,2018,62058,Petrol,Manual,3531,200000.0,8,Delhi NCR
752,Maruti Alto K10,Maruti,2016,45176,Petrol,Manual,4516,202999.99999999997,10,Delhi NCR
753,Hyundai Xcent,Hyundai,2014,71613,Petrol,Manual,6377,192000.0,12,Delhi NCR
754,Maruti Ciaz,Maruti,2017,35410,Petrol,Manual,9521,487000.0,9,Delhi NCR
755,Renault Kwid,Renault,2016,80098,Petrol,Manual,4293,193000.0,10,Delhi NCR
756,Hyundai VENUE,Hyundai,2019,77534,Petrol,Auto,10274,582000.0,7,Delhi NCR
757,Honda Amaze,Honda,2015,74730,Petrol,Manual,6531,248000.0,11,Delhi NCR
758,Maruti Wagon R 1.0,Maruti,2017,39175,Petrol,Manual,4825,247000.00000000003,9,Delhi NCR
759,MG HECTOR,MG,2023,37229,Petrol,Auto,25153,1469000.0,3,Delhi NCR
760,Maruti Wagon R 1.0,Maruti,2014,70245,CNG,Manual,16881,190000.0,12,Delhi NCR
761,Hyundai Grand i10,Hyundai,2016,72832,Petrol,Auto,6162,277000.0,10,Delhi NCR
762,Maruti Swift Dzire,Maruti,2014,52209,Petrol,Manual,7340,221000.0,12,Delhi NCR
763,Maruti Swift Dzire,Maruti,2015,58758,Petrol,Manual,7711,293000.0,11,Delhi NCR
764,Hyundai Xcent,Hyundai,2018,74120,Petrol,Manual,6073,344000.0,8,Delhi NCR
765,Honda Amaze,Honda,2017,41403,Petrol,Manual,7260,371000.0,9,Delhi NCR
766,Hyundai i10,Hyundai,2014,53340,Petrol,Manual,4750,143000.0,12,Delhi NCR
767,Maruti Baleno,Maruti,2017,38588,Petrol,Manual,7686,393000.0,9,Delhi NCR
768,Maruti Celerio,Maruti,2016,38024,Petrol,Manual,5383,242000.0,10,Delhi NCR
769,Hyundai Grand i10,Hyundai,2015,23670,Petrol,Manual,6478,246000.0,11,Delhi NCR
770,Mahindra XUV700,Mahindra,2022,59885,Petrol,Manual,21386,1249000.0,4,Delhi NCR
771,Hyundai Grand i10,Hyundai,2017,46097,Petrol,Manual,5533,283000.0,9,Delhi NCR
772,Hyundai Grand i10,Hyundai,2018,72057,Petrol,Manual,5119,290000.0,8,Delhi NCR
773,Maruti Swift,Maruti,2014,38370,Petrol,Manual,7606,229000.0,12,Delhi NCR
774,Maruti Alto 800,Maruti,2016,64405,CNG,Manual,7499,225999.99999999997,10,Delhi NCR
775,Hyundai Elite i20,Hyundai,2014,41304,Petrol,Manual,8924,269000.0,12,Delhi NCR
776,MG HECTOR,MG,2021,81832,Petrol,Auto,16733,977000.0,5,Delhi NCR
777,Hyundai NEW SANTRO,Hyundai,2021,52308,CNG,Manual,6881,390000.0,5,Delhi NCR
778,Maruti Swift,Maruti,2016,23163,Petrol,Manual,7007,315000.0,10,Delhi NCR
779,Honda City,Honda,2014,102780,CNG,Manual,26566,299000.0,12,Delhi NCR
780,Honda City,Honda,2015,83292,Petrol,Manual,9567,363000.0,11,Delhi NCR
781,Maruti Alto K10,Maruti,2014,48947,Petrol,Auto,6111,184000.0,12,Delhi NCR
782,Hyundai Eon,Hyundai,2014,32394,CNG,Manual,11942,134000.0,12,Delhi NCR
783,Honda Amaze,Honda,2018,62085,Petrol,Manual,6214,352000.0,8,Delhi NCR
784,Honda City,Honda,2016,73688,Petrol,Auto,10611,476999.99999999994,10,Delhi NCR
785,Maruti Swift,Maruti,2014,44131,Petrol,Manual,6444,194000.0,12,Delhi NCR
786,Maruti New Wagon-R,Maruti,2019,67127,Petrol,Manual,6020,341000.0,7,Delhi NCR
787,Maruti Wagon R 1.0,Maruti,2015,25712,Petrol,Manual,5240,199000.0,11,Delhi NCR
788,Maruti Baleno,Maruti,2018,63358,Petrol,Manual,7185,407000.0,8,Delhi NCR
789,KIA SONET,KIA,2023,70770,Petrol,Manual,13085,741000.0,3,Delhi NCR
790,Honda Amaze,Honda,2015,74628,Petrol,Manual,5714,217000.0,11,Delhi NCR
791,Ford Ecosport,Ford,2016,71072,Petrol,Auto,8809,396000.0,10,Delhi NCR
792,Nissan Micra Active,Nissan,2018,50586,Petrol,Manual,4590,260000.0,8,Delhi NCR
793,Hyundai Grand i10,Hyundai,2016,68250,Petrol,Manual,6050,272000.0,10,Delhi NCR
794,Maruti Dzire,Maruti,2018,49715,Petrol,Manual,6938,393000.0,8,Delhi NCR
795,Honda City,Honda,2016,67735,Petrol,Auto,8724,392000.0,10,Delhi NCR
796,Honda WR-V,Honda,2017,73082,Petrol,Manual,7904,404000.0,9,Delhi NCR
797,Hyundai Grand i10,Hyundai,2018,42839,Petrol,Manual,5808,329000.0,8,Delhi NCR
798,Honda Amaze,Honda,2017,64204,Petrol,Manual,6295,322000.0,9,Delhi NCR
799,Maruti Alto K10,Maruti,2015,38989,Petrol,Manual,5398,204999.99999999997,11,Delhi NCR
800,Hyundai i10,Hyundai,2015,75430,Petrol,Manual,5188,197000.0,11,Delhi NCR
801,Maruti Swift,Maruti,2015,28712,Petrol,Manual,8111,308000.0,11,Delhi NCR
802,Maruti Ciaz,Maruti,2015,92340,Petrol,Manual,9210,350000.0,11,Delhi NCR
803,Honda Amaze,Honda,2019,59641,Petrol,Manual,7767,440000.00000000006,7,Delhi NCR
804,Honda City,Honda,2016,91157,Petrol,Manual,8097,364000.0,10,Delhi NCR
805,Hyundai Grand i10,Hyundai,2017,62191,Petrol,Manual,5627,288000.0,9,Delhi NCR
806,Hyundai NEW SANTRO,Hyundai,2022,46996,CNG,Manual,7418,420000.0,4,Delhi NCR
807,Maruti Celerio,Maruti,2015,40792,Petrol,Auto,6557,249000.00000000003,11,Delhi NCR
808,Honda City,Honda,2016,65297,Petrol,Auto,9947,447000.0,10,Delhi NCR
809,Honda City,Honda,2014,53327,Petrol,Manual,10197,307000.0,12,Delhi NCR
810,Hyundai NEW SANTRO,Hyundai,2022,15796,Petrol,Auto,7598,430000.0,4,Delhi NCR
811,Maruti Celerio,Maruti,2016,66324,Petrol,Manual,5094,229000.0,10,Delhi NCR
812,Hyundai Grand i10,Hyundai,2015,43553,Petrol,Manual,6794,258000.0,11,Delhi NCR
813,Maruti Swift Dzire,Maruti,2014,54963,Petrol,Manual,8138,245000.00000000003,12,Delhi NCR
814,Renault Kwid,Renault,2017,41654,Petrol,Manual,4164,213000.0,9,Delhi NCR
815,Honda Jazz,Honda,2016,94262,Petrol,Manual,5494,247000.00000000003,10,Delhi NCR
816,Maruti Swift Dzire,Maruti,2015,46995,Petrol,Manual,6373,242000.0,11,Delhi NCR
817,Maruti Ciaz,Maruti,2017,94660,Petrol,Manual,7722,395000.0,9,Delhi NCR
818,Maruti New Wagon-R,Maruti,2023,33092,CNG,Manual,8157,462000.0,3,Delhi NCR
819,Hyundai Elite i20,Hyundai,2017,71613,Petrol,Manual,7155,366000.0,9,Delhi NCR
820,Hyundai Verna,Hyundai,2017,54792,Petrol,Auto,12238,626000.0,9,Delhi NCR
821,Maruti Wagon R 1.0,Maruti,2014,74033,Petrol,Manual,5381,162000.0,12,Delhi NCR
822,Hyundai VENUE,Hyundai,2020,50605,Petrol,Auto,11651,660000.0,6,Delhi NCR
823,Maruti Celerio,Maruti,2016,86564,Petrol,Auto,5339,240000.0,10,Delhi NCR
824,Hyundai Xcent,Hyundai,2016,84195,Petrol,Manual,5750,258000.0,10,Delhi NCR
825,Honda Amaze,Honda,2016,67123,Petrol,Manual,5828,262000.0,10,Delhi NCR
826,Maruti Wagon R 1.0,Maruti,2015,47105,Petrol,Manual,5056,192000.0,11,Delhi NCR
827,Maruti Swift,Maruti,2016,43067,Petrol,Manual,6874,309000.0,10,Delhi NCR
828,Honda City,Honda,2016,90298,CNG,Manual,14946,450000.0,10,Delhi NCR
829,Tata NEXON,Tata,2023,21216,Petrol,Manual,16115,941000.0,3,Delhi NCR
830,Maruti Wagon R 1.0,Maruti,2014,65448,Petrol,Manual,6344,191000.0,12,Delhi NCR
831,Hyundai Grand i10,Hyundai,2014,72675,Petrol,Manual,7805,235000.0,12,Delhi NCR
832,Maruti Baleno,Maruti,2016,94575,Petrol,Manual,7741,348000.0,10,Delhi NCR
833,Maruti Swift,Maruti,2015,39861,Petrol,Manual,7268,276000.0,11,Delhi NCR
834,Maruti Wagon R 1.0,Maruti,2014,32154,Petrol,Manual,5713,172000.0,12,Delhi NCR
835,Maruti Baleno,Maruti,2016,81162,Petrol,Manual,6896,310000.0,10,Delhi NCR
836,Hyundai Elite i20,Hyundai,2015,78784,Petrol,Manual,9401,357000.0,11,Delhi NCR
837,Hyundai Grand i10,Hyundai,2014,17274,Petrol,Manual,7274,219000.0,12,Delhi NCR
838,Hyundai AURA,Hyundai,2020,76765,Petrol,Manual,7967,451000.0,6,Delhi NCR
839,Maruti Wagon R 1.0,Maruti,2015,39871,Petrol,Manual,6161,234000.0,11,Delhi NCR
840,Hyundai Grand i10,Hyundai,2015,73514,Petrol,Manual,6162,234000.0,11,Delhi NCR
841,Hyundai Xcent,Hyundai,2014,97811,Petrol,Manual,7174,216000.0,12,Delhi NCR
842,Maruti Wagon R 1.0,Maruti,2014,99256,CNG,Manual,15282,172000.0,12,Delhi NCR
843,Maruti Swift Dzire,Maruti,2014,49364,Petrol,Manual,7805,235000.0,12,Delhi NCR
844,Maruti Alto K10,Maruti,2015,55739,Petrol,Manual,4872,185000.0,11,Delhi NCR
845,Maruti Swift,Maruti,2016,64708,Petrol,Manual,6785,305000.0,10,Delhi NCR
846,Hyundai Grand i10,Hyundai,2015,61896,Petrol,Manual,6610,250999.99999999997,11,Delhi NCR
847,Hyundai Grand i10,Hyundai,2016,51058,Petrol,Manual,6584,296000.0,10,Delhi NCR
848,Hyundai Grand i10,Hyundai,2015,37293,Petrol,Manual,6531,248000.0,11,Delhi NCR
849,Maruti Wagon R 1.0,Maruti,2016,62792,CNG,Manual,7639,229999.99999999997,10,Delhi NCR
850,Honda Amaze,Honda,2014,35055,Petrol,Manual,8104,244000.0,12,Delhi NCR
851,Maruti Wagon R 1.0,Maruti,2014,58574,Petrol,Manual,5713,172000.0,12,Delhi NCR
852,Hyundai i10,Hyundai,2016,58512,Petrol,Manual,4760,214000.0,10,Delhi NCR
853,Hyundai Grand i10,Hyundai,2015,51234,Petrol,Manual,6815,259000.0,11,Delhi NCR
854,Maruti Ertiga,Maruti,2016,25159,Petrol,Manual,11703,526000.0,10,Delhi NCR
855,Hyundai Grand i10,Hyundai,2014,15578,Petrol,Manual,8569,258000.0,12,Delhi NCR
856,Maruti Swift Dzire,Maruti,2014,63567,Petrol,Manual,7473,225000.0,12,Delhi NCR
857,Maruti Baleno,Maruti,2016,43646,Petrol,Manual,7185,323000.0,10,Delhi NCR
858,Hyundai Grand i10,Hyundai,2015,56717,Petrol,Manual,5951,225999.99999999997,11,Delhi NCR
859,Hyundai i10,Hyundai,2015,66370,Petrol,Manual,5056,192000.0,11,Delhi NCR
860,Honda Amaze,Honda,2014,73012,Petrol,Manual,7241,218000.00000000003,12,Delhi NCR
861,Honda Amaze,Honda,2014,70399,Petrol,Manual,7052,212000.0,12,Delhi NCR
862,Hyundai Grand i10,Hyundai,2016,85455,Petrol,Manual,6006,270000.0,10,Delhi NCR
863,Hyundai Grand i10,Hyundai,2014,33354,Petrol,Manual,8160,246000.0,12,Delhi NCR
864,Honda City,Honda,2014,52843,Petrol,Manual,11293,340000.0,12,Delhi NCR
865,Toyota Etios,Toyota,2014,59486,Petrol,Manual,7141,215000.0,12,Delhi NCR
866,Honda Amaze,Honda,2014,42045,Petrol,Manual,8270,249000.00000000003,12,Delhi NCR
867,Hyundai i10,Hyundai,2014,35058,Petrol,Manual,6145,185000.0,12,Delhi NCR
868,Maruti Baleno,Maruti,2017,93326,Petrol,Auto,6843,350000.0,9,Delhi NCR
869,Hyundai i10,Hyundai,2014,72015,Petrol,Manual,5547,167000.0,12,Delhi NCR
870,Maruti Celerio,Maruti,2015,46926,Petrol,Auto,7215,274000.0,11,Delhi NCR
871,Maruti Swift Dzire,Maruti,2015,61121,Petrol,Manual,7795,296000.0,11,Delhi NCR
872,Honda Amaze,Honda,2014,55014,Petrol,Manual,7374,222000.00000000003,12,Delhi NCR
873,Honda Amaze,Honda,2016,92186,Petrol,Manual,5979,269000.0,10,Delhi NCR
874,Maruti Alto K10,Maruti,2016,64491,Petrol,Manual,4471,200999.99999999997,10,Delhi NCR
875,Hyundai Grand i10,Hyundai,2014,62932,Petrol,Manual,8065,243000.00000000003,12,Delhi NCR
876,Maruti Alto K10,Maruti,2015,72630,Petrol,Manual,6121,231999.99999999997,11,Delhi NCR
877,Honda Amaze,Honda,2014,71263,Petrol,Manual,8237,248000.0,12,Delhi NCR
878,Hyundai Grand i10,Hyundai,2015,54384,Petrol,Manual,6346,241000.0,11,Delhi NCR
879,Maruti Swift,Maruti,2016,59608,Petrol,Manual,6295,283000.0,10,Delhi NCR
880,Maruti Wagon R 1.0,Maruti,2014,59265,Petrol,Manual,6244,188000.0,12,Delhi NCR
881,Honda Amaze,Honda,2014,41297,Petrol,Manual,7573,227999.99999999997,12,Delhi NCR
882,Maruti Celerio,Maruti,2014,77017,Petrol,Manual,6743,202999.99999999997,12,Delhi NCR
883,Hyundai i10,Hyundai,2013,60984,Petrol,Auto,8461,180000.0,13,Delhi NCR
884,Hyundai Grand i10,Hyundai,2014,72415,Petrol,Manual,8270,249000.00000000003,12,Delhi NCR
885,Honda City,Honda,2014,70800,Petrol,Manual,11725,353000.0,12,Delhi NCR
886,Maruti Wagon R 1.0,Maruti,2014,75577,Petrol,Manual,6588,198000.0,12,Delhi NCR
887,Hyundai Grand i10,Hyundai,2015,55078,Petrol,Manual,6820,259000.0,11,Delhi NCR
888,Hyundai Grand i10,Hyundai,2015,87337,Petrol,Manual,6583,250000.0,11,Delhi NCR
889,Maruti Wagon R 1.0,Maruti,2014,60043,Petrol,Manual,6377,192000.0,12,Delhi NCR
890,Hyundai i10,Hyundai,2014,38066,Petrol,Manual,5705,172000.0,12,Delhi NCR
891,KIA SONET,KIA,2020,65301,Diesel,Auto,21891,847000.0000000001,6,Delhi NCR
892,Tata NEXON,Tata,2023,17910,Petrol,Manual,14324,836999.9999999999,3,Delhi NCR
893,Hyundai GRAND I10 NIOS,Hyundai,2020,40710,CNG,Manual,8116,459999.99999999994,6,Delhi NCR
894,Hyundai EXTER,Hyundai,2023,80793,CNG,Manual,11884,673000.0,3,Delhi NCR
895,Hyundai Grand i10,Hyundai,2015,81963,Petrol,Manual,5549,211000.0,11,Delhi NCR
896,KIA SONET,KIA,2021,42480,Petrol,Manual,11553,654000.0,5,Delhi NCR
897,Maruti Swift,Maruti,2020,77176,Petrol,Manual,7410,420000.0,6,Delhi NCR
898,Hyundai NEW I20,Hyundai,2023,26119,Petrol,Auto,13947,790000.0,3,Delhi NCR
899,Honda City,Honda,2015,92761,Petrol,Auto,12176,462000.0,11,Delhi NCR
900,Hyundai Creta,Hyundai,2017,36922,Petrol,Manual,12402,634000.0,9,Delhi NCR
901,Tata TIGOR,Tata,2022,65676,CNG,Manual,9468,536000.0,4,Delhi NCR
902,KIA SELTOS,KIA,2019,64002,Petrol,Manual,16394,957000.0,7,Delhi NCR
903,Maruti Swift,Maruti,2017,64841,Petrol,Manual,5961,305000.0,9,Delhi NCR
904,Honda Amaze,Honda,2019,87979,Petrol,Manual,8368,474000.0,7,Delhi NCR
905,Tata NEXON,Tata,2018,52722,Petrol,Manual,7081,401000.0,8,Delhi NCR
906,Renault Kwid,Renault,2017,50004,Petrol,Auto,4615,236000.0,9,Delhi NCR
907,Maruti Baleno,Maruti,2018,81033,Petrol,Auto,8305,470000.0,8,Delhi NCR
908,Hyundai i10,Hyundai,2014,65308,Petrol,Manual,6547,197000.0,12,Delhi NCR
909,Hyundai NEW I20 N LINE,Hyundai,2024,27493,Petrol,Auto,15508,906000.0,2,Delhi NCR
910,Mahindra TUV300,Mahindra,2017,36639,Diesel,Manual,32874,370000.0,9,Delhi NCR
911,Maruti Swift,Maruti,2018,31171,Petrol,Manual,5737,325000.0,8,Delhi NCR
912,Tata PUNCH,Tata,2023,43088,Petrol,Manual,6967,395000.0,3,Delhi NCR
913,Tata PUNCH,Tata,2022,41245,Petrol,Manual,8209,465000.00000000006,4,Delhi NCR
914,Maruti Wagon R 1.0,Maruti,2017,184995,Petrol,Manual,4785,215000.0,9,Delhi NCR
915,Maruti Alto 800,Maruti,2013,97500,Petrol,Manual,6072,129000.0,13,Delhi NCR
916,Tata Zest,Tata,2016,107374,Petrol,Manual,4382,197000.0,10,Delhi NCR
917,Datsun Redi Go,Datsun,2018,62691,Petrol,Manual,2560,145000.0,8,Delhi NCR
918,Maruti Celerio,Maruti,2015,167165,Petrol,Manual,5688,216000.0,11,Delhi NCR
919,Maruti Wagon R 1.0,Maruti,2017,109000,Petrol,Manual,5494,247000.00000000003,9,Delhi NCR
920,Maruti Swift,Maruti,2013,194099,Petrol,Manual,9132,194000.0,13,Delhi NCR
921,Volkswagen Polo,Volkswagen,2020,95573,Diesel,Manual,5267,200000.0,6,Delhi NCR
922,Hyundai i10,Hyundai,2012,106133,Petrol,Manual,10306,115999.99999999999,14,Delhi NCR
923,Volkswagen Polo,Volkswagen,2014,73547,Petrol,Manual,8702,262000.0,12,Delhi NCR
924,Maruti Swift,Maruti,2013,40164,Petrol,Manual,11228,239000.0,13,Delhi NCR
925,Maruti Wagon R 1.0,Maruti,2015,68378,Petrol,Manual,3950,150000.0,11,Delhi NCR
926,Maruti Alto 800,Maruti,2014,105285,Petrol,Manual,3820,114999.99999999999,12,Delhi NCR
927,Maruti Swift,Maruti,2018,112201,Petrol,Manual,6651,299000.0,8,Delhi NCR
928,Hyundai Eon,Hyundai,2017,39991,Petrol,Manual,3930,200999.99999999997,9,Delhi NCR
929,Hyundai i20,Hyundai,2012,32524,Petrol,Manual,13683,154000.0,14,Delhi NCR
930,Tata PUNCH,Tata,2023,14954,Petrol,Manual,10574,599000.0,3,Delhi NCR
931,Maruti Swift,Maruti,2017,335367,Diesel,Manual,22301,250999.99999999997,9,Delhi NCR
932,Maruti Wagon R 1.0,Maruti,2017,30222,Petrol,Manual,5748,294000.0,9,Delhi NCR
933,Maruti Swift,Maruti,2015,69316,Petrol,Manual,7584,288000.0,11,Delhi NCR
934,Maruti Wagon R 1.0,Maruti,2012,74098,Petrol,Manual,10928,123000.0,14,Delhi NCR
935,Tata TIGOR,Tata,2019,37961,Petrol,Manual,5967,338000.0,7,Delhi NCR
936,Maruti Wagon R 1.0,Maruti,2016,99525,Petrol,Manual,5494,247000.00000000003,10,Delhi NCR
937,Honda Amaze,Honda,2018,65499,Petrol,Manual,7308,413999.99999999994,8,Delhi NCR
938,Renault Duster,Renault,2014,86921,Petrol,Manual,7241,218000.00000000003,12,Delhi NCR
939,Hyundai Grand i10,Hyundai,2014,15746,Petrol,Manual,7772,234000.0,12,Delhi NCR
940,Maruti Alto K10,Maruti,2017,91825,Petrol,Manual,4594,235000.0,9,Delhi NCR
941,Mahindra TUV300,Mahindra,2016,90604,Diesel,Manual,4594,372000.0,10,Delhi NCR
942,Maruti Celerio,Maruti,2017,182857,Petrol,Manual,5672,254999.99999999997,9,Delhi NCR
943,Mahindra TUV300,Mahindra,2016,57199,Diesel,Manual,5672,350000.0,10,Delhi NCR
944,Maruti Swift,Maruti,2019,25000,Petrol,Manual,6143,348000.0,7,Delhi NCR
945,Renault TRIBER,Renault,2022,32392,Petrol,Manual,9074,513999.99999999994,4,Delhi NCR
946,Maruti Wagon R 1.0,Maruti,2014,66401,Petrol,Manual,4982,150000.0,12,Delhi NCR
947,Hyundai Grand i10,Hyundai,2014,74708,Petrol,Manual,5646,170000.0,12,Delhi NCR
948,Hyundai Grand i10,Hyundai,2016,72920,Petrol,Manual,4872,219000.0,10,Delhi NCR
949,Maruti Wagon R 1.0,Maruti,2018,102711,Petrol,Manual,7229,325000.0,8,Delhi NCR
950,Volkswagen Polo,Volkswagen,2021,54358,Petrol,Auto,10786,611000.0,5,Delhi NCR
951,Maruti Ertiga,Maruti,2024,29275,Petrol,Manual,18835,1100000.0,2,Delhi NCR
952,Maruti Celerio,Maruti,2014,124860,Petrol,Manual,6410,193000.0,12,Delhi NCR
953,Hyundai i10,Hyundai,2015,22972,Petrol,Manual,5293,200999.99999999997,11,Delhi NCR
954,Renault Kwid,Renault,2021,17871,Petrol,Manual,4413,250000.0,5,Delhi NCR
955,Renault Kwid,Renault,2015,43412,Petrol,Manual,3055,115999.99999999999,11,Delhi NCR
956,Mahindra Kuv100,Mahindra,2017,58000,Petrol,Manual,4223,216000.0,9,Delhi NCR
957,Hyundai Grand i10,Hyundai,2014,100428,Petrol,Manual,7141,215000.0,12,Delhi NCR
958,Hyundai i10,Hyundai,2013,20220,Petrol,Manual,13228,281000.0,13,Delhi NCR
959,Volkswagen Vento,Volkswagen,2018,84972,Petrol,Auto,9427,534000.0,8,Delhi NCR
960,Maruti Dzire,Maruti,2019,72932,Petrol,Auto,7061,400000.0,7,Delhi NCR
961,Nissan MAGNITE,Nissan,2021,15328,Petrol,Manual,7873,446000.0,5,Delhi NCR
962,Hyundai i20,Hyundai,2012,108001,Petrol,Manual,9862,111000.00000000001,14,Delhi NCR
963,Nissan MAGNITE,Nissan,2021,40493,Petrol,Auto,10486,594000.0,5,Delhi NCR
964,Maruti Baleno,Maruti,2017,100115,Petrol,Manual,8141,366000.0,9,Delhi NCR
965,Honda Brio,Honda,2012,51015,Petrol,Manual,13327,150000.0,14,Delhi NCR
966,Ford Ecosport,Ford,2017,109852,Petrol,Manual,7096,319000.0,9,Delhi NCR
967,Renault Kiger,Renault,2021,13890,Petrol,Manual,5578,316000.0,5,Delhi NCR
968,Honda Amaze,Honda,2015,106151,Petrol,Manual,6504,247000.00000000003,11,Delhi NCR
969,Maruti New Wagon-R,Maruti,2019,55582,Petrol,Manual,6302,357000.0,7,Delhi NCR
970,Maruti Ciaz,Maruti,2016,92609,Diesel,Manual,6302,221000.0,10,Delhi NCR
971,Hyundai i20,Hyundai,2011,68382,Petrol,Manual,6302,105000.0,15,Delhi NCR
972,Ford Ecosport,Ford,2016,57941,Diesel,Manual,6302,304000.0,10,Delhi NCR
973,Tata Tiago,Tata,2018,75756,Petrol,Manual,3425,194000.0,8,Delhi NCR
974,Hyundai Creta,Hyundai,2017,115423,Diesel,Manual,35451,399000.0,9,Delhi NCR
975,Tata NEXON,Tata,2024,14456,Petrol,Auto,14075,822000.0000000001,2,Delhi NCR
976,Honda City,Honda,2014,61767,Petrol,Manual,13153,396000.0,12,Delhi NCR
977,Tata PUNCH,Tata,2025,21160,Petrol,Manual,12339,699000.0,1,Delhi NCR
978,Honda Jazz,Honda,2015,86721,Petrol,Manual,6636,252000.0,11,Delhi NCR
979,Honda Amaze,Honda,2015,136833,Petrol,Manual,6926,263000.0,11,Delhi NCR
980,Maruti Swift,Maruti,2019,171337,Petrol,Manual,8898,400000.0,7,Delhi NCR
981,Nissan MAGNITE,Nissan,2021,45525,Petrol,Manual,6426,364000.0,5,Delhi NCR
982,Honda WR-V,Honda,2020,91938,Petrol,Manual,9497,538000.0,6,Delhi NCR
983,Ford Ecosport,Ford,2018,72263,Diesel,Manual,22089,469000.00000000006,8,Delhi NCR
984,Hyundai Elite i20,Hyundai,2018,79190,Petrol,Manual,6743,382000.0,8,Delhi NCR
985,Tata Tiago,Tata,2018,69743,Petrol,Auto,5649,320000.0,8,Delhi NCR
986,Honda City,Honda,2015,66453,Petrol,Manual,10060,382000.0,11,Delhi NCR
987,Ford Ecosport,Ford,2018,45952,Diesel,Manual,21513,457000.0,8,Delhi NCR
988,Maruti Baleno,Maruti,2023,70799,Petrol,Manual,7714,437000.0,3,Delhi NCR
989,Hyundai Eon,Hyundai,2016,93443,Petrol,Manual,2558,114999.99999999999,10,Delhi NCR
990,Ford Ecosport,Ford,2016,103250,Diesel,Manual,2558,333000.0,10,Delhi NCR
991,Maruti New Wagon-R,Maruti,2019,210850,Petrol,Manual,7363,331000.0,7,Delhi NCR
992,Honda Amaze,Honda,2017,83890,Diesel,Manual,29764,335000.0,9,Delhi NCR
993,Honda Amaze,Honda,2017,85099,Petrol,Manual,7194,368000.0,9,Delhi NCR
994,Maruti New Wagon-R,Maruti,2023,32770,Petrol,Manual,8650,490000.00000000006,3,Delhi NCR
995,Volkswagen Vento,Volkswagen,2013,106443,Petrol,Manual,6025,128000.0,13,Delhi NCR
996,Renault Kwid,Renault,2017,52481,Petrol,Manual,2717,139000.0,9,Delhi NCR
997,Jeep Compass,Jeep,2017,134446,Petrol,Auto,17503,805000.0000000001,9,Delhi NCR
998,Maruti IGNIS,Maruti,2018,45026,Petrol,Auto,5931,336000.0,8,Delhi NCR
999,Ford Ecosport,Ford,2016,84602,Diesel,Manual,5931,325000.0,10,Delhi NCR
1000,Honda Jazz,Honda,2017,69198,Petrol,Manual,4868,249000.00000000003,9,Delhi NCR
1001,Tata Zest,Tata,2015,42176,Petrol,Manual,4345,165000.0,11,Delhi NCR
1002,Maruti Baleno,Maruti,2020,51599,Petrol,Manual,8032,455000.0,6,Delhi NCR
1003,Maruti Baleno,Maruti,2022,44480,Petrol,Manual,9780,554000.0,4,Delhi NCR
1004,Tata Hexa,Tata,2018,63287,Diesel,Manual,26502,563000.0,8,Delhi NCR
1005,Maruti Vitara Brezza,Maruti,2019,116171,Diesel,Manual,16939,509999.99999999994,7,Delhi NCR
1006,Maruti Celerio,Maruti,2020,86805,Petrol,Manual,5967,338000.0,6,Delhi NCR
1007,Mahindra BOLERO NEO,Mahindra,2023,21815,Diesel,Manual,16557,967000.0,3,Delhi NCR
1008,Maruti Celerio,Maruti,2018,97108,Petrol,Manual,5172,293000.0,8,Delhi NCR
1009,Hyundai Elite i20,Hyundai,2016,76501,Petrol,Manual,5806,261000.0,10,Delhi NCR
1010,Hyundai GRAND I10 NIOS,Hyundai,2022,36572,Petrol,Manual,8897,504000.0,4,Delhi NCR
1011,Maruti Grand Vitara,Maruti,2023,5540,Petrol,Manual,14948,873000.0,3,Delhi NCR
1012,Renault Kwid,Renault,2016,89225,Petrol,Manual,2336,105000.0,10,Delhi NCR
1013,Nissan Sunny,Nissan,2018,65000,Petrol,Manual,4131,234000.0,8,Delhi NCR
1014,Tata Tiago,Tata,2019,44126,Petrol,Manual,4572,259000.0,7,Delhi NCR
1015,Hyundai GRAND I10 NIOS,Hyundai,2023,26523,Petrol,Manual,10239,580000.0,3,Delhi NCR
1016,Maruti Ciaz,Maruti,2016,97215,Petrol,Manual,6673,300000.0,10,Delhi NCR
1017,Hyundai Verna,Hyundai,2021,51547,Diesel,Manual,14726,662000.0,5,Delhi NCR
1018,Honda WR-V,Honda,2018,49988,Petrol,Manual,7961,451000.0,8,Delhi NCR
1019,Datsun Go,Datsun,2018,17414,Petrol,Manual,2913,165000.0,8,Delhi NCR
1020,Honda WR-V,Honda,2018,78915,Diesel,Manual,22077,469000.00000000006,8,Delhi NCR
1021,Maruti Swift,Maruti,2017,35161,Petrol,Manual,6256,320000.0,9,Delhi NCR
1022,Ford Ecosport,Ford,2019,112149,Diesel,Manual,16973,511000.00000000006,7,Delhi NCR
1023,Maruti SX4,Maruti,2011,91348,Petrol,Manual,16973,108000.0,15,Delhi NCR
1024,Volkswagen Polo,Volkswagen,2011,75931,Petrol,Manual,16973,84000.0,15,Delhi NCR
1025,Hyundai Grand i10,Hyundai,2015,13712,Petrol,Manual,8269,314000.0,11,Delhi NCR
1026,Hyundai Verna,Hyundai,2017,104893,Diesel,Auto,33763,380000.0,9,Delhi NCR
1027,Maruti S PRESSO,Maruti,2020,3798,Petrol,Manual,5949,337000.0,6,Delhi NCR
1028,Maruti Swift,Maruti,2018,63738,Petrol,Manual,5596,317000.0,8,Delhi NCR
1029,Maruti Swift,Maruti,2018,86398,Petrol,Manual,5614,318000.0,8,Delhi NCR
1030,Honda City,Honda,2015,110862,Petrol,Manual,10771,409000.0,11,Delhi NCR
1031,Maruti Swift,Maruti,2021,59774,Petrol,Manual,5967,338000.0,5,Delhi NCR
1032,Honda Amaze,Honda,2018,72961,Petrol,Manual,5702,323000.0,8,Delhi NCR
1033,Maruti Baleno,Maruti,2023,39312,Petrol,Manual,8279,469000.00000000006,3,Delhi NCR
1034,Hyundai ALCAZAR,Hyundai,2022,89036,Petrol,Auto,21454,1253000.0,4,Delhi NCR
1035,Honda City,Honda,2011,114966,Petrol,Manual,21454,131000.0,15,Delhi NCR
1036,Hyundai Santro Xing,Hyundai,2012,69744,Petrol,Manual,7463,84000.0,14,Delhi NCR
1037,Maruti Wagon R 1.0,Maruti,2011,53777,Petrol,Manual,7463,94000.0,15,Delhi NCR
1038,Tata TIGOR,Tata,2017,68864,Petrol,Manual,4536,231999.99999999997,9,Delhi NCR
1039,Volkswagen Vento,Volkswagen,2011,106164,Petrol,Manual,4536,97000.0,15,Delhi NCR
1040,Mahindra XUV500,Mahindra,2018,69642,Diesel,Manual,20948,445000.0,8,Delhi NCR
1041,Maruti Baleno,Maruti,2019,62264,Petrol,Manual,7008,397000.0,7,Delhi NCR
1042,Hyundai VENUE,Hyundai,2023,29032,Petrol,Manual,11986,679000.0,3,Delhi NCR
1043,Hyundai i10,Hyundai,2012,106808,Petrol,Manual,11106,125000.0,14,Delhi NCR
1044,Tata ALTROZ,Tata,2021,34393,Petrol,Manual,6584,373000.0,5,Delhi NCR
1045,Mahindra Kuv100,Mahindra,2016,52724,Diesel,Manual,6584,106000.0,10,Delhi NCR
1046,Hyundai Verna,Hyundai,2022,54818,Petrol,Manual,14468,844999.9999999999,4,Delhi NCR
1047,Maruti Baleno,Maruti,2019,37340,Petrol,Manual,7291,413000.0,7,Delhi NCR
1048,Honda City,Honda,2011,146072,Petrol,Manual,7291,108000.0,15,Delhi NCR
1049,Maruti Swift,Maruti,2020,27368,Petrol,Manual,6592,373000.0,6,Delhi NCR
1050,Maruti Swift Dzire,Maruti,2014,82562,Petrol,Manual,7805,235000.0,12,Delhi NCR
1051,Hyundai i20,Hyundai,2011,76084,Petrol,Manual,7805,133000.0,15,Delhi NCR
1052,Maruti Swift,Maruti,2018,75533,Petrol,Manual,6390,362000.0,8,Delhi NCR
1053,Maruti Baleno,Maruti,2016,104731,Petrol,Auto,6139,276000.0,10,Delhi NCR
1054,Tata NEXON,Tata,2025,7130,Petrol,Manual,13822,783000.0,1,Delhi NCR
1055,Maruti Swift Dzire,Maruti,2017,106394,Petrol,Manual,8876,399000.0,9,Delhi NCR
1056,Maruti Vitara Brezza,Maruti,2018,25003,Diesel,Auto,25890,550000.0,8,Delhi NCR
1057,Maruti Alto 800,Maruti,2012,73530,Petrol,Manual,6575,74000.0,14,Delhi NCR
1058,Hyundai Accent,Hyundai,2013,162984,Petrol,Manual,4378,93000.0,13,Delhi NCR
1059,Hyundai Santro Xing,Hyundai,2013,114412,Petrol,Manual,5931,126000.0,13,Delhi NCR
1060,Chevrolet Spark,Chevrolet,2011,106605,Petrol,Manual,5931,47000.0,15,Delhi NCR
1061,Maruti Swift,Maruti,2011,114535,Petrol,Manual,5931,110000.00000000001,15,Delhi NCR
1062,Hyundai i10,Hyundai,2011,120355,Petrol,Manual,5931,71000.0,15,Delhi NCR
1063,Maruti Swift Dzire,Maruti,2013,141926,Petrol,Manual,10827,229999.99999999997,13,Delhi NCR
1064,Renault Kwid,Renault,2015,55201,Petrol,Manual,7584,288000.0,11,Delhi NCR
1065,Renault Kiger,Renault,2022,41541,Petrol,Manual,6532,370000.0,4,Delhi NCR
1066,Maruti FRONX,Maruti,2024,12664,Petrol,Manual,11810,669000.0,2,Delhi NCR
1067,Maruti S Cross,Maruti,2016,108261,Diesel,Manual,11810,307000.0,10,Delhi NCR
1068,Tata NEXON,Tata,2022,28275,Petrol,Auto,13698,800000.0,4,Delhi NCR
1069,Mahindra Kuv100,Mahindra,2016,68317,Petrol,Manual,3515,158000.0,10,Delhi NCR
1070,Maruti Baleno,Maruti,2015,96901,Petrol,Manual,6373,242000.0,11,Delhi NCR
1071,Renault Duster,Renault,2019,47573,Petrol,Auto,11015,624000.0,7,Delhi NCR
1072,Hyundai Grand i10,Hyundai,2019,98211,Petrol,Manual,6037,342000.0,7,Delhi NCR
1073,KIA SONET,KIA,2020,54646,Petrol,Manual,9532,540000.0,6,Delhi NCR
1074,Maruti Wagon R 1.0,Maruti,2011,134547,Petrol,Manual,9532,75000.0,15,Delhi NCR
1075,Maruti Alto K10,Maruti,2011,140172,Petrol,Manual,9532,100000.0,15,Delhi NCR
1076,Hyundai Santro Xing,Hyundai,2014,138510,Petrol,Manual,3886,117000.0,12,Delhi NCR
1077,Tata Tiago,Tata,2019,15842,Petrol,Manual,6267,355000.0,7,Delhi NCR
1078,Renault Kiger,Renault,2022,42458,Petrol,Manual,6532,370000.0,4,Delhi NCR
1079,Renault Kwid,Renault,2016,79385,Petrol,Manual,3047,137000.0,10,Delhi NCR
1080,Datsun Redi Go,Datsun,2016,64874,Petrol,Manual,2158,97000.0,10,Delhi NCR
1081,Mahindra Kuv100,Mahindra,2016,36948,Petrol,Manual,3559,160000.0,10,Delhi NCR
1082,Tata TIGOR,Tata,2017,44904,Petrol,Manual,5376,275000.0,9,Delhi NCR
1083,Hyundai Elite i20,Hyundai,2015,48129,Petrol,Manual,6425,244000.0,11,Delhi NCR
1084,Hyundai Verna,Hyundai,2021,22236,Petrol,Manual,13698,800000.0,5,Delhi NCR
1085,Volkswagen Polo,Volkswagen,2015,57308,Petrol,Manual,7637,290000.0,11,Delhi NCR
1086,Tata NEXON,Tata,2023,13207,Petrol,Auto,17705,1034000.0,3,Delhi NCR
1087,Mahindra TUV300,Mahindra,2017,97104,Diesel,Manual,26122,294000.0,9,Delhi NCR
1088,Maruti Eeco,Maruti,2011,168112,Petrol,Manual,26122,94000.0,15,Delhi NCR
1089,Hyundai Grand i10,Hyundai,2017,84785,Petrol,Auto,6940,355000.0,9,Delhi NCR
1090,Renault TRIBER,Renault,2019,91203,Petrol,Manual,5190,294000.0,7,Delhi NCR
1091,Tata ALTROZ,Tata,2021,55454,Petrol,Manual,6249,354000.0,5,Delhi NCR
1092,Maruti Alto 800,Maruti,2013,123066,Petrol,Manual,8050,171000.0,13,Delhi NCR
1093,Hyundai EXTER,Hyundai,2023,37328,Petrol,Manual,11280,639000.0,3,Delhi NCR
1094,Mahindra Kuv100,Mahindra,2016,78589,Diesel,Manual,11280,165000.0,10,Delhi NCR
1095,Maruti Alto,Maruti,2011,20783,Petrol,Manual,11280,89000.0,15,Delhi NCR
1096,Maruti Swift,Maruti,2018,88941,Petrol,Manual,5631,319000.0,8,Delhi NCR
1097,Mahindra Thar,Mahindra,2021,18527,Petrol,Manual,18663,1090000.0,5,Delhi NCR
1098,Tata TIGOR,Tata,2017,130768,Diesel,Manual,14660,165000.0,9,Delhi NCR
1099,Maruti Swift,Maruti,2015,168652,Petrol,Manual,7163,272000.0,11,Delhi NCR
1100,Maruti Swift Dzire,Maruti,2013,121451,Petrol,Manual,9697,206000.0,13,Delhi NCR
1101,Honda Amaze,Honda,2014,95056,Petrol,Manual,8436,254000.0,12,Delhi NCR
1102,Maruti Celerio,Maruti,2014,61516,Petrol,Manual,5480,165000.0,12,Delhi NCR
1103,Datsun Go Plus,Datsun,2015,73863,Petrol,Manual,3555,135000.0,11,Delhi NCR
1104,Hyundai i10,Hyundai,2012,98693,Petrol,Manual,12261,138000.0,14,Delhi NCR
1105,Toyota Corolla Altis,Toyota,2016,69210,Petrol,Auto,8609,387000.0,10,Delhi NCR
1106,Skoda Rapid,Skoda,2018,238612,Diesel,Manual,17982,382000.0,8,Delhi NCR
1107,Maruti Swift Dzire,Maruti,2014,113645,Petrol,Manual,9300,280000.0,12,Delhi NCR
1108,Tata Tiago,Tata,2019,100609,Petrol,Manual,7719,347000.0,7,Delhi NCR
1109,KIA SONET,KIA,2022,29249,Petrol,Manual,11792,668000.0,4,Delhi NCR
1110,Maruti Swift,Maruti,2015,164560,Petrol,Manual,7479,284000.0,11,Delhi NCR
1111,Hyundai Creta,Hyundai,2022,81844,Diesel,Manual,21642,1137000.0,4,Delhi NCR
1112,Maruti Wagon R 1.0,Maruti,2018,103532,Petrol,Manual,4605,206999.99999999997,8,Delhi NCR
1113,Hyundai Creta,Hyundai,2018,57354,Petrol,Manual,12304,697000.0,8,Delhi NCR
1114,Hyundai Eon,Hyundai,2018,64981,Petrol,Manual,2983,169000.0,8,Delhi NCR
1115,Maruti Swift Dzire,Maruti,2014,87798,Petrol,Manual,8270,249000.00000000003,12,Delhi NCR
1116,Hyundai NEW SANTRO,Hyundai,2020,139977,Petrol,Manual,6874,309000.0,6,Delhi NCR
1117,Maruti Swift Dzire,Maruti,2014,63383,Petrol,Manual,8436,254000.0,12,Delhi NCR
1118,Maruti Swift Dzire,Maruti,2012,183866,Petrol,Manual,16348,184000.0,14,Delhi NCR
1119,Honda Brio,Honda,2013,161078,Petrol,Auto,9179,195000.0,13,Delhi NCR
1120,Ford Figo Aspire,Ford,2017,61651,Petrol,Manual,4536,231999.99999999997,9,Delhi NCR
1121,Maruti Swift Dzire,Maruti,2014,95477,Petrol,Manual,8304,250000.0,12,Delhi NCR
1122,Maruti Swift Dzire,Maruti,2013,83672,Petrol,Manual,12427,264000.0,13,Delhi NCR
1123,Hyundai NEW SANTRO,Hyundai,2018,21650,Petrol,Manual,4413,250000.0,8,Delhi NCR
1124,Maruti Swift,Maruti,2014,99802,Petrol,Manual,8603,259000.0,12,Delhi NCR
1125,Mahindra Thar,Mahindra,2023,31288,Petrol,Auto,18749,1095000.0,3,Delhi NCR
1126,Maruti Swift Dzire,Maruti,2013,52418,Petrol,Manual,9556,202999.99999999997,13,Delhi NCR
1127,Honda Amaze,Honda,2013,63020,Petrol,Manual,10403,221000.0,13,Delhi NCR
1128,Maruti Wagon R 1.0,Maruti,2013,69454,Petrol,Manual,8614,183000.0,13,Delhi NCR
1129,Maruti Celerio,Maruti,2015,69411,Petrol,Manual,5793,220000.00000000003,11,Delhi NCR
1130,Maruti Wagon R 1.0,Maruti,2015,77661,Petrol,Manual,5662,215000.0,11,Delhi NCR
1131,Tata Safari,Tata,2022,92914,Diesel,Auto,29503,1550000.0,4,Delhi NCR
1132,Maruti Swift Dzire,Maruti,2014,81145,Petrol,Manual,9765,294000.0,12,Delhi NCR
1133,Hyundai i10,Hyundai,2012,112773,Petrol,Manual,9685,109000.00000000001,14,Delhi NCR
1134,Hyundai i10,Hyundai,2014,68636,Petrol,Manual,7506,225999.99999999997,12,Delhi NCR
1135,Maruti Swift Dzire,Maruti,2014,136852,Petrol,Manual,8304,250000.0,12,Delhi NCR
1136,Maruti Alto 800,Maruti,2018,51893,Petrol,Manual,2913,165000.0,8,Delhi NCR
1137,Hyundai Xcent,Hyundai,2016,103009,Petrol,Manual,3248,146000.0,10,Delhi NCR
1138,Hyundai Elite i20,Hyundai,2014,97821,Petrol,Manual,7174,216000.0,12,Delhi NCR
1139,Maruti Swift,Maruti,2014,104860,Petrol,Manual,8337,250999.99999999997,12,Delhi NCR
1140,Renault Kwid,Renault,2019,26991,Petrol,Manual,3672,208000.0,7,Delhi NCR
1141,Skoda KUSHAQ,Skoda,2022,22140,Petrol,Auto,14052,796000.0,4,Delhi NCR
1142,Maruti Swift Dzire,Maruti,2014,78560,Petrol,Manual,7473,225000.0,12,Delhi NCR
1143,Mahindra Thar,Mahindra,2022,83960,Petrol,Auto,17122,1000000.0,4,Delhi NCR
1144,KIA SELTOS,KIA,2023,20220,Petrol,Manual,21797,1273000.0,3,Delhi NCR
1145,Mahindra TUV300,Mahindra,2017,46008,Diesel,Manual,37583,423000.00000000006,9,Delhi NCR
1146,Tata Tiago,Tata,2017,67125,Diesel,Manual,12350,139000.0,9,Delhi NCR
1147,Maruti Swift Dzire,Maruti,2015,46657,Petrol,Manual,10033,381000.0,11,Delhi NCR
1148,Jeep Compass,Jeep,2017,85456,Diesel,Manual,50555,569000.0,9,Delhi NCR
1149,Hyundai i10,Hyundai,2012,101926,Petrol,Manual,11106,125000.0,14,Delhi NCR
1150,Hyundai i10,Hyundai,2013,196471,Petrol,Manual,6826,145000.0,13,Delhi NCR
1151,Maruti Wagon R 1.0,Maruti,2013,129323,Petrol,Manual,8520,181000.0,13,Delhi NCR
1152,Maruti Swift,Maruti,2015,99198,Petrol,Manual,5003,190000.0,11,Delhi NCR
1153,Honda Brio,Honda,2013,113472,Petrol,Manual,7249,154000.0,13,Delhi NCR
1154,Honda City,Honda,2018,69643,Petrol,Manual,7926,449000.0,8,Delhi NCR
1155,Maruti Swift Dzire,Maruti,2015,120838,Petrol,Manual,6057,229999.99999999997,11,Delhi NCR
1156,Maruti Wagon R 1.0,Maruti,2017,135100,Petrol,Manual,6473,291000.0,9,Delhi NCR
1157,Maruti Wagon R 1.0,Maruti,2013,112462,Petrol,Manual,10403,221000.0,13,Delhi NCR
1158,Hyundai i10,Hyundai,2012,110893,Petrol,Manual,14561,164000.0,14,Delhi NCR
1159,Tata NEXON,Tata,2018,68997,Petrol,Manual,7118,320000.0,8,Delhi NCR
1160,Maruti Alto 800,Maruti,2016,135293,Petrol,Manual,3337,150000.0,10,Delhi NCR
1161,Maruti Wagon R 1.0,Maruti,2015,108295,Petrol,Manual,5346,202999.99999999997,11,Delhi NCR
1162,Maruti New Wagon-R,Maruti,2022,35768,Petrol,Manual,6461,366000.0,4,Delhi NCR
1163,Honda Accord,Honda,2011,74106,Petrol,Manual,6461,176000.0,15,Delhi NCR
1164,Maruti Swift,Maruti,2018,50225,Petrol,Manual,6125,347000.0,8,Delhi NCR
1165,Volkswagen Polo,Volkswagen,2014,68819,Petrol,Manual,6402,193000.0,12,Delhi NCR
1166,Volkswagen Polo,Volkswagen,2015,179459,Petrol,Manual,6636,252000.0,11,Delhi NCR
1167,Hyundai i10,Hyundai,2012,56231,Petrol,Manual,9240,104000.0,14,Delhi NCR
1168,Skoda KUSHAQ,Skoda,2022,31405,Petrol,Manual,11704,663000.0,4,Delhi NCR
1169,Tata ALTROZ,Tata,2021,104665,Petrol,Manual,6918,311000.0,5,Delhi NCR
1170,Maruti Swift Dzire,Maruti,2013,52980,Petrol,Manual,13510,287000.0,13,Delhi NCR
1171,Maruti Wagon R 1.0,Maruti,2013,103685,Petrol,Manual,8191,174000.0,13,Delhi NCR
1172,Hyundai Eon,Hyundai,2012,90387,Petrol,Manual,9685,109000.00000000001,14,Delhi NCR
1173,Maruti Swift,Maruti,2018,108654,Petrol,Manual,7519,338000.0,8,Delhi NCR
1174,Maruti Wagon R 1.0,Maruti,2014,79321,Petrol,Manual,6444,194000.0,12,Delhi NCR
1175,Maruti Wagon R 1.0,Maruti,2015,107151,Petrol,Manual,5267,200000.0,11,Delhi NCR
1176,Hyundai VENUE,Hyundai,2019,59073,Petrol,Manual,11986,679000.0,7,Delhi NCR
1177,Maruti Ciaz,Maruti,2016,105201,Diesel,Manual,11986,240000.0,10,Delhi NCR
1178,Honda Amaze,Honda,2018,61973,Petrol,Manual,6090,345000.0,8,Delhi NCR
1179,KIA CARENS,KIA,2024,15956,Petrol,Manual,17773,1038000.0000000001,2,Delhi NCR
1180,Maruti Swift Dzire,Maruti,2016,107567,Petrol,Manual,6228,280000.0,10,Delhi NCR
1181,Hyundai Creta,Hyundai,2018,62440,Petrol,Manual,12357,700000.0,8,Delhi NCR
1182,Maruti Swift Dzire,Maruti,2013,127348,Petrol,Manual,10592,225000.0,13,Delhi NCR
1183,Tata Tiago,Tata,2017,93774,Petrol,Manual,4575,234000.0,9,Delhi NCR
1184,KIA SONET,KIA,2020,108917,Petrol,Manual,11122,500000.0,6,Delhi NCR
1185,Toyota Etios,Toyota,2012,150238,Petrol,Manual,14571,164000.0,14,Delhi NCR
1186,Honda Civic,Honda,2019,117940,Petrol,Auto,19177,882000.0,7,Delhi NCR
1187,Hyundai Eon,Hyundai,2012,148939,Petrol,Manual,8618,97000.0,14,Delhi NCR
1188,Hyundai i10,Hyundai,2012,52295,Petrol,Manual,10751,121000.0,14,Delhi NCR
1189,Tata NEXON,Tata,2018,30763,Petrol,Manual,6320,358000.0,8,Delhi NCR
1190,Maruti Alto 800,Maruti,2013,32655,Petrol,Manual,7061,150000.0,13,Delhi NCR
1191,Hyundai Verna,Hyundai,2012,24551,Petrol,Manual,19014,214000.0,14,Delhi NCR
1192,Maruti Wagon R 1.0,Maruti,2014,61412,Petrol,Manual,6842,206000.0,12,Delhi NCR
1193,Volkswagen Polo,Volkswagen,2013,74264,Petrol,Manual,6732,143000.0,13,Delhi NCR
1194,Tata NEXON,Tata,2018,46334,Petrol,Manual,10486,594000.0,8,Delhi NCR
1195,Maruti Swift,Maruti,2014,66748,Petrol,Manual,7241,218000.00000000003,12,Delhi NCR
1196,Tata NEXON,Tata,2019,49629,Petrol,Auto,7061,400000.0,7,Delhi NCR
1197,Honda Civic,Honda,2020,58221,Petrol,Auto,17394,800000.0,6,Delhi NCR
1198,Maruti Swift Dzire,Maruti,2012,70236,Petrol,Manual,14927,168000.0,14,Delhi NCR
1199,Maruti Swift Dzire,Maruti,2014,91856,Petrol,Manual,9964,300000.0,12,Delhi NCR
1200,Maruti Swift,Maruti,2017,54515,Petrol,Manual,6549,335000.0,9,Delhi NCR
1201,Hyundai i10,Hyundai,2014,36192,Petrol,Manual,7706,231999.99999999997,12,Delhi NCR
1202,Maruti Wagon R 1.0,Maruti,2014,109004,Petrol,Manual,7407,223000.0,12,Delhi NCR
1203,Maruti Baleno,Maruti,2021,81818,Petrol,Manual,6938,393000.0,5,Delhi NCR
1204,Maruti Wagon R 1.0,Maruti,2015,99402,Petrol,Manual,5346,202999.99999999997,11,Delhi NCR
1205,Maruti Wagon R 1.0,Maruti,2015,93801,Petrol,Manual,5899,224000.00000000003,11,Delhi NCR
1206,Maruti Baleno,Maruti,2016,136857,Petrol,Manual,22503,1035000.0,10,Delhi NCR
1207,Maruti Wagon R 1.0,Maruti,2014,122095,Petrol,Manual,7673,231000.0,12,Delhi NCR
1208,Maruti Ciaz,Maruti,2015,222492,Petrol,Manual,7321,278000.0,11,Delhi NCR
1209,KIA SELTOS,KIA,2024,33850,Diesel,Manual,18013,1052000.0,2,Delhi NCR
1210,Maruti Wagon R 1.0,Maruti,2014,104309,Petrol,Manual,6111,184000.0,12,Delhi NCR
1211,Maruti Wagon R 1.0,Maruti,2015,60757,Petrol,Manual,5267,200000.0,11,Delhi NCR
1212,Maruti Swift,Maruti,2017,109369,Petrol,Manual,8097,364000.0,9,Delhi NCR
1213,Tata Tigor Buzz,Tata,2018,123509,Petrol,Manual,4560,204999.99999999997,8,Delhi NCR
1214,Hyundai i10,Hyundai,2012,66888,Petrol,Manual,11639,131000.0,14,Delhi NCR
1215,Maruti Wagon R 1.0,Maruti,2016,66899,Petrol,Manual,6540,294000.0,10,Delhi NCR
1216,Maruti Swift Dzire,Maruti,2016,167949,Petrol,Manual,4516,202999.99999999997,10,Delhi NCR
1217,Datsun Go,Datsun,2016,53197,Petrol,Manual,2336,105000.0,10,Delhi NCR
1218,Maruti Swift Dzire,Maruti,2014,103123,Petrol,Manual,7872,237000.0,12,Delhi NCR
1219,Hyundai i10,Hyundai,2012,73657,Petrol,Manual,8441,95000.0,14,Delhi NCR
1220,Hyundai i10,Hyundai,2012,54228,Petrol,Manual,10662,120000.0,14,Delhi NCR
1221,Honda Brio,Honda,2013,61063,Petrol,Manual,7908,168000.0,13,Delhi NCR
1222,Renault Kwid,Renault,2016,100413,Petrol,Manual,2758,124000.0,10,Delhi NCR
1223,Renault TRIBER,Renault,2019,71752,Petrol,Manual,5225,296000.0,7,Delhi NCR
1224,Maruti Wagon R 1.0,Maruti,2015,53200,Petrol,Manual,4082,155000.0,11,Delhi NCR
1225,Datsun Go,Datsun,2015,81991,Petrol,Manual,2897,110000.00000000001,11,Delhi NCR
1226,Hyundai Eon,Hyundai,2015,65478,Petrol,Manual,4845,184000.0,11,Delhi NCR
1227,Tata NEXON,Tata,2018,50400,Petrol,Manual,10256,581000.0,8,Delhi NCR
1228,Maruti Wagon R 1.0,Maruti,2014,96799,Petrol,Manual,7008,211000.0,12,Delhi NCR
1229,Maruti Swift Dzire,Maruti,2013,67884,Petrol,Manual,10450,222000.00000000003,13,Delhi NCR
1230,Maruti Wagon R 1.0,Maruti,2013,49107,Petrol,Manual,8002,170000.0,13,Delhi NCR
1231,Maruti Wagon R 1.0,Maruti,2015,84516,Petrol,Manual,5451,206999.99999999997,11,Delhi NCR
1232,Renault Kwid,Renault,2017,37663,Petrol,Manual,4301,220000.00000000003,9,Delhi NCR
1233,Hyundai NEW I20,Hyundai,2022,33131,Petrol,Manual,10786,611000.0,4,Delhi NCR
1234,Maruti Wagon R 1.0,Maruti,2014,119093,Petrol,Manual,6975,210000.0,12,Delhi NCR
1235,Tata TIGOR,Tata,2017,168368,Petrol,Manual,4872,219000.0,9,Delhi NCR
1236,Hyundai Eon,Hyundai,2012,155707,Petrol,Manual,7019,79000.0,14,Delhi NCR
1237,KIA SELTOS,KIA,2019,71224,Petrol,Manual,12269,695000.0,7,Delhi NCR
1238,Hyundai Grand i10,Hyundai,2014,80328,Petrol,Manual,6643,200000.0,12,Delhi NCR
1239,Hyundai NEW I20,Hyundai,2022,28226,Petrol,Manual,10080,571000.0,4,Delhi NCR
1240,Maruti Swift Dzire,Maruti,2012,78722,Petrol,Manual,13238,149000.0,14,Delhi NCR
1241,Hyundai Eon,Hyundai,2012,120375,Petrol,Manual,7463,84000.0,14,Delhi NCR
1242,Maruti Alto,Maruti,2020,41133,Petrol,Manual,4131,234000.0,6,Delhi NCR
1243,Hyundai Eon,Hyundai,2012,71350,Petrol,Manual,8618,97000.0,14,Delhi NCR
1244,Maruti Swift Dzire,Maruti,2014,94756,Petrol,Manual,8237,248000.0,12,Delhi NCR
1245,Maruti Swift,Maruti,2017,90452,Petrol,Manual,6901,353000.0,9,Delhi NCR
1246,Renault TRIBER,Renault,2020,95161,Petrol,Manual,5296,300000.0,6,Delhi NCR
1247,Hyundai i10,Hyundai,2014,66668,Petrol,Manual,4883,147000.0,12,Delhi NCR
1248,Mahindra XUV700,Mahindra,2022,65052,Diesel,Manual,20290,1066000.0,4,Delhi NCR
1249,Hyundai i10,Hyundai,2012,120304,Petrol,Manual,7108,80000.0,14,Delhi NCR
1250,Hyundai Grand i10,Hyundai,2013,97840,Petrol,Manual,7579,161000.0,13,Delhi NCR
1251,Hyundai Verna,Hyundai,2012,99528,Petrol,Manual,13238,149000.0,14,Delhi NCR
1252,Maruti Wagon R 1.0,Maruti,2014,228770,Petrol,Manual,7075,213000.0,12,Delhi NCR
1253,Maruti Wagon R 1.0,Maruti,2012,51663,Petrol,Manual,13238,149000.0,14,Delhi NCR
1254,Hyundai Grand i10,Hyundai,2014,56077,Petrol,Manual,7540,227000.0,12,Delhi NCR
1255,Maruti Swift,Maruti,2015,167038,Petrol,Manual,6583,250000.0,11,Delhi NCR
1256,Maruti Wagon R 1.0,Maruti,2013,51500,Petrol,Manual,8897,189000.0,13,Delhi NCR
1257,Maruti Swift,Maruti,2018,70006,Petrol,Manual,6532,370000.0,8,Delhi NCR
1258,Maruti Swift,Maruti,2014,81265,Petrol,Manual,6344,191000.0,12,Delhi NCR
1259,Hyundai i10,Hyundai,2012,32130,Petrol,Manual,13061,147000.0,14,Delhi NCR
1260,Maruti Alto K10,Maruti,2012,114016,Petrol,Manual,7197,81000.0,14,Delhi NCR
1261,Maruti Alto 800,Maruti,2015,11849,Petrol,Manual,5398,204999.99999999997,11,Delhi NCR
1262,Maruti Alto 800,Maruti,2014,50659,Petrol,Manual,5879,177000.0,12,Delhi NCR
1263,Maruti Alto 800,Maruti,2012,106460,Petrol,Manual,7197,81000.0,14,Delhi NCR
1264,Honda Amaze,Honda,2014,115247,Petrol,Manual,7673,231000.0,12,Delhi NCR
1265,Maruti Alto K10,Maruti,2012,52734,Petrol,Manual,9151,103000.0,14,Delhi NCR
1266,Maruti Wagon R 1.0,Maruti,2016,122910,Petrol,Manual,5672,254999.99999999997,10,Delhi NCR
1267,Maruti Alto 800,Maruti,2014,67258,Petrol,Manual,4550,137000.0,12,Delhi NCR
1268,Maruti Swift Dzire,Maruti,2014,226000,Petrol,Manual,7573,227999.99999999997,12,Delhi NCR
1269,Honda Accord,Honda,2013,89026,Petrol,Auto,11486,244000.0,13,Delhi NCR
1270,Volkswagen Ameo,Volkswagen,2017,44349,Diesel,Manual,32074,361000.0,9,Delhi NCR
1271,Maruti Swift Dzire,Maruti,2016,85810,Petrol,Manual,4805,216000.0,10,Delhi NCR
1272,Honda Brio,Honda,2013,64427,Petrol,Manual,7202,153000.0,13,Delhi NCR
1273,Maruti Swift,Maruti,2022,80670,Petrol,Manual,7891,447000.0,4,Delhi NCR
1274,Hyundai i20,Hyundai,2013,65861,Petrol,Manual,7579,161000.0,13,Delhi NCR
1275,Hyundai Verna,Hyundai,2012,137640,Petrol,Manual,17237,194000.0,14,Delhi NCR
1276,Tata Tiago,Tata,2016,72622,Diesel,Manual,17237,198000.0,10,Delhi NCR
1277,Maruti Wagon R 1.0,Maruti,2015,37240,Petrol,Manual,6294,239000.0,11,Delhi NCR
1278,Maruti Alto 800,Maruti,2017,30878,Petrol,Manual,5212,267000.0,9,Delhi NCR
1279,Hyundai i20,Hyundai,2013,69108,Petrol,Manual,6590,140000.0,13,Delhi NCR
1280,Honda Jazz,Honda,2018,51956,Petrol,Manual,6073,344000.0,8,Delhi NCR
1281,Hyundai Verna,Hyundai,2017,91774,Petrol,Manual,9404,480999.99999999994,9,Delhi NCR
1282,Tata Tiago,Tata,2017,114011,Petrol,Manual,4048,182000.0,9,Delhi NCR
1283,Maruti Ritz,Maruti,2014,94920,Petrol,Manual,6444,194000.0,12,Delhi NCR
1284,Maruti FRONX,Maruti,2023,55753,Petrol,Manual,13766,803999.9999999999,3,Delhi NCR
1285,Maruti IGNIS,Maruti,2017,135799,Petrol,Manual,5561,250000.0,9,Delhi NCR
1286,Honda Brio,Honda,2013,72832,Petrol,Manual,7014,149000.0,13,Delhi NCR
1287,Honda Amaze,Honda,2014,87714,Petrol,Manual,7307,220000.00000000003,12,Delhi NCR
1288,Maruti Wagon R 1.0,Maruti,2017,70623,Petrol,Manual,4829,247000.00000000003,9,Delhi NCR
1289,Tata PUNCH,Tata,2022,18063,Petrol,Manual,9074,513999.99999999994,4,Delhi NCR
1290,Tata NEXON,Tata,2018,138930,Diesel,Manual,20195,429000.0,8,Delhi NCR
1291,Volkswagen Ameo,Volkswagen,2018,54685,Petrol,Manual,5614,318000.0,8,Delhi NCR
1292,Hyundai Grand i10,Hyundai,2014,75999,Petrol,Manual,7374,222000.00000000003,12,Delhi NCR
1293,Renault Kwid,Renault,2018,74811,Petrol,Manual,3177,180000.0,8,Delhi NCR
1294,Hyundai i10,Hyundai,2012,12359,Petrol,Manual,14305,161000.0,14,Delhi NCR
1295,Audi A4,Audi,2010,67536,Petrol,Auto,14305,244000.0,16,Delhi NCR
1296,Maruti Swift,Maruti,2015,48972,Petrol,Manual,7136,271000.0,11,Delhi NCR
1297,Honda Amaze,Honda,2015,74445,Petrol,Manual,7479,284000.0,11,Delhi NCR
1298,Maruti Alto K10,Maruti,2012,39835,Petrol,Manual,10928,123000.0,14,Delhi NCR
1299,Maruti S Cross,Maruti,2018,46403,Diesel,Manual,29138,619000.0,8,Delhi NCR
1300,Maruti Swift,Maruti,2014,70847,Petrol,Manual,6643,200000.0,12,Delhi NCR
1301,Hyundai i10,Hyundai,2015,53774,Petrol,Manual,4292,163000.0,11,Delhi NCR
1302,Maruti Baleno,Maruti,2020,56560,Petrol,Manual,6549,371000.0,6,Delhi NCR
1303,Hyundai Verna,Hyundai,2011,57216,Petrol,Auto,6549,149000.0,15,Delhi NCR
1304,Maruti New Wagon-R,Maruti,2020,80333,Petrol,Manual,5596,317000.0,6,Delhi NCR
1305,Skoda KUSHAQ,Skoda,2021,50689,Petrol,Manual,11827,670000.0,5,Delhi NCR
1306,Maruti Ciaz,Maruti,2022,46235,Petrol,Manual,10057,570000.0,4,Delhi NCR
1307,Hyundai Eon,Hyundai,2014,75434,Petrol,Manual,3753,112999.99999999999,12,Delhi NCR
1308,Hyundai i10,Hyundai,2012,105977,Petrol,Manual,7996,90000.0,14,Delhi NCR
1309,Maruti Alto K10,Maruti,2012,50016,Petrol,Manual,9151,103000.0,14,Delhi NCR
1310,Hyundai i10,Hyundai,2012,106118,Petrol,Manual,9418,106000.0,14,Delhi NCR
1311,Mahindra XUV 3XO,Mahindra,2024,13656,Petrol,Manual,12357,700000.0,2,Delhi NCR
1312,Ford Figo Aspire,Ford,2017,78322,Petrol,Manual,4938,222000.00000000003,9,Delhi NCR
1313,Honda City,Honda,2012,72752,Petrol,Manual,12439,140000.0,14,Delhi NCR
1314,Ford Figo Aspire,Ford,2017,73543,Diesel,Manual,25766,290000.0,9,Delhi NCR
1315,Tata TIGOR,Tata,2021,40242,Petrol,Manual,6620,375000.0,5,Delhi NCR
1316,Maruti Ciaz,Maruti,2015,211498,Petrol,Manual,7505,285000.0,11,Delhi NCR
1317,Honda Amaze,Honda,2015,49676,Petrol,Manual,4213,160000.0,11,Delhi NCR
1318,Maruti Alto 800,Maruti,2015,32483,Petrol,Manual,3950,150000.0,11,Delhi NCR
1319,Maruti Baleno,Maruti,2016,59530,Petrol,Manual,6050,272000.0,10,Delhi NCR
1320,Mahindra Kuv100,Mahindra,2016,41600,Petrol,Manual,3448,155000.0,10,Delhi NCR
1321,Hyundai i20,Hyundai,2013,102079,Petrol,Manual,9838,209000.0,13,Delhi NCR
1322,Maruti Wagon R 1.0,Maruti,2014,102858,Petrol,Manual,7971,240000.0,12,Delhi NCR
1323,Maruti Swift Dzire,Maruti,2013,111139,Petrol,Manual,7061,150000.0,13,Delhi NCR
1324,Maruti Swift,Maruti,2018,170878,Petrol,Manual,7341,330000.0,8,Delhi NCR
1325,Maruti S PRESSO,Maruti,2021,68608,Petrol,Manual,4766,270000.0,5,Delhi NCR
1326,Honda Amaze,Honda,2014,66423,Petrol,Manual,8802,265000.0,12,Delhi NCR
1327,Maruti Celerio,Maruti,2018,93785,Petrol,Manual,4131,234000.0,8,Delhi NCR
1328,Maruti Wagon R 1.0,Maruti,2015,120795,Petrol,Manual,5056,192000.0,11,Delhi NCR
1329,Renault Duster,Renault,2016,130615,Diesel,Auto,5056,337000.0,10,Delhi NCR
1330,Honda Brio,Honda,2013,60581,Petrol,Manual,7908,168000.0,13,Delhi NCR
1331,Mahindra Kuv100,Mahindra,2016,99692,Diesel,Manual,7908,145000.0,10,Delhi NCR
1332,Maruti Alto K10,Maruti,2012,59180,Petrol,Manual,8618,97000.0,14,Delhi NCR
1333,Tata NEXON,Tata,2025,8148,Petrol,Manual,14537,849000.0,1,Delhi NCR
1334,Maruti Celerio,Maruti,2015,40344,Petrol,Manual,5793,220000.00000000003,11,Delhi NCR
1335,Tata Tiago,Tata,2019,118640,Petrol,Manual,5784,260000.0,7,Delhi NCR
1336,Hyundai Grand i10,Hyundai,2014,157003,Petrol,Manual,9533,287000.0,12,Delhi NCR
1337,Honda Amaze,Honda,2022,34536,Petrol,Auto,10768,610000.0,4,Delhi NCR
1338,Maruti Vitara Brezza,Maruti,2016,178502,Diesel,Manual,10768,426000.0,10,Delhi NCR
1339,Honda Jazz,Honda,2017,78189,Petrol,Manual,5865,300000.0,9,Delhi NCR
1340,Datsun Redi Go,Datsun,2017,61110,Petrol,Manual,3636,186000.0,9,Delhi NCR
1341,Hyundai Grand i10,Hyundai,2014,89626,Petrol,Manual,5746,173000.0,12,Delhi NCR
1342,Hyundai Xcent,Hyundai,2015,81200,Petrol,Manual,4345,165000.0,11,Delhi NCR
1343,Maruti Wagon R 1.0,Maruti,2016,245068,Petrol,Manual,4137,186000.0,10,Delhi NCR
1344,Maruti Celerio,Maruti,2016,45632,Diesel,Manual,4137,145000.0,10,Delhi NCR
1345,Tata Nano,Tata,2012,37180,Petrol,Manual,2754,31000.0,14,Delhi NCR
1346,Hyundai Santro Xing,Hyundai,2010,53607,Petrol,Manual,2754,114999.99999999999,16,Delhi NCR
1347,Tata Tiago,Tata,2017,81259,Diesel,Manual,20613,231999.99999999997,9,Delhi NCR
1348,Hyundai Grand i10,Hyundai,2015,68350,Petrol,Manual,5082,193000.0,11,Delhi NCR
1349,Maruti Vitara Brezza,Maruti,2021,60214,Petrol,Manual,8844,501000.0,5,Delhi NCR
1350,Maruti Alto 800,Maruti,2017,36122,Petrol,Manual,4203,215000.0,9,Delhi NCR
1351,Hyundai Eon,Hyundai,2012,74629,Petrol,Manual,7730,87000.0,14,Delhi NCR
1352,Volkswagen Polo,Volkswagen,2013,141416,Petrol,Manual,8332,177000.0,13,Delhi NCR
1353,Volkswagen TAIGUN,Volkswagen,2023,48358,Petrol,Auto,20204,1180000.0,3,Delhi NCR
1354,Maruti Alto 800,Maruti,2014,55239,Petrol,Manual,4085,123000.0,12,Delhi NCR
1355,Maruti Alto 800,Maruti,2018,56548,Petrol,Manual,3566,202000.0,8,Delhi NCR
1356,Maruti Alto K10,Maruti,2014,56908,Petrol,Auto,5813,175000.0,12,Delhi NCR
1357,Hyundai Elite i20,Hyundai,2016,56200,Petrol,Manual,6028,271000.0,10,Delhi NCR
1358,Maruti Ciaz,Maruti,2015,143775,Petrol,Manual,6820,259000.0,11,Delhi NCR
1359,Maruti Alto 800,Maruti,2017,29754,Petrol,Manual,3793,194000.0,9,Delhi NCR
1360,Honda Amaze,Honda,2014,60340,Petrol,Manual,8304,250000.0,12,Delhi NCR
1361,Maruti Alto K10,Maruti,2018,122705,Petrol,Manual,4894,220000.00000000003,8,Delhi NCR
1362,Maruti Alto 800,Maruti,2014,89998,Petrol,Manual,3720,112000.00000000001,12,Delhi NCR
1363,Maruti Swift Dzire,Maruti,2012,91745,Petrol,Manual,13772,155000.0,14,Delhi NCR
1364,Honda Amaze,Honda,2014,75327,Petrol,Manual,7805,235000.0,12,Delhi NCR
1365,Maruti Alto 800,Maruti,2017,90115,Petrol,Manual,4066,208000.0,9,Delhi NCR
1366,Renault Kwid,Renault,2016,9717,Petrol,Manual,4137,186000.0,10,Delhi NCR
1367,Maruti Wagon R 1.0,Maruti,2012,74546,Petrol,Manual,11284,127000.0,14,Delhi NCR
1368,Honda Amaze,Honda,2018,110035,Petrol,Manual,6896,310000.0,8,Delhi NCR
1369,Maruti Alto K10,Maruti,2018,51613,Petrol,Manual,4290,243000.00000000003,8,Delhi NCR
1370,Skoda Superb,Skoda,2011,47719,Petrol,Manual,4290,218000.00000000003,15,Delhi NCR
1371,Maruti Grand Vitara,Maruti,2023,5870,Petrol,Manual,17722,1035000.0,3,Delhi NCR
1372,Maruti Grand Vitara,Maruti,2023,19498,Petrol,Auto,18595,1086000.0,3,Delhi NCR
1373,Mahindra TUV300,Mahindra,2017,59259,Diesel,Manual,39982,450000.0,9,Delhi NCR
1374,Hyundai Eon,Hyundai,2012,35976,Petrol,Manual,10222,114999.99999999999,14,Delhi NCR
1375,Tata Tiago,Tata,2016,56797,Diesel,Manual,10222,162000.0,10,Delhi NCR
1376,Hyundai i10,Hyundai,2012,50288,Petrol,Manual,9685,109000.00000000001,14,Delhi NCR
1377,Hyundai Xcent,Hyundai,2017,121051,Diesel,Manual,20702,233000.0,9,Delhi NCR
1378,Renault Kwid,Renault,2016,92357,Petrol,Manual,3003,135000.0,10,Delhi NCR
1379,Maruti Wagon R 1.0,Maruti,2012,49635,Petrol,Manual,12083,136000.0,14,Delhi NCR
1380,Honda Accord,Honda,2011,100251,Petrol,Manual,12083,220000.00000000003,15,Delhi NCR
1381,Tata TIGOR,Tata,2021,41149,Petrol,Manual,6885,390000.0,5,Delhi NCR
1382,Maruti Vitara Brezza,Maruti,2016,157164,Diesel,Manual,6885,480000.0,10,Delhi NCR
1383,Hyundai Eon,Hyundai,2014,98788,Petrol,Manual,3753,112999.99999999999,12,Delhi NCR
1384,Honda Amaze,Honda,2014,72635,Petrol,Manual,8569,258000.0,12,Delhi NCR
1385,Hyundai Eon,Hyundai,2014,96673,Petrol,Manual,3953,119000.0,12,Delhi NCR
1386,Hyundai i10,Hyundai,2012,191272,Petrol,Manual,10484,118000.0,14,Delhi NCR
1387,Maruti Swift,Maruti,2017,142057,Petrol,Manual,7897,355000.0,9,Delhi NCR
1388,Hyundai i10,Hyundai,2013,66666,Petrol,Manual,5884,125000.0,13,Delhi NCR
1389,Honda Brio,Honda,2014,51490,Petrol,Manual,5414,163000.0,12,Delhi NCR
1390,Maruti Wagon R 1.0,Maruti,2016,67817,Petrol,Manual,4071,183000.0,10,Delhi NCR
1391,Ford Figo Aspire,Ford,2017,245582,Diesel,Manual,15993,180000.0,9,Delhi NCR
1392,Maruti Alto 800,Maruti,2014,65830,Petrol,Manual,4285,129000.0,12,Delhi NCR
1393,Mahindra TUV300,Mahindra,2017,40255,Diesel,Manual,31008,349000.0,9,Delhi NCR
1394,Maruti Alto K10,Maruti,2014,86193,Petrol,Manual,5248,158000.0,12,Delhi NCR
1395,Maruti Wagon R 1.0,Maruti,2016,70835,Petrol,Manual,4449,200000.0,10,Delhi NCR
1396,Maruti Celerio,Maruti,2015,83687,Petrol,Manual,5003,190000.0,11,Delhi NCR
1397,Maruti Grand Vitara,Maruti,2023,24285,Petrol,Manual,16814,982000.0,3,Delhi NCR
1398,Honda Brio,Honda,2012,83427,Petrol,Manual,10928,123000.0,14,Delhi NCR
1399,Tata NEXON,Tata,2018,108438,Petrol,Manual,9454,425000.0,8,Delhi NCR
1400,Hyundai Eon,Hyundai,2016,19633,Petrol,Manual,4182,188000.0,10,Delhi NCR
1401,Volkswagen Polo,Volkswagen,2012,212998,Petrol,Manual,10395,117000.0,14,Delhi NCR
1402,Datsun Go,Datsun,2014,90559,Petrol,Manual,2989,90000.0,12,Delhi NCR
1403,Hyundai Grand i10,Hyundai,2015,62300,Petrol,Manual,7558,287000.0,11,Delhi NCR
1404,Datsun Go Plus,Datsun,2016,33704,Petrol,Manual,2291,103000.0,10,Delhi NCR
1405,Maruti Swift,Maruti,2017,34745,Petrol,Manual,7136,365000.0,9,Delhi NCR
1406,Nissan MAGNITE,Nissan,2022,42000,Petrol,Manual,7944,450000.0,4,Delhi NCR
1407,Tata Tiago,Tata,2018,124823,Petrol,Manual,5161,231999.99999999997,8,Delhi NCR
1408,Maruti Wagon R 1.0,Maruti,2016,92813,Petrol,Manual,5606,252000.0,10,Delhi NCR
1409,Ford Figo Aspire,Ford,2017,123756,Diesel,Manual,19991,225000.0,9,Delhi NCR
1410,Maruti Ritz,Maruti,2012,106868,Petrol,Manual,11284,127000.0,14,Delhi NCR
1411,Maruti Swift Dzire,Maruti,2013,63702,Petrol,Manual,10356,220000.00000000003,13,Delhi NCR
1412,Renault Kwid,Renault,2019,52664,Petrol,Manual,4095,231999.99999999997,7,Delhi NCR
1413,Hyundai Eon,Hyundai,2014,81688,Petrol,Manual,4251,128000.0,12,Delhi NCR
1414,Maruti Swift Dzire,Maruti,2015,147706,Petrol,Manual,6162,234000.0,11,Delhi NCR
1415,Hyundai Verna,Hyundai,2013,67640,Petrol,Manual,9791,208000.0,13,Delhi NCR
1416,Maruti Ciaz,Maruti,2015,136257,Petrol,Manual,9243,351000.0,11,Delhi NCR
1417,Hyundai Grand i10,Hyundai,2015,74302,Petrol,Manual,6452,245000.00000000003,11,Delhi NCR
1418,Hyundai Santro Xing,Hyundai,2011,56838,Petrol,Manual,6452,111000.00000000001,15,Delhi NCR
1419,Maruti Wagon R 1.0,Maruti,2013,142190,Petrol,Manual,6261,133000.0,13,Delhi NCR
1420,Maruti Swift,Maruti,2013,101186,Petrol,Manual,10403,221000.0,13,Delhi NCR
1421,Hyundai Grand i10,Hyundai,2014,46091,Petrol,Manual,7772,234000.0,12,Delhi NCR
1422,Hyundai Eon,Hyundai,2012,83894,Petrol,Manual,6664,75000.0,14,Delhi NCR
1423,Renault Kwid,Renault,2016,90296,Petrol,Manual,3070,138000.0,10,Delhi NCR
1424,Volkswagen Vento,Volkswagen,2015,78589,Petrol,Auto,7505,285000.0,11,Delhi NCR
1425,Hyundai Eon,Hyundai,2014,72504,Petrol,Manual,3820,114999.99999999999,12,Delhi NCR
1426,Honda Civic,Honda,2019,12504,Petrol,Auto,21043,1229000.0,7,Delhi NCR
1427,Honda Amaze,Honda,2014,93522,Petrol,Manual,9034,272000.0,12,Delhi NCR
1428,Honda Brio,Honda,2013,40674,Petrol,Manual,9509,202000.0,13,Delhi NCR
1429,Ford Ecosport,Ford,2013,150000,Petrol,Manual,9509,202000.0,13,Delhi NCR
1430,Maruti Swift Dzire,Maruti,2014,38327,Petrol,Manual,9068,273000.0,12,Delhi NCR
1431,Toyota Etios Liva,Toyota,2012,115930,Petrol,Manual,15371,173000.0,14,Delhi NCR
1432,Hyundai Elite i20,Hyundai,2016,81000,Petrol,Manual,6584,296000.0,10,Delhi NCR
1433,Datsun Go Plus,Datsun,2016,32144,Petrol,Manual,3403,153000.0,10,Delhi NCR
1434,Hyundai i10,Hyundai,2012,92845,Petrol,Manual,8352,94000.0,14,Delhi NCR
1435,Hyundai Eon,Hyundai,2013,52992,Petrol,Manual,3954,84000.0,13,Delhi NCR
1436,Hyundai i10,Hyundai,2012,167655,Petrol,Manual,10751,121000.0,14,Delhi NCR
1437,BMW 3 Series,BMW,2011,57260,Petrol,Auto,10751,237000.0,15,Delhi NCR
1438,Honda City,Honda,2011,55577,Petrol,Manual,10751,109000.00000000001,15,Delhi NCR
1439,Maruti Wagon R 1.0,Maruti,2014,46522,Petrol,Manual,6145,185000.0,12,Delhi NCR
1440,Hyundai VENUE,Hyundai,2021,51068,Petrol,Manual,9709,550000.0,5,Delhi NCR
1441,Maruti Vitara Brezza,Maruti,2016,131904,Diesel,Manual,9709,469000.00000000006,10,Delhi NCR
1442,Hyundai i20,Hyundai,2013,68496,Petrol,Manual,7767,165000.0,13,Delhi NCR
1443,Maruti Swift Dzire,Maruti,2015,93296,Petrol,Manual,5267,200000.0,11,Delhi NCR
1444,Mahindra TUV300,Mahindra,2017,77289,Diesel,Manual,35451,399000.0,9,Delhi NCR
1445,Hyundai i10,Hyundai,2013,79695,Petrol,Manual,5084,108000.0,13,Delhi NCR
1446,Maruti Alto 800,Maruti,2016,100326,Petrol,Manual,3070,138000.0,10,Delhi NCR
1447,Hyundai i10,Hyundai,2011,68387,Petrol,Manual,3070,121000.0,15,Delhi NCR
1448,Maruti Wagon R 1.0,Maruti,2012,79017,Petrol,Manual,10662,120000.0,14,Delhi NCR
1449,Maruti Alto K10,Maruti,2012,42262,Petrol,Manual,12577,142000.0,14,Delhi NCR
1450,Maruti Wagon R 1.0,Maruti,2018,116676,Petrol,Manual,5005,225000.0,8,Delhi NCR
1451,Honda Amaze,Honda,2015,134112,Petrol,Manual,6662,252999.99999999997,11,Delhi NCR
1452,Hyundai i10,Hyundai,2011,62505,Petrol,Manual,6662,141000.0,15,Delhi NCR
1453,Mahindra TUV300,Mahindra,2017,103595,Diesel,Manual,38560,434000.0,9,Delhi NCR
1454,Maruti Wagon R 1.0,Maruti,2016,103604,Petrol,Auto,6117,275000.0,10,Delhi NCR
1455,Hyundai i10,Hyundai,2012,57677,Petrol,Manual,8885,100000.0,14,Delhi NCR
1456,Honda Amaze,Honda,2013,132820,Petrol,Manual,9132,194000.0,13,Delhi NCR
1457,Hyundai i10,Hyundai,2014,82795,Petrol,Manual,4916,148000.0,12,Delhi NCR
1458,Maruti Swift,Maruti,2015,80792,Petrol,Manual,6162,234000.0,11,Delhi NCR
1459,Maruti Wagon R 1.0,Maruti,2012,89163,Petrol,Manual,12172,137000.0,14,Delhi NCR
1460,Mahindra XUV500,Mahindra,2016,131800,Diesel,Manual,12172,300000.0,10,Delhi NCR
1461,Honda City,Honda,2017,58860,Petrol,Manual,9365,479000.0,9,Delhi NCR
1462,Maruti Ertiga,Maruti,2018,91556,Petrol,Manual,6337,359000.0,8,Delhi NCR
1463,Maruti Vitara Brezza,Maruti,2016,89719,Diesel,Manual,6337,367000.0,10,Delhi NCR
1464,Hyundai Grand i10,Hyundai,2015,47272,Petrol,Manual,5504,209000.0,11,Delhi NCR
1465,Maruti Wagon R 1.0,Maruti,2017,159865,Petrol,Manual,6184,278000.0,9,Delhi NCR
1466,Honda Amaze,Honda,2014,90073,Petrol,Manual,8104,244000.0,12,Delhi NCR
1467,Maruti Swift,Maruti,2021,37755,Petrol,Manual,8385,475000.0,5,Delhi NCR
1468,Maruti Swift Dzire,Maruti,2012,104184,Petrol,Manual,13061,147000.0,14,Delhi NCR
1469,Honda Amaze,Honda,2014,61471,Petrol,Manual,8636,260000.0,12,Delhi NCR
1470,Hyundai Grand i10,Hyundai,2014,81664,Petrol,Manual,8104,244000.0,12,Delhi NCR
1471,Maruti Alto 800,Maruti,2017,85400,Petrol,Manual,3910,200000.0,9,Delhi NCR
1472,Maruti Wagon R 1.0,Maruti,2013,62013,Petrol,Manual,6355,135000.0,13,Delhi NCR
1473,Maruti Alto K10,Maruti,2019,45928,Petrol,Manual,4184,237000.0,7,Delhi NCR
1474,Hyundai i20,Hyundai,2012,73865,Petrol,Manual,10306,115999.99999999999,14,Delhi NCR
1475,Maruti Alto 800,Maruti,2014,69560,Petrol,Manual,4650,140000.0,12,Delhi NCR
1476,Honda Jazz,Honda,2015,99459,Petrol,Manual,5741,218000.00000000003,11,Delhi NCR
1477,Toyota Etios,Toyota,2012,150000,Petrol,Manual,9773,110000.00000000001,14,Delhi NCR
1478,Hyundai Grand i10,Hyundai,2013,29493,Petrol,Manual,7579,161000.0,13,Delhi NCR
1479,Tata Zest,Tata,2016,118625,Diesel,Manual,7579,159000.0,10,Delhi NCR
1480,Hyundai Elite i20,Hyundai,2014,76942,Petrol,Manual,10296,310000.0,12,Delhi NCR
1481,Tata TIGOR,Tata,2018,91967,Diesel,Manual,19065,405000.0,8,Delhi NCR
1482,Maruti Wagon R 1.0,Maruti,2016,57313,Petrol,Auto,6740,303000.0,10,Delhi NCR
1483,Volkswagen Polo,Volkswagen,2012,68654,Petrol,Manual,11906,134000.0,14,Delhi NCR
1484,Maruti Wagon R 1.0,Maruti,2013,146306,Petrol,Manual,6684,142000.0,13,Delhi NCR
1485,Maruti Vitara Brezza,Maruti,2017,80943,Diesel,Manual,48689,548000.0,9,Delhi NCR
1486,KIA CARENS,KIA,2024,2741,Petrol,Manual,18253,1066000.0,2,Delhi NCR
1487,Maruti Swift,Maruti,2024,38031,Petrol,Manual,10009,567000.0,2,Delhi NCR
1488,Hyundai i10,Hyundai,2014,65181,Petrol,Manual,6244,188000.0,12,Delhi NCR
1489,Maruti Alto 800,Maruti,2014,70840,Petrol,Manual,4716,142000.0,12,Delhi NCR
1490,Datsun Redi Go,Datsun,2017,15553,Petrol,Manual,3128,160000.0,9,Delhi NCR
1491,Maruti Swift,Maruti,2013,99248,Petrol,Manual,8473,180000.0,13,Delhi NCR
1492,Maruti Wagon R 1.0,Maruti,2011,66071,Petrol,Manual,8473,177000.0,15,Delhi NCR
1493,Honda City,Honda,2010,112253,Petrol,Auto,8473,80000.0,16,Delhi NCR
1494,Maruti Wagon R 1.0,Maruti,2012,118473,Petrol,Manual,9109,103000.0,14,Delhi NCR
1495,Hyundai Grand i10,Hyundai,2015,83601,Petrol,Manual,7373,280000.0,11,Delhi NCR
1496,Hyundai Grand i10,Hyundai,2014,78580,Petrol,Manual,8370,252000.0,12,Delhi NCR
1497,Renault Kwid,Renault,2018,72011,Petrol,Manual,3389,192000.0,8,Delhi NCR
1498,Hyundai i20,Hyundai,2013,91353,Petrol,Manual,7061,150000.0,13,Delhi NCR
1499,Hyundai i10,Hyundai,2014,111104,Petrol,Manual,4318,130000.0,12,Delhi NCR
1500,Hyundai i10,Hyundai,2012,58795,Petrol,Manual,13505,152000.0,14,Delhi NCR
1501,Hyundai Grand i10,Hyundai,2014,104056,Petrol,Manual,7938,239000.0,12,Delhi NCR
1502,Maruti Swift,Maruti,2014,83390,Petrol,Manual,6776,204000.0,12,Delhi NCR
1503,Tata Harrier,Tata,2019,126452,Diesel,Manual,21888,659000.0,7,Delhi NCR
1504,Hyundai Xcent,Hyundai,2014,198026,Petrol,Manual,5414,163000.0,12,Delhi NCR
1505,Maruti Ciaz,Maruti,2015,96815,Petrol,Auto,8295,315000.0,11,Delhi NCR
1506,Hyundai Grand i10,Hyundai,2015,94009,Petrol,Manual,6583,250000.0,11,Delhi NCR
1507,Honda Brio,Honda,2013,94001,Petrol,Manual,6873,146000.0,13,Delhi NCR
1508,Maruti Alto,Maruti,2019,107757,Petrol,Manual,5227,235000.0,7,Delhi NCR
1509,Hyundai Eon,Hyundai,2016,156202,Petrol,Manual,3633,163000.0,10,Delhi NCR
1510,Honda City,Honda,2013,95457,Petrol,Manual,9838,209000.0,13,Delhi NCR
1511,Honda Amaze,Honda,2014,47834,Petrol,Manual,8104,244000.0,12,Delhi NCR
1512,Maruti Swift,Maruti,2013,67790,Petrol,Manual,9509,202000.0,13,Delhi NCR
1513,Hyundai i10,Hyundai,2013,47058,Petrol,Manual,7155,152000.0,13,Delhi NCR
1514,Maruti Wagon R 1.0,Maruti,2013,92549,Petrol,Manual,6826,145000.0,13,Delhi NCR
1515,Ford Figo,Ford,2012,87278,Petrol,Manual,9862,111000.00000000001,14,Delhi NCR
1516,KIA SONET,KIA,2022,74505,Diesel,Auto,15054,770000.0,4,Delhi NCR
1517,Maruti Swift Dzire,Maruti,2013,51475,Petrol,Manual,13651,290000.0,13,Delhi NCR
1518,Renault Kwid,Renault,2016,33224,Petrol,Manual,3737,168000.0,10,Delhi NCR
1519,Ford Figo Aspire,Ford,2017,72871,Diesel,Manual,22479,252999.99999999997,9,Delhi NCR
1520,Honda Brio,Honda,2012,48160,Petrol,Manual,11017,124000.0,14,Delhi NCR
1521,Hyundai Verna,Hyundai,2013,146903,Petrol,Manual,9650,204999.99999999997,13,Delhi NCR
1522,KIA SELTOS,KIA,2022,95031,Petrol,Manual,15564,909000.0,4,Delhi NCR
1523,Hyundai Elite i20,Hyundai,2018,63647,Diesel,Manual,20006,425000.0,8,Delhi NCR
1524,Datsun Redi Go,Datsun,2017,131423,Petrol,Manual,2870,129000.0,9,Delhi NCR
1525,Renault TRIBER,Renault,2020,69932,Petrol,Manual,7591,430000.0,6,Delhi NCR
1526,Honda Brio,Honda,2012,70310,Petrol,Manual,13416,151000.0,14,Delhi NCR
1527,Maruti Vitara Brezza,Maruti,2016,134189,Diesel,Manual,13416,465000.00000000006,10,Delhi NCR
1528,Toyota URBAN CRUISER HYRYDER,Toyota,2023,75128,Petrol,Auto,16266,950000.0,3,Delhi NCR
1529,Maruti Swift,Maruti,2016,181492,Petrol,Manual,7163,322000.0,10,Delhi NCR
1530,Maruti Alto K10,Maruti,2013,136806,Petrol,Manual,5279,112000.00000000001,13,Delhi NCR
1531,Honda Amaze,Honda,2013,169207,Petrol,Auto,8144,173000.0,13,Delhi NCR
1532,Hyundai Grand i10,Hyundai,2014,59588,Petrol,Manual,5514,166000.0,12,Delhi NCR
1533,Hyundai Verna,Hyundai,2011,45000,Petrol,Manual,5514,134000.0,15,Delhi NCR
1534,Hyundai Grand i10,Hyundai,2014,139323,Petrol,Manual,8769,264000.0,12,Delhi NCR
1535,Maruti Celerio,Maruti,2014,38766,Petrol,Manual,6576,198000.0,12,Delhi NCR
1536,Maruti Wagon R 1.0,Maruti,2016,71016,Petrol,Manual,5561,250000.0,10,Delhi NCR
1537,Hyundai i10,Hyundai,2016,42207,Petrol,Manual,4605,206999.99999999997,10,Delhi NCR
1538,Maruti IGNIS,Maruti,2018,82301,Petrol,Auto,5631,319000.0,8,Delhi NCR
1539,Honda ELEVATE,Honda,2024,23360,Petrol,Auto,23971,1400000.0,2,Delhi NCR
1540,Tata NEXON,Tata,2019,80397,Petrol,Manual,8191,463999.99999999994,7,Delhi NCR
1541,Honda Brio,Honda,2015,53875,Petrol,Manual,5530,210000.0,11,Delhi NCR
1542,Maruti Alto 800,Maruti,2016,104200,Petrol,Manual,3337,150000.0,10,Delhi NCR
1543,Mahindra TUV300,Mahindra,2016,125936,Diesel,Manual,3337,381000.0,10,Delhi NCR
1544,Honda City,Honda,2014,175647,Diesel,Manual,11674,248000.0,12,Delhi NCR
1545,KIA SELTOS,KIA,2022,72871,Petrol,Manual,15564,909000.0,4,Delhi NCR
1546,Maruti Alto 800,Maruti,2014,117032,Petrol,Manual,3786,113999.99999999999,12,Delhi NCR
1547,Maruti Swift,Maruti,2016,95522,Petrol,Manual,6429,289000.0,10,Delhi NCR
1548,Tata NEXON,Tata,2018,152908,Diesel,Manual,23443,498000.00000000006,8,Delhi NCR
1549,Hyundai i10,Hyundai,2011,60985,Petrol,Manual,23443,68000.0,15,Delhi NCR
1550,Nissan Micra,Nissan,2015,13098,Petrol,Manual,3502,133000.0,11,Delhi NCR
1551,Hyundai Eon,Hyundai,2015,81412,Petrol,Manual,4635,176000.0,11,Delhi NCR
1552,Honda Amaze,Honda,2017,69567,Petrol,Manual,5474,280000.0,9,Delhi NCR
1553,Mahindra Kuv100,Mahindra,2016,111075,Diesel,Manual,5474,135000.0,10,Delhi NCR
1554,Maruti Alto 800,Maruti,2017,72862,Petrol,Manual,3324,170000.0,9,Delhi NCR
1555,Honda Amaze,Honda,2015,85987,Petrol,Manual,7110,270000.0,11,Delhi NCR
1556,Maruti Swift,Maruti,2016,97832,Petrol,Manual,7252,326000.0,10,Delhi NCR
1557,Maruti Wagon R 1.0,Maruti,2014,108774,Petrol,Manual,6410,193000.0,12,Delhi NCR
1558,Honda Amaze,Honda,2013,83916,Petrol,Manual,7061,150000.0,13,Delhi NCR
1559,Maruti Swift Dzire,Maruti,2016,90884,Petrol,Manual,6762,304000.0,10,Delhi NCR
1560,Maruti Ertiga,Maruti,2018,209868,Diesel,Manual,27303,580000.0,8,Delhi NCR
1561,Toyota Etios,Toyota,2011,69073,Petrol,Manual,27303,130000.0,15,Delhi NCR
1562,Tata NEXON,Tata,2020,60683,Petrol,Auto,8120,459999.99999999994,6,Delhi NCR
1563,KIA SELTOS,KIA,2019,110932,Petrol,Auto,22395,1030000.0000000001,7,Delhi NCR
1564,Maruti Swift,Maruti,2012,69955,Petrol,Manual,15549,175000.0,14,Delhi NCR
1565,Maruti Baleno,Maruti,2019,75852,Petrol,Manual,6973,395000.0,7,Delhi NCR
1566,Maruti Celerio,Maruti,2015,70067,Petrol,Manual,5951,225999.99999999997,11,Delhi NCR
1567,Maruti Wagon R 1.0,Maruti,2015,49910,Petrol,Manual,5477,208000.0,11,Delhi NCR
1568,Hyundai i10,Hyundai,2014,51773,Petrol,Manual,5049,152000.0,12,Delhi NCR
1569,Maruti Celerio,Maruti,2018,90234,Petrol,Manual,4448,252000.0,8,Delhi NCR
1570,Honda Amaze,Honda,2015,51842,Petrol,Manual,6768,256999.99999999997,11,Delhi NCR
1571,Maruti Swift Dzire,Maruti,2012,187000,Petrol,Manual,10751,121000.0,14,Delhi NCR
1572,Honda Brio,Honda,2012,68809,Petrol,Manual,9329,105000.0,14,Delhi NCR
1573,KIA SELTOS,KIA,2019,66315,Petrol,Manual,13921,813000.0000000001,7,Delhi NCR
1574,Maruti Swift,Maruti,2017,71103,Petrol,Manual,6706,343000.0,9,Delhi NCR
1575,Mahindra KUV 100 NXT,Mahindra,2017,60225,Petrol,Manual,4868,249000.00000000003,9,Delhi NCR
1576,Maruti Swift Dzire,Maruti,2014,61293,Petrol,Manual,6145,185000.0,12,Delhi NCR
1577,Hyundai Grand i10,Hyundai,2014,79463,Petrol,Manual,7839,236000.0,12,Delhi NCR
1578,Maruti Swift Dzire,Maruti,2012,214412,Petrol,Manual,16437,185000.0,14,Delhi NCR
1579,Maruti Baleno,Maruti,2016,95862,Petrol,Manual,8564,385000.0,10,Delhi NCR
1580,Maruti Swift,Maruti,2019,66450,Petrol,Auto,6902,391000.0,7,Delhi NCR
1581,Maruti Ciaz,Maruti,2015,75691,Petrol,Manual,8163,310000.0,11,Delhi NCR
1582,Tata NEXON,Tata,2019,55842,Petrol,Manual,8968,508000.0,7,Delhi NCR
1583,Mahindra TUV300,Mahindra,2016,175110,Diesel,Manual,8968,270000.0,10,Delhi NCR
1584,Hyundai Eon,Hyundai,2015,85381,Petrol,Manual,3476,132000.0,11,Delhi NCR
1585,MG HECTOR,MG,2019,92582,Diesel,Manual,25442,766000.0,7,Delhi NCR
1586,Tata TIGOR,Tata,2017,52226,Petrol,Manual,4829,247000.00000000003,9,Delhi NCR
1587,Maruti Swift,Maruti,2012,106497,Petrol,Manual,15993,180000.0,14,Delhi NCR
1588,Audi A6,Audi,2011,90405,Petrol,Auto,15993,597000.0,15,Delhi NCR
1589,Maruti Ciaz,Maruti,2020,89774,Petrol,Manual,9285,526000.0,6,Delhi NCR
1590,Hyundai i20,Hyundai,2013,65581,Petrol,Manual,9179,195000.0,13,Delhi NCR
1591,Mahindra TUV300,Mahindra,2017,57775,Diesel,Manual,42292,476000.0,9,Delhi NCR
1592,Mahindra MARAZZO,Mahindra,2019,60157,Diesel,Manual,14116,425000.0,7,Delhi NCR
1593,Maruti Swift,Maruti,2016,73578,Petrol,Manual,6451,290000.0,10,Delhi NCR
1594,Nissan MAGNITE,Nissan,2021,43415,Petrol,Manual,6532,370000.0,5,Delhi NCR
1595,Tata NEXON,Tata,2022,30593,Petrol,Manual,13381,758000.0,4,Delhi NCR
1596,Honda Amaze,Honda,2015,145477,Petrol,Auto,6109,231999.99999999997,11,Delhi NCR
1597,Hyundai i10,Hyundai,2014,33490,Petrol,Manual,5846,176000.0,12,Delhi NCR
1598,Maruti Wagon R 1.0,Maruti,2016,43051,Petrol,Auto,5895,265000.0,10,Delhi NCR
1599,Maruti Celerio,Maruti,2015,68350,Petrol,Auto,6531,248000.0,11,Delhi NCR
1600,Maruti Swift,Maruti,2019,82128,Petrol,Manual,6496,368000.0,7,Delhi NCR
1601,Maruti Swift Dzire,Maruti,2015,153124,Diesel,Manual,6496,300000.0,11,Delhi NCR
1602,Hyundai i10,Hyundai,2012,105570,Petrol,Manual,8618,97000.0,14,Delhi NCR
1603,Renault Kwid,Renault,2017,68253,Petrol,Manual,2991,153000.0,9,Delhi NCR
1604,Maruti Wagon R 1.0,Maruti,2014,69672,Petrol,Manual,6012,181000.0,12,Delhi NCR
1605,Hyundai i10,Hyundai,2011,69895,Petrol,Manual,6012,123000.0,15,Delhi NCR
1606,Hyundai Grand i10,Hyundai,2014,88318,Petrol,Manual,5613,169000.0,12,Delhi NCR
1607,Hyundai i10,Hyundai,2014,87069,Petrol,Manual,4650,140000.0,12,Delhi NCR
1608,Hyundai i10,Hyundai,2013,80763,Petrol,Manual,4990,106000.0,13,Delhi NCR
1609,Maruti Vitara Brezza,Maruti,2016,84258,Diesel,Manual,4990,442000.0,10,Delhi NCR
1610,Renault Kwid,Renault,2016,56168,Petrol,Manual,5094,229000.0,10,Delhi NCR
1611,Tata NEXON,Tata,2018,95223,Diesel,Auto,25278,537000.0,8,Delhi NCR
1612,Hyundai i10,Hyundai,2014,70543,Petrol,Manual,5314,160000.0,12,Delhi NCR
1613,Maruti Baleno,Maruti,2018,36141,Petrol,Auto,7326,415000.00000000006,8,Delhi NCR
1614,Nissan MAGNITE,Nissan,2021,20801,Petrol,Auto,8826,500000.0,5,Delhi NCR
1615,Hyundai i10,Hyundai,2015,111660,Petrol,Manual,3924,149000.0,11,Delhi NCR
1616,Tata ALTROZ,Tata,2020,57967,Petrol,Manual,6938,393000.0,6,Delhi NCR
1617,Volkswagen Polo,Volkswagen,2021,81351,Petrol,Auto,11474,650000.0,5,Delhi NCR
1618,Maruti Alto 800,Maruti,2014,76171,Petrol,Manual,4085,123000.0,12,Delhi NCR
1619,Hyundai i20,Hyundai,2014,76989,Petrol,Manual,7407,223000.0,12,Delhi NCR
1620,Maruti Alto 800,Maruti,2013,29916,Petrol,Manual,5696,121000.0,13,Delhi NCR
1621,Maruti Swift Dzire,Maruti,2015,58250,Petrol,Manual,9665,367000.0,11,Delhi NCR
1622,Maruti Swift,Maruti,2015,93240,Petrol,Manual,7242,275000.0,11,Delhi NCR
1623,Maruti Swift,Maruti,2016,26695,Petrol,Manual,7519,338000.0,10,Delhi NCR
1624,MG ASTOR,MG,2022,44611,Petrol,Manual,13240,750000.0,4,Delhi NCR
1625,Maruti Celerio,Maruti,2017,66698,Petrol,Manual,4125,211000.0,9,Delhi NCR
1626,Hyundai i10,Hyundai,2013,66971,Petrol,Manual,7767,165000.0,13,Delhi NCR
1627,Honda Amaze,Honda,2019,108000,Diesel,Manual,11525,347000.0,7,Delhi NCR
1628,Maruti Wagon R 1.0,Maruti,2014,183042,Petrol,Manual,4351,131000.0,12,Delhi NCR
1629,Maruti Alto 800,Maruti,2013,120686,Petrol,Manual,7296,155000.0,13,Delhi NCR
1630,Honda Brio,Honda,2014,45016,Petrol,Manual,5680,171000.0,12,Delhi NCR
1631,Hyundai i20,Hyundai,2012,79116,Petrol,Manual,12172,137000.0,14,Delhi NCR
1632,Mahindra Kuv100,Mahindra,2016,38498,Petrol,Manual,3915,176000.0,10,Delhi NCR
1633,Maruti Wagon R 1.0,Maruti,2016,34000,Petrol,Manual,5405,243000.00000000003,10,Delhi NCR
1634,Tata Tiago,Tata,2018,132885,Diesel,Manual,9038,192000.0,8,Delhi NCR
1635,Hyundai Grand i10,Hyundai,2014,75134,Petrol,Manual,6311,190000.0,12,Delhi NCR
1636,Maruti Vitara Brezza,Maruti,2016,48648,Diesel,Manual,6311,549000.0,10,Delhi NCR
1637,Maruti Eeco,Maruti,2016,76873,Petrol,Manual,4471,200999.99999999997,10,Delhi NCR
1638,Renault Kwid,Renault,2017,27570,Petrol,Manual,3910,200000.0,9,Delhi NCR
1639,Tata Tiago,Tata,2017,41166,Petrol,Auto,5865,300000.0,9,Delhi NCR
1640,Maruti Swift Dzire,Maruti,2012,53336,Petrol,Manual,14305,161000.0,14,Delhi NCR
1641,Mitsubishi Outlander,Mitsubishi,2011,91511,Petrol,Auto,14305,200000.0,15,Delhi NCR
1642,Honda Amaze,Honda,2014,75378,Petrol,Manual,7307,220000.00000000003,12,Delhi NCR
1643,Honda Brio,Honda,2012,84597,Petrol,Manual,9951,112000.00000000001,14,Delhi NCR
1644,Maruti Alto 800,Maruti,2013,149455,Petrol,Manual,5461,115999.99999999999,13,Delhi NCR
1645,Maruti Swift,Maruti,2012,89140,Petrol,Manual,13594,153000.0,14,Delhi NCR
1646,Maruti Wagon R 1.0,Maruti,2018,25268,Petrol,Manual,4572,259000.0,8,Delhi NCR
1647,MG HECTOR PLUS,MG,2020,61419,Diesel,Manual,33315,1289000.0,6,Delhi NCR
1648,Mahindra Kuv100,Mahindra,2016,66658,Petrol,Manual,4671,210000.0,10,Delhi NCR
1649,Maruti Swift Dzire,Maruti,2015,90805,Petrol,Manual,9191,349000.0,11,Delhi NCR
1650,Hyundai Elite i20,Hyundai,2019,86733,Petrol,Manual,6620,375000.0,7,Delhi NCR
1651,Mahindra KUV 100 NXT,Mahindra,2017,39508,Diesel,Manual,23012,259000.0,9,Delhi NCR
1652,Hyundai Eon,Hyundai,2012,111892,Petrol,Manual,6841,77000.0,14,Delhi NCR
1653,Jeep Compass,Jeep,2017,100710,Petrol,Auto,17618,792000.0,9,Delhi NCR
1654,Hyundai VENUE,Hyundai,2025,720,Diesel,Manual,17807,1040000.0,1,Delhi NCR
1655,Honda Amaze,Honda,2015,75723,Petrol,Manual,9217,350000.0,11,Delhi NCR
1656,Maruti Celerio,Maruti,2014,94603,Petrol,Manual,5082,153000.0,12,Delhi NCR
1657,Mahindra SCORPIO-N,Mahindra,2023,81604,Diesel,Manual,19725,1152000.0,3,Delhi NCR
1658,Maruti Wagon R 1.0,Maruti,2017,81024,Petrol,Manual,4966,254000.0,9,Delhi NCR
1659,Honda City,Honda,2011,48778,Petrol,Manual,4966,135000.0,15,Delhi NCR
1660,Renault Duster,Renault,2016,52791,Diesel,Manual,4966,227000.0,10,Delhi NCR
1661,Datsun Go,Datsun,2019,13967,Petrol,Manual,4060,229999.99999999997,7,Delhi NCR
1662,Hyundai Grand i10,Hyundai,2015,117835,Petrol,Manual,6162,234000.0,11,Delhi NCR
1663,Renault Kwid,Renault,2017,59314,Petrol,Manual,2972,152000.0,9,Delhi NCR
1664,Hyundai Elite i20,Hyundai,2015,183251,Petrol,Manual,6452,245000.00000000003,11,Delhi NCR
1665,Tata NEXON,Tata,2017,83978,Diesel,Manual,21146,238000.0,9,Delhi NCR
1666,Tata Tiago,Tata,2016,128143,Diesel,Manual,21146,194000.0,10,Delhi NCR
1667,Hyundai Verna,Hyundai,2018,98916,Diesel,Manual,24996,531000.0,8,Delhi NCR
1668,Maruti Swift,Maruti,2017,37860,Petrol,Manual,7801,399000.0,9,Delhi NCR
1669,Honda Amaze,Honda,2015,106862,Petrol,Manual,6820,259000.0,11,Delhi NCR
1670,Mahindra Kuv100,Mahindra,2017,20346,Petrol,Manual,5005,256000.0,9,Delhi NCR
1671,Renault Duster,Renault,2013,143327,Petrol,Manual,9556,202999.99999999997,13,Delhi NCR
1672,Renault Kwid,Renault,2017,66249,Petrol,Manual,2835,145000.0,9,Delhi NCR
1673,Volkswagen Polo,Volkswagen,2011,93343,Petrol,Manual,2835,97000.0,15,Delhi NCR
1674,Hyundai Elite i20,Hyundai,2017,43576,Petrol,Manual,6784,347000.0,9,Delhi NCR
1675,Tata NEXON,Tata,2022,96425,Petrol,Manual,13240,750000.0,4,Delhi NCR
1676,Maruti Alto 800,Maruti,2013,62253,Petrol,Manual,6449,137000.0,13,Delhi NCR
1677,Nissan Sunny,Nissan,2012,69439,Petrol,Manual,7730,87000.0,14,Delhi NCR
1678,Maruti Swift,Maruti,2016,206505,Petrol,Manual,5361,241000.0,10,Delhi NCR
1679,Maruti Swift,Maruti,2016,28658,Petrol,Manual,4983,224000.00000000003,10,Delhi NCR
1680,Hyundai i10,Hyundai,2012,126142,Petrol,Manual,9773,110000.00000000001,14,Delhi NCR
1681,Maruti Wagon R 1.0,Maruti,2014,103313,Petrol,Manual,7407,223000.0,12,Delhi NCR
1682,Toyota Etios,Toyota,2011,116259,Petrol,Manual,7407,122000.0,15,Delhi NCR
1683,Tata Zest,Tata,2014,136654,Petrol,Manual,4916,148000.0,12,Delhi NCR
1684,Honda Amaze,Honda,2015,86399,Petrol,Manual,6689,254000.0,11,Delhi NCR
1685,Chevrolet Beat,Chevrolet,2015,54254,Petrol,Manual,3608,137000.0,11,Delhi NCR
1686,Maruti Wagon R 1.0,Maruti,2015,26243,Petrol,Manual,5214,198000.0,11,Delhi NCR
1687,Maruti S PRESSO,Maruti,2021,40845,Petrol,Manual,4643,263000.0,5,Delhi NCR
1688,Hyundai Grand i10,Hyundai,2013,86945,Petrol,Manual,10733,227999.99999999997,13,Delhi NCR
1689,Tata PUNCH,Tata,2023,6203,Petrol,Manual,8279,469000.00000000006,3,Delhi NCR
1690,Maruti Swift Dzire,Maruti,2014,66091,Petrol,Manual,7971,240000.0,12,Delhi NCR
1691,Toyota Etios Liva,Toyota,2015,94779,Petrol,Manual,5135,195000.0,11,Delhi NCR
1692,Toyota Etios,Toyota,2011,95384,Petrol,Manual,5135,143000.0,15,Delhi NCR
1693,Hyundai Elite i20,Hyundai,2019,61254,Petrol,Manual,7026,398000.0,7,Delhi NCR
1694,Maruti Wagon R 1.0,Maruti,2016,53962,Petrol,Manual,6117,275000.0,10,Delhi NCR
1695,Nissan Sunny,Nissan,2012,134279,Petrol,Manual,8441,95000.0,14,Delhi NCR
1696,Honda Amaze,Honda,2019,64090,Petrol,Manual,7061,400000.0,7,Delhi NCR
1697,Maruti Swift Dzire,Maruti,2016,183000,Petrol,Manual,5850,263000.0,10,Delhi NCR
1698,Maruti Dzire,Maruti,2017,80972,Diesel,Auto,26743,301000.0,9,Delhi NCR
1699,Maruti Wagon R 1.0,Maruti,2011,199727,Petrol,Manual,26743,84000.0,15,Delhi NCR
1700,Tata PUNCH,Tata,2022,38509,Petrol,Manual,9074,513999.99999999994,4,Delhi NCR
1701,Hyundai i10,Hyundai,2012,41307,Petrol,Manual,11106,125000.0,14,Delhi NCR
1702,Hyundai i10,Hyundai,2013,23214,Petrol,Manual,6355,135000.0,13,Delhi NCR
1703,Maruti Swift Dzire,Maruti,2017,160051,Petrol,Manual,5428,244000.0,9,Delhi NCR
1704,Maruti Vitara Brezza,Maruti,2017,137952,Diesel,Manual,41137,463000.0,9,Delhi NCR
1705,Hyundai i10,Hyundai,2013,49450,Petrol,Manual,5884,125000.0,13,Delhi NCR
1706,Mahindra Kuv100,Mahindra,2016,58762,Petrol,Manual,3960,178000.0,10,Delhi NCR
1707,Nissan Terrano,Nissan,2014,133055,Petrol,Manual,6444,194000.0,12,Delhi NCR
1708,Volkswagen Polo,Volkswagen,2021,111516,Petrol,Manual,11634,523000.00000000006,5,Delhi NCR
1709,Ford FREESTYLE,Ford,2019,37666,Petrol,Manual,7344,416000.0,7,Delhi NCR
1710,Hyundai Xcent,Hyundai,2015,92147,Petrol,Manual,7637,290000.0,11,Delhi NCR
1711,Maruti Swift,Maruti,2017,125099,Petrol,Manual,7207,324000.0,9,Delhi NCR
1712,Honda City,Honda,2011,147349,Petrol,Manual,7207,100000.0,15,Delhi NCR
1713,Ford Figo,Ford,2014,110351,Petrol,Manual,4617,139000.0,12,Delhi NCR
1714,Renault Kwid,Renault,2017,71661,Petrol,Manual,2854,146000.0,9,Delhi NCR
1715,Datsun Redi Go,Datsun,2017,79204,Petrol,Manual,2522,129000.0,9,Delhi NCR
1716,Honda Brio,Honda,2012,42119,Petrol,Manual,11550,130000.0,14,Delhi NCR
1717,Tata NEXON,Tata,2021,47166,Petrol,Manual,10592,600000.0,5,Delhi NCR
1718,Hyundai i10,Hyundai,2014,30004,Petrol,Manual,4550,137000.0,12,Delhi NCR
1719,Mahindra XUV500,Mahindra,2017,104500,Diesel,Auto,36517,411000.00000000006,9,Delhi NCR
1720,Maruti Wagon R 1.0,Maruti,2018,78199,Petrol,Manual,4590,260000.0,8,Delhi NCR
1721,Maruti Swift,Maruti,2012,44811,Petrol,Manual,13772,155000.0,14,Delhi NCR
1722,Maruti Ertiga,Maruti,2016,132604,Petrol,Manual,9921,446000.0,10,Delhi NCR
1723,Chevrolet Sail,Chevrolet,2013,78354,Petrol,Manual,4425,94000.0,13,Delhi NCR
1724,Maruti Vitara Brezza,Maruti,2016,106725,Diesel,Manual,4425,501000.0,10,Delhi NCR
1725,Maruti Ertiga,Maruti,2019,87913,Petrol,Manual,10592,600000.0,7,Delhi NCR
1726,Ford Figo Aspire,Ford,2017,97662,Diesel,Manual,25500,287000.0,9,Delhi NCR
1727,Maruti Swift,Maruti,2017,167564,Diesel,Manual,26122,294000.0,9,Delhi NCR
1728,Maruti Baleno,Maruti,2019,94958,Petrol,Manual,7485,424000.0,7,Delhi NCR
1729,Tata TIGOR,Tata,2023,51374,Petrol,Manual,10874,616000.0,3,Delhi NCR
1730,Honda Amaze,Honda,2017,119048,Petrol,Manual,5784,260000.0,9,Delhi NCR
1731,Maruti Swift,Maruti,2016,87229,Petrol,Manual,7407,333000.0,10,Delhi NCR
1732,Hyundai Grand i10,Hyundai,2015,80388,Petrol,Manual,5214,198000.0,11,Delhi NCR
1733,Hyundai Verna,Hyundai,2012,79962,Petrol,Manual,12350,139000.0,14,Delhi NCR
1734,Hyundai i20,Hyundai,2013,47627,Petrol,Manual,9650,204999.99999999997,13,Delhi NCR
1735,Hyundai i20,Hyundai,2013,93886,Petrol,Manual,10497,223000.0,13,Delhi NCR
1736,Volkswagen Vento,Volkswagen,2013,170093,Diesel,Manual,12972,146000.0,13,Delhi NCR
1737,Maruti Swift Dzire,Maruti,2014,16655,Petrol,Manual,9300,280000.0,12,Delhi NCR
1738,Maruti New Wagon-R,Maruti,2019,134567,Petrol,Manual,6651,299000.0,7,Delhi NCR
1739,Hyundai i10,Hyundai,2012,111665,Petrol,Manual,7819,88000.0,14,Delhi NCR
1740,Hyundai Grand i10,Hyundai,2014,59564,Petrol,Auto,6444,194000.0,12,Delhi NCR
1741,Honda Amaze,Honda,2015,85000,Petrol,Manual,5267,200000.0,11,Delhi NCR
1742,Hyundai Eon,Hyundai,2018,72424,Petrol,Manual,3319,188000.0,8,Delhi NCR
1743,Hyundai Grand i10,Hyundai,2014,136922,Petrol,Manual,5281,159000.0,12,Delhi NCR
1744,Honda Brio,Honda,2013,81856,Petrol,Manual,6402,136000.0,13,Delhi NCR
1745,Volkswagen Polo,Volkswagen,2013,94133,Petrol,Manual,8850,188000.0,13,Delhi NCR
1746,Maruti Wagon R 1.0,Maruti,2014,145224,Petrol,Manual,5680,171000.0,12,Delhi NCR
1747,Maruti Wagon R 1.0,Maruti,2012,51577,Petrol,Manual,11106,125000.0,14,Delhi NCR
1748,Maruti Wagon R 1.0,Maruti,2013,99746,Petrol,Manual,5837,124000.0,13,Delhi NCR
1749,Maruti Wagon R 1.0,Maruti,2017,61146,Petrol,Manual,5924,303000.0,9,Delhi NCR
1750,Tata Indica EV2,Tata,2015,135977,Petrol,Manual,2212,84000.0,11,Delhi NCR
1751,Mahindra Kuv100,Mahindra,2016,54372,Diesel,Manual,2212,170000.0,10,Delhi NCR
1752,Honda City,Honda,2011,208036,Petrol,Manual,2212,100000.0,15,Delhi NCR
1753,Maruti Wagon R 1.0,Maruti,2012,27630,Petrol,Manual,11461,129000.0,14,Delhi NCR
1754,Tata TIGOR EV,Tata,2021,180215,Electric,Auto,6673,300000.0,5,Delhi NCR
1755,Maruti Eeco,Maruti,2025,3988,Petrol,Manual,11157,632000.0,1,Delhi NCR
1756,Honda WR-V,Honda,2017,83832,Diesel,Manual,27543,310000.0,9,Delhi NCR
1757,Maruti Swift,Maruti,2019,124472,Petrol,Manual,7897,355000.0,7,Delhi NCR
1758,Maruti IGNIS,Maruti,2017,70233,Petrol,Auto,5963,305000.0,9,Delhi NCR
1759,Maruti Ertiga,Maruti,2017,64251,Diesel,Manual,50733,571000.0,9,Delhi NCR
1760,Hyundai i10,Hyundai,2013,47020,Petrol,Manual,7908,168000.0,13,Delhi NCR
1761,Hyundai AURA,Hyundai,2021,95288,Petrol,Manual,7944,450000.0,5,Delhi NCR
1762,Maruti Swift,Maruti,2016,95425,Petrol,Manual,7252,326000.0,10,Delhi NCR
1763,Maruti Swift Dzire,Maruti,2012,202535,Petrol,Manual,13949,157000.0,14,Delhi NCR
1764,Maruti Wagon R 1.0,Maruti,2015,136254,Petrol,Manual,4345,165000.0,11,Delhi NCR
1765,Maruti Wagon R 1.0,Maruti,2018,51132,Petrol,Manual,5772,327000.0,8,Delhi NCR
1766,Hyundai i20,Hyundai,2011,85871,Petrol,Manual,5772,152000.0,15,Delhi NCR
1767,Hyundai i10,Hyundai,2011,119096,Petrol,Manual,5772,91000.0,15,Delhi NCR
1768,Maruti Ciaz,Maruti,2015,84421,Petrol,Manual,8479,322000.0,11,Delhi NCR
1769,Hyundai i10,Hyundai,2015,87628,Petrol,Manual,5267,200000.0,11,Delhi NCR
1770,Maruti Vitara Brezza,Maruti,2017,126955,Diesel,Manual,39627,446000.0,9,Delhi NCR
1771,Hyundai Verna,Hyundai,2014,87047,Petrol,Manual,9134,275000.0,12,Delhi NCR
1772,Tata ALTROZ,Tata,2020,78753,Petrol,Manual,7026,398000.0,6,Delhi NCR
1773,Maruti Wagon R 1.0,Maruti,2012,69683,Petrol,Manual,8885,100000.0,14,Delhi NCR
1774,Maruti Ciaz,Maruti,2015,69552,Petrol,Manual,9059,344000.0,11,Delhi NCR
1775,Tata PUNCH,Tata,2023,28002,Petrol,Manual,8050,455999.99999999994,3,Delhi NCR
1776,Maruti Wagon R 1.0,Maruti,2016,79500,Petrol,Manual,4671,210000.0,10,Delhi NCR
1777,Maruti Swift,Maruti,2018,49086,Petrol,Manual,7061,400000.0,8,Delhi NCR
1778,Maruti Swift,Maruti,2012,78353,Petrol,Manual,16348,184000.0,14,Delhi NCR
1779,Maruti Ciaz,Maruti,2016,86639,Diesel,Manual,16348,290000.0,10,Delhi NCR
1780,Maruti Baleno,Maruti,2016,106697,Petrol,Manual,7919,356000.0,10,Delhi NCR
1781,Maruti Baleno,Maruti,2017,60826,Petrol,Manual,7449,381000.0,9,Delhi NCR
1782,Hyundai Eon,Hyundai,2015,78598,Petrol,Manual,3818,145000.0,11,Delhi NCR
1783,Volkswagen Polo,Volkswagen,2012,86563,Petrol,Manual,11284,127000.0,14,Delhi NCR
1784,Maruti Swift,Maruti,2012,140131,Petrol,Manual,20080,225999.99999999997,14,Delhi NCR
1785,Ford Figo,Ford,2011,153978,Petrol,Manual,20080,71000.0,15,Delhi NCR
1786,Tata NEXON,Tata,2018,44018,Petrol,Manual,7926,449000.0,8,Delhi NCR
1787,Ford Ecosport,Ford,2017,86058,Petrol,Manual,7761,397000.0,9,Delhi NCR
1788,Maruti Swift,Maruti,2017,99772,Petrol,Manual,6061,310000.0,9,Delhi NCR
1789,Maruti Ciaz,Maruti,2018,80448,Petrol,Manual,6408,363000.0,8,Delhi NCR
1790,Tata Tiago,Tata,2017,40101,Petrol,Manual,6217,318000.0,9,Delhi NCR
1791,Maruti Wagon R 1.0,Maruti,2017,55534,Petrol,Auto,4907,250999.99999999997,9,Delhi NCR
1792,Hyundai i10,Hyundai,2011,83457,Petrol,Manual,4907,87000.0,15,Delhi NCR
1793,Hyundai i20,Hyundai,2013,87484,Petrol,Manual,9415,200000.0,13,Delhi NCR
1794,Renault TRIBER,Renault,2020,47684,Petrol,Auto,7061,400000.0,6,Delhi NCR
1795,Mahindra XUV500,Mahindra,2018,109541,Diesel,Manual,30598,650000.0,8,Delhi NCR
1796,Maruti Alto 800,Maruti,2018,65912,Petrol,Manual,4749,269000.0,8,Delhi NCR
1797,Nissan Terrano,Nissan,2014,100003,Petrol,Manual,7241,218000.00000000003,12,Delhi NCR
1798,Hyundai Santro Xing,Hyundai,2011,60418,Petrol,Manual,7241,85000.0,15,Delhi NCR
1799,Maruti Wagon R 1.0,Maruti,2016,80836,Petrol,Manual,4115,185000.0,10,Delhi NCR
1800,Hyundai Santro Xing,Hyundai,2013,101404,Petrol,Manual,4190,89000.0,13,Delhi NCR
1801,Maruti Wagon R 1.0,Maruti,2013,53405,Petrol,Manual,6826,145000.0,13,Delhi NCR
1802,Hyundai i10,Hyundai,2012,66969,Petrol,Manual,8618,97000.0,14,Delhi NCR
1803,Hyundai Grand i10,Hyundai,2013,190494,Petrol,Manual,6826,145000.0,13,Delhi NCR
1804,Mahindra Scorpio,Mahindra,2019,120778,Diesel,Manual,27402,836999.9999999999,7,Delhi NCR
1805,Maruti Wagon R 1.0,Maruti,2015,118244,Petrol,Manual,4161,158000.0,11,Delhi NCR
1806,Nissan Terrano,Nissan,2015,73710,Petrol,Manual,5609,213000.0,11,Delhi NCR
1807,Hyundai i10,Hyundai,2011,89644,Petrol,Manual,5609,125000.0,15,Delhi NCR
1808,Hyundai i20,Hyundai,2012,18696,Petrol,Manual,12172,137000.0,14,Delhi NCR
1809,Maruti Ritz,Maruti,2010,12345,Petrol,Manual,12172,65000.0,16,Delhi NCR
1810,Maruti Celerio,Maruti,2017,126833,Petrol,Manual,5695,256000.0,9,Delhi NCR
1811,Maruti Wagon R 1.0,Maruti,2016,69724,Petrol,Manual,4894,220000.00000000003,10,Delhi NCR
1812,Hyundai i10,Hyundai,2011,111436,Petrol,Manual,4894,113999.99999999999,15,Delhi NCR
1813,Honda City,Honda,2016,91456,Petrol,Manual,8342,375000.0,10,Delhi NCR
1814,Maruti Swift Dzire,Maruti,2013,71930,Petrol,Manual,8238,175000.0,13,Delhi NCR
1815,Hyundai Verna,Hyundai,2013,98897,Petrol,Manual,10921,231999.99999999997,13,Delhi NCR
1816,Toyota Etios,Toyota,2011,63001,Petrol,Manual,10921,109000.00000000001,15,Delhi NCR
1817,Maruti Wagon R 1.0,Maruti,2017,74139,Petrol,Manual,4712,241000.0,9,Delhi NCR
1818,Maruti Swift Dzire,Maruti,2011,71352,Petrol,Manual,4712,105000.0,15,Delhi NCR
1819,Hyundai Grand i10,Hyundai,2015,179162,Diesel,Manual,4982,150000.0,11,Delhi NCR
1820,Honda Amaze,Honda,2014,117186,Petrol,Manual,6012,181000.0,12,Delhi NCR
1821,Maruti Wagon R 1.0,Maruti,2016,38296,Petrol,Manual,5005,225000.0,10,Delhi NCR
1822,Hyundai NEW I20,Hyundai,2024,4708,Petrol,Manual,11086,628000.0,2,Delhi NCR
1823,Maruti Alto,Maruti,2012,62051,Petrol,Manual,11461,129000.0,14,Delhi NCR
1824,Maruti Swift,Maruti,2016,61705,Petrol,Manual,8742,393000.0,10,Delhi NCR
1825,Maruti Baleno,Maruti,2016,141650,Petrol,Manual,7452,335000.0,10,Delhi NCR
1826,Maruti Wagon R 1.0,Maruti,2017,104143,Petrol,Manual,3960,178000.0,9,Delhi NCR
1827,Mahindra Kuv100,Mahindra,2016,84296,Petrol,Manual,3670,165000.0,10,Delhi NCR
1828,Hyundai Elite i20,Hyundai,2014,63702,Petrol,Manual,10164,306000.0,12,Delhi NCR
1829,Tata Tiago,Tata,2018,93764,Petrol,Manual,5066,287000.0,8,Delhi NCR
1830,Renault Kwid,Renault,2020,18558,Petrol,Manual,4925,279000.0,6,Delhi NCR
1831,Renault Kwid,Renault,2019,64862,Petrol,Manual,3531,200000.0,7,Delhi NCR
1832,Maruti Baleno,Maruti,2017,40664,Petrol,Manual,7429,380000.0,9,Delhi NCR
1833,Tata NEXON,Tata,2018,21490,Diesel,Manual,26408,561000.0,8,Delhi NCR
1834,Maruti Swift Dzire,Maruti,2017,221199,Diesel,Manual,22656,254999.99999999997,9,Delhi NCR
1835,Hyundai Elite i20,Hyundai,2018,41529,Petrol,Manual,6020,341000.0,8,Delhi NCR
1836,Toyota Etios,Toyota,2011,200000,Petrol,Manual,6020,145000.0,15,Delhi NCR
1837,Mahindra TUV300,Mahindra,2017,22840,Diesel,Manual,44247,498000.00000000006,9,Delhi NCR
1838,Maruti Wagon R 1.0,Maruti,2016,89390,Petrol,Manual,4849,218000.00000000003,10,Delhi NCR
1839,Honda Amaze,Honda,2014,154363,Petrol,Manual,7407,223000.0,12,Delhi NCR
1840,Volkswagen Polo,Volkswagen,2018,48855,Petrol,Auto,7979,451999.99999999994,8,Delhi NCR
1841,KIA CARENS,KIA,2023,73660,Petrol,Manual,14058,821000.0000000001,3,Delhi NCR
1842,Honda Amaze,Honda,2016,84921,Diesel,Manual,14058,243000.00000000003,10,Delhi NCR
1843,Hyundai i10,Hyundai,2011,64670,Petrol,Manual,14058,85000.0,15,Delhi NCR
1844,Maruti Swift,Maruti,2014,56756,Petrol,Manual,7008,211000.0,12,Delhi NCR
1845,Honda Amaze,Honda,2015,111536,Petrol,Manual,5925,225000.0,11,Delhi NCR
1846,Mahindra TUV300,Mahindra,2017,89440,Diesel,Manual,31097,350000.0,9,Delhi NCR
1847,Hyundai Santro Xing,Hyundai,2011,90078,Petrol,Manual,31097,84000.0,15,Delhi NCR
1848,Maruti Wagon R 1.0,Maruti,2018,169660,Petrol,Manual,6451,290000.0,8,Delhi NCR
1849,Nissan MAGNITE,Nissan,2021,39541,Petrol,Manual,6690,379000.0,5,Delhi NCR
1850,Volkswagen Polo,Volkswagen,2016,81050,Petrol,Manual,6006,270000.0,10,Delhi NCR
1851,Hyundai i20,Hyundai,2011,53039,Petrol,Manual,6006,114999.99999999999,15,Delhi NCR
1852,Maruti S PRESSO,Maruti,2021,45456,Petrol,Auto,5313,301000.0,5,Delhi NCR
1853,Hyundai i10,Hyundai,2015,151019,Petrol,Manual,4082,155000.0,11,Delhi NCR
1854,Maruti Alto K10,Maruti,2014,103060,Petrol,Manual,5049,152000.0,12,Delhi NCR
1855,Maruti Wagon R 1.0,Maruti,2011,64176,Petrol,Manual,5049,103000.0,15,Delhi NCR
1856,Hyundai Verna,Hyundai,2014,158130,Petrol,Manual,8304,250000.0,12,Delhi NCR
1857,Toyota Etios,Toyota,2013,61348,Petrol,Manual,10686,227000.0,13,Delhi NCR
1858,Toyota Etios Liva,Toyota,2014,45523,Petrol,Manual,6842,206000.0,12,Delhi NCR
1859,Maruti Alto 800,Maruti,2016,28817,Petrol,Manual,4805,216000.0,10,Delhi NCR
1860,Honda Amaze,Honda,2015,72441,Petrol,Manual,6320,240000.0,11,Delhi NCR
1861,Volkswagen Polo,Volkswagen,2018,74450,Petrol,Manual,6690,379000.0,8,Delhi NCR
1862,Honda Amaze,Honda,2015,43008,Diesel,Manual,6690,200000.0,11,Delhi NCR
1863,Hyundai i10,Hyundai,2012,55659,Petrol,Manual,10662,120000.0,14,Delhi NCR
1864,Maruti Ertiga,Maruti,2024,47720,Petrol,Manual,16078,939000.0,2,Delhi NCR
1865,Hyundai i20,Hyundai,2013,71076,Petrol,Manual,11392,242000.0,13,Delhi NCR
1866,Maruti Vitara Brezza,Maruti,2016,95182,Diesel,Manual,11392,345000.0,10,Delhi NCR
1867,Volkswagen Vento,Volkswagen,2013,76525,Petrol,Manual,8850,188000.0,13,Delhi NCR
1868,Maruti Dzire,Maruti,2017,123685,Petrol,Manual,8787,395000.0,9,Delhi NCR
1869,Maruti Alto 800,Maruti,2018,160417,Petrol,Manual,4449,200000.0,8,Delhi NCR
1870,Hyundai New Elantra,Hyundai,2013,172661,Petrol,Manual,10027,213000.0,13,Delhi NCR
1871,Honda Amaze,Honda,2016,54620,Petrol,Manual,5583,250999.99999999997,10,Delhi NCR
1872,Hyundai i10,Hyundai,2010,105637,Petrol,Manual,5583,55000.00000000001,16,Delhi NCR
1873,KIA SONET,KIA,2024,5255,Petrol,Auto,20187,1179000.0,2,Delhi NCR
1874,Maruti New Wagon-R,Maruti,2020,65521,Petrol,Manual,5472,310000.0,6,Delhi NCR
1875,Hyundai GRAND I10 NIOS,Hyundai,2023,35313,Petrol,Manual,8826,500000.0,3,Delhi NCR
1876,Hyundai i10,Hyundai,2011,62373,Petrol,Manual,8826,97000.0,15,Delhi NCR
1877,Renault Kwid,Renault,2018,84680,Petrol,Auto,3972,225000.0,8,Delhi NCR
1878,Maruti Wagon R 1.0,Maruti,2015,57548,Petrol,Manual,4766,181000.0,11,Delhi NCR
1879,Maruti Alto K10,Maruti,2012,81780,Petrol,Manual,9151,103000.0,14,Delhi NCR
1880,Honda Amaze,Honda,2018,174519,Diesel,Manual,15205,323000.0,8,Delhi NCR
1881,Maruti Swift Dzire,Maruti,2014,50115,Petrol,Manual,6809,204999.99999999997,12,Delhi NCR
1882,Hyundai i10,Hyundai,2012,31572,Petrol,Manual,9951,112000.00000000001,14,Delhi NCR
1883,Maruti Wagon R 1.0,Maruti,2016,142670,Petrol,Manual,4137,186000.0,10,Delhi NCR
1884,Tata PUNCH,Tata,2023,45673,Petrol,Manual,10627,602000.0,3,Delhi NCR
1885,Maruti Wagon R 1.0,Maruti,2011,115145,Petrol,Manual,10627,94000.0,15,Delhi NCR
1886,Tata PUNCH,Tata,2022,120299,Petrol,Manual,11467,515000.00000000006,4,Delhi NCR
1887,Tata Tiago,Tata,2016,47211,Petrol,Manual,5339,240000.0,10,Delhi NCR
1888,Maruti Ciaz,Maruti,2016,142608,Diesel,Manual,5339,249000.00000000003,10,Delhi NCR
1889,Maruti Wagon R 1.0,Maruti,2012,145041,Petrol,Manual,6219,70000.0,14,Delhi NCR
1890,Maruti Swift Dzire,Maruti,2011,72740,Petrol,Manual,6219,113999.99999999999,15,Delhi NCR
1891,Honda Civic,Honda,2011,157794,Petrol,Manual,6219,110000.00000000001,15,Delhi NCR
1892,Maruti Wagon R 1.0,Maruti,2015,73835,Petrol,Manual,5425,206000.0,11,Delhi NCR
1893,Toyota Etios,Toyota,2014,105611,Petrol,Manual,9034,272000.0,12,Delhi NCR
1894,Honda Amaze,Honda,2016,91437,Petrol,Manual,6340,285000.0,10,Delhi NCR
1895,Maruti Swift Dzire,Maruti,2015,94310,Petrol,Manual,7110,270000.0,11,Delhi NCR
1896,Maruti Celerio,Maruti,2019,195856,Petrol,Manual,6451,290000.0,7,Delhi NCR
1897,Maruti Alto,Maruti,2022,60394,Petrol,Manual,5366,304000.0,4,Delhi NCR
1898,Maruti Ciaz,Maruti,2015,70747,Petrol,Manual,7821,297000.0,11,Delhi NCR
1899,Maruti Wagon R 1.0,Maruti,2012,125971,Petrol,Manual,11639,131000.0,14,Delhi NCR
1900,Maruti Wagon R 1.0,Maruti,2018,136985,Petrol,Manual,6607,297000.0,8,Delhi NCR
1901,Honda Brio,Honda,2014,85864,Petrol,Manual,5480,165000.0,12,Delhi NCR
1902,Maruti Wagon R 1.0,Maruti,2012,110707,Petrol,Manual,8885,100000.0,14,Delhi NCR
1903,Maruti Wagon R 1.0,Maruti,2011,109440,Petrol,Manual,8885,97000.0,15,Delhi NCR
1904,Maruti Baleno,Maruti,2018,59731,Petrol,Auto,6337,359000.0,8,Delhi NCR
1905,Maruti Wagon R 1.0,Maruti,2013,88461,Petrol,Manual,7061,150000.0,13,Delhi NCR
1906,Hyundai i10,Hyundai,2012,85949,Petrol,Manual,8352,94000.0,14,Delhi NCR
1907,Maruti Celerio,Maruti,2015,57925,Petrol,Manual,6188,235000.0,11,Delhi NCR
1908,Hyundai Grand i10,Hyundai,2014,43410,Petrol,Manual,6477,195000.0,12,Delhi NCR
1909,Maruti Celerio,Maruti,2016,130185,Petrol,Manual,5061,227000.0,10,Delhi NCR
1910,Maruti Vitara Brezza,Maruti,2017,209161,Diesel,Manual,46912,528000.0,9,Delhi NCR
1911,Maruti Wagon R 1.0,Maruti,2018,74312,Petrol,Manual,5649,320000.0,8,Delhi NCR
1912,Hyundai i10,Hyundai,2016,96313,Petrol,Manual,5005,225000.0,10,Delhi NCR
1913,Hyundai i10,Hyundai,2011,97422,Petrol,Manual,5005,129000.0,15,Delhi NCR
1914,Maruti Wagon R 1.0,Maruti,2013,90564,Petrol,Manual,6779,144000.0,13,Delhi NCR
1915,Honda Amaze,Honda,2016,75823,Petrol,Manual,4827,217000.0,10,Delhi NCR
1916,Maruti Swift Dzire,Maruti,2012,87300,Petrol,Manual,18925,213000.0,14,Delhi NCR
1917,Tata Zest,Tata,2014,73554,Petrol,Manual,4617,139000.0,12,Delhi NCR
1918,Tata NEXON,Tata,2017,108803,Diesel,Manual,24959,281000.0,9,Delhi NCR
1919,Maruti Vitara Brezza,Maruti,2021,62514,Petrol,Manual,9179,520000.0,5,Delhi NCR
1920,KIA SONET,KIA,2025,9954,Petrol,Manual,13822,783000.0,1,Delhi NCR
1921,Maruti Eeco,Maruti,2015,68326,Petrol,Manual,3454,131000.0,11,Delhi NCR
1922,Hyundai i10,Hyundai,2013,136697,Petrol,Manual,6355,135000.0,13,Delhi NCR
1923,Maruti Swift,Maruti,2016,62509,Petrol,Manual,5672,254999.99999999997,10,Delhi NCR
1924,Hyundai Grand i10,Hyundai,2015,101864,Petrol,Manual,4608,175000.0,11,Delhi NCR
1925,Honda Jazz,Honda,2019,21989,Petrol,Auto,7838,444000.00000000006,7,Delhi NCR
1926,Ford Ecosport,Ford,2017,175058,Diesel,Manual,30653,345000.0,9,Delhi NCR
1927,Maruti Swift Dzire,Maruti,2015,79150,Petrol,Manual,9059,344000.0,11,Delhi NCR
1928,Tata TIGOR,Tata,2021,69177,Petrol,Manual,7026,398000.0,5,Delhi NCR
1929,Hyundai i10,Hyundai,2013,92506,Petrol,Manual,6167,131000.0,13,Delhi NCR
1930,Hyundai i20,Hyundai,2011,109563,Petrol,Manual,6167,70000.0,15,Delhi NCR
1931,Maruti Alto,Maruti,2022,21506,Petrol,Manual,5155,292000.0,4,Delhi NCR
1932,Hyundai i10,Hyundai,2013,90822,Petrol,Manual,5743,122000.0,13,Delhi NCR
1933,Maruti Ertiga,Maruti,2017,134927,Petrol,Manual,8453,380000.0,9,Delhi NCR
1934,Hyundai Grand i10,Hyundai,2015,101373,Petrol,Manual,5530,210000.0,11,Delhi NCR
1935,Tata Harrier,Tata,2019,146525,Diesel,Manual,21589,650000.0,7,Delhi NCR
1936,KIA SELTOS,KIA,2024,23113,Petrol,Auto,21523,1257000.0,2,Delhi NCR
1937,Maruti Celerio,Maruti,2015,84183,Petrol,Manual,5820,221000.0,11,Delhi NCR
1938,Ford Figo,Ford,2012,112106,Petrol,Manual,8352,94000.0,14,Delhi NCR
1939,Maruti Celerio,Maruti,2014,138343,Petrol,Manual,5480,165000.0,12,Delhi NCR
1940,Renault Kwid,Renault,2019,57005,Petrol,Manual,3425,194000.0,7,Delhi NCR
1941,Skoda Octavia,Skoda,2015,106298,Petrol,Auto,10033,381000.0,11,Delhi NCR
1942,Nissan Sunny,Nissan,2013,31590,Petrol,Manual,8379,178000.0,13,Delhi NCR
1943,Hyundai i10,Hyundai,2013,69051,Petrol,Auto,9415,200000.0,13,Delhi NCR
1944,Maruti Swift,Maruti,2012,65261,Petrol,Manual,19102,215000.0,14,Delhi NCR
1945,Nissan Terrano,Nissan,2016,123839,Diesel,Manual,19102,259000.0,10,Delhi NCR
1946,Hyundai i10,Hyundai,2011,92350,Petrol,Manual,19102,97000.0,15,Delhi NCR
1947,Hyundai i10,Hyundai,2013,99900,Petrol,Manual,6167,131000.0,13,Delhi NCR
1948,Maruti Wagon R 1.0,Maruti,2015,100040,Petrol,Manual,5109,194000.0,11,Delhi NCR
1949,Hyundai Eon,Hyundai,2013,63196,Petrol,Manual,6167,131000.0,13,Delhi NCR
1950,Tata Tiago,Tata,2019,38164,Petrol,Manual,5049,286000.0,7,Delhi NCR
1951,Maruti Baleno,Maruti,2016,40914,Petrol,Manual,6673,300000.0,10,Delhi NCR
1952,Maruti Wagon R 1.0,Maruti,2014,114982,Petrol,Manual,6178,186000.0,12,Delhi NCR
1953,Maruti Swift,Maruti,2018,77881,Petrol,Auto,7079,401000.0,8,Delhi NCR
1954,Maruti Celerio,Maruti,2018,50862,Petrol,Auto,4378,248000.0,8,Delhi NCR
1955,Maruti Wagon R 1.0,Maruti,2013,189857,Petrol,Manual,5884,125000.0,13,Delhi NCR
1956,Hyundai Santro Xing,Hyundai,2012,105957,Petrol,Manual,7463,84000.0,14,Delhi NCR
1957,Hyundai Creta,Hyundai,2015,76707,Petrol,Manual,11850,450000.0,11,Delhi NCR
1958,Hyundai Grand i10,Hyundai,2016,104579,Diesel,Manual,11850,179000.0,10,Delhi NCR
1959,Hyundai Elite i20,Hyundai,2020,127206,Petrol,Manual,8453,380000.0,6,Delhi NCR
1960,Toyota Etios,Toyota,2011,100001,Petrol,Manual,8453,138000.0,15,Delhi NCR
1961,Ford Ecosport,Ford,2018,67754,Diesel,Manual,17794,378000.0,8,Delhi NCR
1962,Hyundai Elite i20,Hyundai,2017,108053,Petrol,Manual,8319,374000.0,9,Delhi NCR
1963,Maruti Celerio,Maruti,2017,31000,Petrol,Manual,4888,250000.0,9,Delhi NCR
1964,Tata Harrier,Tata,2022,74338,Diesel,Auto,26648,1400000.0,4,Delhi NCR
1965,Tata NEXON,Tata,2018,109008,Diesel,Auto,23254,494000.00000000006,8,Delhi NCR
1966,Maruti Baleno,Maruti,2020,33657,Petrol,Manual,9144,518000.0,6,Delhi NCR
1967,Hyundai Grand i10,Hyundai,2014,87029,Petrol,Manual,9466,285000.0,12,Delhi NCR
1968,Hyundai Grand i10,Hyundai,2014,37113,Petrol,Manual,7706,231999.99999999997,12,Delhi NCR
1969,Hyundai Santro Xing,Hyundai,2011,75182,Petrol,Manual,7706,92000.0,15,Delhi NCR
1970,Maruti Wagon R 1.0,Maruti,2011,104322,Petrol,Manual,7706,125000.0,15,Delhi NCR
1971,Hyundai i10,Hyundai,2012,85408,Petrol,Auto,10306,115999.99999999999,14,Delhi NCR
1972,Renault Kwid,Renault,2019,51683,Petrol,Manual,3248,184000.0,7,Delhi NCR
1973,Datsun Redi Go,Datsun,2019,108179,Petrol,Manual,3337,150000.0,7,Delhi NCR
1974,Maruti Baleno,Maruti,2023,15101,Petrol,Manual,9691,549000.0,3,Delhi NCR
1975,Hyundai New Elantra,Hyundai,2019,46772,Petrol,Manual,14280,834000.0,7,Delhi NCR
1976,Hyundai Grand i10,Hyundai,2016,88464,Petrol,Manual,5205,234000.0,10,Delhi NCR
1977,Honda Amaze,Honda,2013,68665,Petrol,Manual,9368,199000.0,13,Delhi NCR
1978,Hyundai Santro Xing,Hyundai,2011,231724,Petrol,Manual,9368,79000.0,15,Delhi NCR
1979,Maruti Baleno,Maruti,2018,31097,Petrol,Manual,7750,438999.99999999994,8,Delhi NCR
1980,Hyundai i20,Hyundai,2012,38847,Petrol,Manual,16348,184000.0,14,Delhi NCR
1981,Maruti Ritz,Maruti,2012,86174,Petrol,Manual,8529,96000.0,14,Delhi NCR
1982,Hyundai i10,Hyundai,2012,116504,Petrol,Manual,9951,112000.00000000001,14,Delhi NCR
1983,Maruti Alto 800,Maruti,2016,82101,Petrol,Manual,3047,137000.0,10,Delhi NCR
1984,Hyundai Grand i10,Hyundai,2017,53769,Petrol,Manual,5513,282000.0,9,Delhi NCR
1985,Maruti Alto 800,Maruti,2019,84290,Petrol,Manual,3389,192000.0,7,Delhi NCR
1986,Hyundai Creta,Hyundai,2018,77544,Diesel,Manual,21654,459999.99999999994,8,Delhi NCR
1987,Toyota Etios,Toyota,2011,117565,Petrol,Manual,21654,112000.00000000001,15,Delhi NCR
1988,Honda City,Honda,2014,69657,Petrol,Manual,13850,417000.0,12,Delhi NCR
1989,Maruti Wagon R 1.0,Maruti,2016,97637,Petrol,Manual,3737,168000.0,10,Delhi NCR
1990,Maruti Alto 800,Maruti,2014,96496,Petrol,Manual,4152,125000.0,12,Delhi NCR
1991,Hyundai Grand i10,Hyundai,2017,134443,Petrol,Manual,6340,285000.0,9,Delhi NCR
1992,Hyundai Santro Xing,Hyundai,2011,65084,Petrol,Manual,6340,80000.0,15,Delhi NCR
1993,Hyundai Creta,Hyundai,2016,79070,Petrol,Manual,12190,548000.0,10,Delhi NCR
1994,Ford Ecosport,Ford,2017,42576,Petrol,Auto,6393,327000.0,9,Delhi NCR
1995,Ford Ecosport,Ford,2016,85000,Diesel,Manual,6393,259000.0,10,Delhi NCR
1996,Mahindra Kuv100,Mahindra,2016,102870,Petrol,Manual,3937,177000.0,10,Delhi NCR
1997,Hyundai VENUE,Hyundai,2019,52518,Diesel,Manual,18434,555000.0,7,Delhi NCR
1998,Maruti Alto K10,Maruti,2015,72395,Petrol,Manual,3818,145000.0,11,Delhi NCR
1999,Maruti Ertiga,Maruti,2019,75000,Petrol,Manual,13293,753000.0,7,Delhi NCR
2000,Honda Amaze,Honda,2016,116544,Petrol,Manual,4449,200000.0,10,Delhi NCR
2001,Maruti Alto 800,Maruti,2014,91733,Petrol,Manual,4550,137000.0,12,Delhi NCR
2002,Renault Kwid,Renault,2018,86289,Petrol,Manual,3495,198000.0,8,Delhi NCR
2003,Tata PUNCH,Tata,2023,18911,Petrol,Manual,9285,526000.0,3,Delhi NCR
2004,Maruti Swift,Maruti,2012,69165,Petrol,Manual,16526,186000.0,14,Delhi NCR
2005,Maruti Baleno,Maruti,2020,10778,Petrol,Manual,8667,491000.0,6,Delhi NCR
2006,Maruti Swift Dzire,Maruti,2011,111291,Petrol,Manual,8667,93000.0,15,Delhi NCR
2007,Maruti Swift Dzire,Maruti,2015,37119,Petrol,Manual,6583,250000.0,11,Delhi NCR
2008,Toyota Etios Liva,Toyota,2011,67391,Petrol,Manual,6583,128000.0,15,Delhi NCR
2009,Maruti Wagon R 1.0,Maruti,2013,107978,Petrol,Manual,6449,137000.0,13,Delhi NCR
2010,Hyundai i10,Hyundai,2013,101377,Petrol,Manual,5884,125000.0,13,Delhi NCR
2011,Hyundai Elite i20,Hyundai,2016,143722,Diesel,Manual,5884,280000.0,10,Delhi NCR
2012,Maruti Wagon R 1.0,Maruti,2011,92353,Petrol,Manual,5884,82000.0,15,Delhi NCR
2013,Mahindra Kuv100,Mahindra,2017,26401,Petrol,Manual,4066,208000.0,9,Delhi NCR
2014,Maruti Baleno,Maruti,2021,38328,Petrol,Manual,8279,469000.00000000006,5,Delhi NCR
2015,Maruti Alto 800,Maruti,2017,19480,Petrol,Manual,4907,250999.99999999997,9,Delhi NCR
2016,Maruti Wagon R 1.0,Maruti,2018,91458,Petrol,Manual,5296,300000.0,8,Delhi NCR
2017,Hyundai Santro Xing,Hyundai,2011,50154,Petrol,Manual,5296,94000.0,15,Delhi NCR
2018,Hyundai Grand i10,Hyundai,2017,82308,Petrol,Manual,4985,254999.99999999997,9,Delhi NCR
2019,Maruti Swift,Maruti,2012,95734,Petrol,Manual,16792,189000.0,14,Delhi NCR
2020,Tata NEXON,Tata,2022,35516,Petrol,Manual,9709,550000.0,4,Delhi NCR
2021,Hyundai Verna,Hyundai,2016,39579,Petrol,Manual,8052,362000.0,10,Delhi NCR
2022,Hyundai i10,Hyundai,2013,76915,Petrol,Manual,6920,147000.0,13,Delhi NCR
2023,Hyundai i20,Hyundai,2013,115156,Petrol,Manual,9415,200000.0,13,Delhi NCR
2024,Maruti Swift,Maruti,2011,55285,Petrol,Manual,9415,100000.0,15,Delhi NCR
2025,Tata PUNCH,Tata,2024,6977,Petrol,Manual,13398,759000.0,2,Delhi NCR
2026,Maruti Swift Dzire,Maruti,2016,131698,Petrol,Manual,6384,287000.0,10,Delhi NCR
2027,Hyundai NEW SANTRO,Hyundai,2020,119256,Petrol,Manual,6050,272000.0,6,Delhi NCR
2028,Hyundai i10,Hyundai,2011,105500,Petrol,Manual,6050,81000.0,15,Delhi NCR
2029,Tata PUNCH,Tata,2022,17442,Petrol,Manual,8579,486000.00000000006,4,Delhi NCR
2030,Toyota Etios,Toyota,2011,163150,Petrol,Manual,8579,125000.0,15,Delhi NCR
2031,Skoda Rapid,Skoda,2012,82864,Petrol,Manual,13061,147000.0,14,Delhi NCR
2032,Maruti Baleno,Maruti,2018,111161,Petrol,Manual,15362,691000.0,8,Delhi NCR
2033,Tata PUNCH,Tata,2022,70777,Petrol,Manual,11262,638000.0,4,Delhi NCR
2034,Maruti Swift,Maruti,2012,140706,Petrol,Manual,21057,237000.0,14,Delhi NCR
2035,Hyundai GRAND I10 NIOS,Hyundai,2022,44096,Petrol,Manual,7891,447000.0,4,Delhi NCR
2036,Maruti Wagon R 1.0,Maruti,2011,77928,Petrol,Manual,7891,97000.0,15,Delhi NCR
2037,Mahindra TUV300,Mahindra,2016,111888,Diesel,Manual,7891,389000.0,10,Delhi NCR
2038,Volkswagen Polo,Volkswagen,2011,53154,Petrol,Manual,7891,129000.0,15,Delhi NCR
2039,Honda Brio,Honda,2012,107052,Petrol,Manual,8174,92000.0,14,Delhi NCR
2040,Maruti Swift Dzire,Maruti,2011,46928,Petrol,Manual,8174,113999.99999999999,15,Delhi NCR
2041,Mahindra TUV300,Mahindra,2016,152527,Diesel,Manual,8174,259000.0,10,Delhi NCR
2042,Maruti Vitara Brezza,Maruti,2021,56679,Petrol,Manual,9532,540000.0,5,Delhi NCR
2043,Hyundai i10,Hyundai,2013,84975,Petrol,Manual,6449,137000.0,13,Delhi NCR
2044,Maruti Ertiga,Maruti,2019,110568,Petrol,Manual,17807,819000.0,7,Delhi NCR
2045,Maruti Wagon R 1.0,Maruti,2017,92937,Petrol,Manual,4790,245000.00000000003,9,Delhi NCR
2046,Maruti Ertiga,Maruti,2017,111242,Petrol,Manual,12234,550000.0,9,Delhi NCR
2047,Maruti Celerio,Maruti,2015,27048,Petrol,Auto,7637,290000.0,11,Delhi NCR
2048,Honda City,Honda,2011,94915,Petrol,Manual,7637,172000.0,15,Delhi NCR
2049,Tata PUNCH,Tata,2024,55570,Petrol,Manual,11615,658000.0,2,Delhi NCR
2050,Maruti Baleno,Maruti,2015,119464,Petrol,Manual,8637,328000.0,11,Delhi NCR
2051,Hyundai i10,Hyundai,2013,96693,Petrol,Manual,6072,129000.0,13,Delhi NCR
2052,Maruti Vitara Brezza,Maruti,2016,121533,Diesel,Manual,6072,419000.00000000006,10,Delhi NCR
2053,Skoda Rapid,Skoda,2011,71080,Petrol,Manual,6072,125000.0,15,Delhi NCR
2054,Maruti Swift,Maruti,2020,56709,Petrol,Manual,7043,399000.0,6,Delhi NCR
2055,Tata NEXON,Tata,2020,26147,Petrol,Manual,9709,550000.0,6,Delhi NCR
2056,Toyota Etios,Toyota,2012,121424,Petrol,Manual,11728,132000.0,14,Delhi NCR
2057,Honda Amaze,Honda,2017,51870,Petrol,Manual,7496,383000.0,9,Delhi NCR
2058,Hyundai AURA,Hyundai,2024,23257,Petrol,Manual,9921,562000.0,2,Delhi NCR
2059,Maruti Celerio,Maruti,2015,112482,Petrol,Auto,4898,186000.0,11,Delhi NCR
2060,Renault Kwid,Renault,2019,17263,Petrol,Auto,4660,264000.0,7,Delhi NCR
2061,Maruti Wagon R 1.0,Maruti,2011,37395,Petrol,Manual,4660,99000.0,15,Delhi NCR
2062,Maruti Swift Dzire,Maruti,2015,64734,Petrol,Manual,8269,314000.0,11,Delhi NCR
2063,Maruti Wagon R 1.0,Maruti,2018,48966,Petrol,Manual,4802,272000.0,8,Delhi NCR
2064,Maruti FRONX,Maruti,2024,76756,Petrol,Manual,13240,750000.0,2,Delhi NCR
2065,Maruti Vitara Brezza,Maruti,2016,188000,Diesel,Manual,13240,378000.0,10,Delhi NCR
2066,Maruti Wagon R 1.0,Maruti,2017,98577,Petrol,Manual,3910,200000.0,9,Delhi NCR
2067,Honda Amaze,Honda,2014,104248,Petrol,Manual,5314,160000.0,12,Delhi NCR
2068,Volkswagen VIRTUS,Volkswagen,2023,36897,Petrol,Manual,23355,1364000.0,3,Delhi NCR
2069,Maruti New Wagon-R,Maruti,2022,36232,Petrol,Manual,6443,365000.0,4,Delhi NCR
2070,Tata PUNCH,Tata,2022,12998,Petrol,Manual,8473,480000.0,4,Delhi NCR
2071,Maruti Swift,Maruti,2017,132965,Petrol,Manual,6584,296000.0,9,Delhi NCR
2072,Ford Ecosport,Ford,2015,137690,Diesel,Manual,7075,213000.0,11,Delhi NCR
2073,Maruti Alto K10,Maruti,2015,162828,Petrol,Manual,3529,134000.0,11,Delhi NCR
2074,Tata Tiago,Tata,2018,74119,Petrol,Manual,4960,281000.0,8,Delhi NCR
2075,Hyundai i10,Hyundai,2011,79217,Petrol,Manual,4960,111000.00000000001,15,Delhi NCR
2076,Maruti Wagon R 1.0,Maruti,2015,150394,Petrol,Manual,4793,182000.0,11,Delhi NCR
2077,Maruti Baleno,Maruti,2022,50000,Petrol,Manual,8297,470000.0,4,Delhi NCR
2078,Maruti Swift,Maruti,2018,49530,Petrol,Manual,7149,405000.0,8,Delhi NCR
2079,Hyundai i10,Hyundai,2012,134142,Petrol,Manual,8352,94000.0,14,Delhi NCR
2080,Maruti Swift Dzire,Maruti,2011,73076,Petrol,Manual,8352,108000.0,15,Delhi NCR
2081,Maruti Wagon R 1.0,Maruti,2011,100531,Petrol,Manual,8352,99000.0,15,Delhi NCR
2082,Tata NEXON,Tata,2024,8861,Petrol,Auto,13478,763000.0,2,Delhi NCR
2083,Mahindra Scorpio,Mahindra,2016,222087,Diesel,Manual,13478,629000.0,10,Delhi NCR
2084,Maruti Vitara Brezza,Maruti,2017,103786,Diesel,Manual,44424,500000.0,9,Delhi NCR
2085,Maruti Swift Dzire,Maruti,2016,185848,Diesel,Manual,44424,336000.0,10,Delhi NCR
2086,Hyundai Elite i20,Hyundai,2015,29293,Petrol,Manual,7637,290000.0,11,Delhi NCR
2087,Honda City,Honda,2014,87865,Petrol,Auto,8835,266000.0,12,Delhi NCR
2088,Maruti Eeco,Maruti,2011,92094,Petrol,Manual,8835,85000.0,15,Delhi NCR
2089,Maruti Wagon R 1.0,Maruti,2011,85647,Petrol,Manual,8835,95000.0,15,Delhi NCR
2090,Maruti Ciaz,Maruti,2016,130501,Diesel,Manual,8835,263000.0,10,Delhi NCR
2091,Maruti Ciaz,Maruti,2023,30947,Petrol,Manual,13240,750000.0,3,Delhi NCR
2092,Maruti Swift Dzire,Maruti,2011,167650,Petrol,Manual,13240,108000.0,15,Delhi NCR
2093,Maruti Ritz,Maruti,2014,96766,Petrol,Manual,5447,164000.0,12,Delhi NCR
2094,Tata TIGOR,Tata,2017,62504,Petrol,Auto,5024,256999.99999999997,9,Delhi NCR
2095,Hyundai GRAND I10 NIOS,Hyundai,2020,30186,Petrol,Auto,8279,469000.00000000006,6,Delhi NCR
2096,Maruti Swift,Maruti,2017,44953,Diesel,Manual,30297,341000.0,9,Delhi NCR
2097,Chevrolet Sail UVA,Chevrolet,2012,46674,Petrol,Manual,7908,89000.0,14,Delhi NCR
2098,Honda Amaze,Honda,2014,204502,Diesel,Manual,7249,154000.0,12,Delhi NCR
2099,Hyundai i10,Hyundai,2014,32545,Petrol,Manual,5779,174000.0,12,Delhi NCR
2100,Maruti Baleno,Maruti,2019,59725,Petrol,Manual,10256,581000.0,7,Delhi NCR
2101,Maruti Dzire,Maruti,2017,37800,Petrol,Manual,6647,340000.0,9,Delhi NCR
2102,Hyundai i10,Hyundai,2011,892895,Petrol,Manual,6647,87000.0,15,Delhi NCR
2103,Hyundai Grand i10,Hyundai,2017,163839,Petrol,Manual,5049,227000.0,9,Delhi NCR
2104,Mahindra Scorpio,Mahindra,2019,103982,Diesel,Manual,34965,1068000.0,7,Delhi NCR
2105,Tata Tiago,Tata,2018,104997,Petrol,Auto,5583,250999.99999999997,8,Delhi NCR
2106,Maruti Alto K10,Maruti,2016,147911,Petrol,Auto,5161,231999.99999999997,10,Delhi NCR
2107,Maruti Ertiga,Maruti,2017,86497,Petrol,Manual,10029,513000.0,9,Delhi NCR
2108,Honda Amaze,Honda,2016,92427,Petrol,Manual,7385,332000.0,10,Delhi NCR
2109,Chevrolet Beat,Chevrolet,2015,59237,Diesel,Manual,4285,129000.0,11,Delhi NCR
2110,Hyundai i10,Hyundai,2011,122702,Petrol,Manual,4285,86000.0,15,Delhi NCR
2111,Hyundai Elite i20,Hyundai,2017,98268,Diesel,Manual,28076,316000.0,9,Delhi NCR
2112,Honda Amaze,Honda,2019,116771,Petrol,Manual,7852,353000.0,7,Delhi NCR
2113,Honda Jazz,Honda,2018,62139,Diesel,Manual,14781,314000.0,8,Delhi NCR
2114,Maruti Baleno,Maruti,2018,84379,Petrol,Manual,7308,413999.99999999994,8,Delhi NCR
2115,Maruti Celerio,Maruti,2019,77672,Petrol,Manual,5631,319000.0,7,Delhi NCR
2116,Ford Figo Aspire,Ford,2018,115026,Diesel,Manual,12710,270000.0,8,Delhi NCR
2117,Maruti Swift Dzire,Maruti,2011,89385,Petrol,Manual,12710,120000.0,15,Delhi NCR
2118,Maruti Wagon R 1.0,Maruti,2011,125957,Petrol,Manual,12710,97000.0,15,Delhi NCR
2119,Maruti Swift Dzire,Maruti,2011,134370,Petrol,Manual,12710,104000.0,15,Delhi NCR
2120,Renault Kiger,Renault,2021,161090,Petrol,Manual,8609,387000.0,5,Delhi NCR
2121,Maruti Swift,Maruti,2017,130789,Petrol,Manual,6673,300000.0,9,Delhi NCR
2122,Hyundai i20,Hyundai,2013,118000,Petrol,Manual,9226,196000.0,13,Delhi NCR
2123,Toyota Etios,Toyota,2011,83695,Petrol,Manual,9226,112000.00000000001,15,Delhi NCR
2124,Maruti New Wagon-R,Maruti,2019,76619,Petrol,Manual,6567,372000.0,7,Delhi NCR
2125,MG ASTOR,MG,2022,16971,Petrol,Manual,13240,750000.0,4,Delhi NCR
2126,Hyundai Accent,Hyundai,2011,205882,Petrol,Manual,13240,82000.0,15,Delhi NCR
2127,Honda Amaze,Honda,2015,92500,Petrol,Manual,5793,220000.00000000003,11,Delhi NCR
2128,Hyundai NEW I20,Hyundai,2022,14235,Petrol,Manual,10962,621000.0,4,Delhi NCR
2129,Maruti Dzire,Maruti,2017,191622,Petrol,Manual,6896,310000.0,9,Delhi NCR
2130,Hyundai Xcent,Hyundai,2015,69661,Petrol,Manual,5820,221000.0,11,Delhi NCR
2131,Mahindra XUV500,Mahindra,2018,93519,Diesel,Auto,43159,926000.0,8,Delhi NCR
2132,Maruti Wagon R 1.0,Maruti,2013,23780,Petrol,Manual,7626,162000.0,13,Delhi NCR
2133,Honda City,Honda,2014,43776,Petrol,Manual,10662,321000.0,12,Delhi NCR
2134,Maruti Ertiga,Maruti,2017,103402,Diesel,Manual,47534,535000.0,9,Delhi NCR
2135,Tata TIAGO NRG,Tata,2022,14123,Petrol,Auto,8826,500000.0,4,Delhi NCR
2136,Maruti Ritz,Maruti,2011,110997,Petrol,Manual,8826,95000.0,15,Delhi NCR
2137,Tata Hexa,Tata,2017,55347,Diesel,Auto,87321,988000.0000000001,9,Delhi NCR
2138,Maruti Wagon R 1.0,Maruti,2010,108164,Petrol,Manual,87321,76000.0,16,Delhi NCR
2139,Hyundai Accent,Hyundai,2010,119993,Petrol,Manual,87321,76000.0,16,Delhi NCR
2140,Fiat Punto EVO,Fiat,2017,59744,Petrol,Manual,4927,252000.0,9,Delhi NCR
2141,Toyota Camry,Toyota,2014,120888,Petrol,Auto,18268,550000.0,12,Delhi NCR
2142,Maruti Baleno,Maruti,2018,41647,Petrol,Manual,9197,521000.0,8,Delhi NCR
2143,Hyundai i10,Hyundai,2011,226648,Petrol,Manual,9197,102000.0,15,Delhi NCR
2144,Maruti Swift,Maruti,2020,57653,Petrol,Manual,7238,409999.99999999994,6,Delhi NCR
2145,Hyundai Creta,Hyundai,2017,51903,Petrol,Manual,13294,680000.0,9,Delhi NCR
2146,Honda WR-V,Honda,2021,7970,Petrol,Manual,11333,642000.0,5,Delhi NCR
2147,Maruti Alto K10,Maruti,2011,69037,Petrol,Manual,11333,81000.0,15,Delhi NCR
2148,Maruti Alto K10,Maruti,2011,56759,Petrol,Manual,11333,91000.0,15,Delhi NCR
2149,Honda Amaze,Honda,2016,65676,Petrol,Manual,7897,355000.0,10,Delhi NCR
2150,Maruti Swift,Maruti,2020,89602,Petrol,Manual,6955,394000.0,6,Delhi NCR
2151,Maruti Swift,Maruti,2012,58949,Petrol,Manual,16259,183000.0,14,Delhi NCR
2152,Maruti Vitara Brezza,Maruti,2016,113680,Diesel,Manual,16259,450000.0,10,Delhi NCR
2153,KIA SELTOS,KIA,2020,94641,Diesel,Manual,17380,660000.0,6,Delhi NCR
2154,Toyota Etios,Toyota,2013,154246,Petrol,Manual,10450,222000.00000000003,13,Delhi NCR
2155,Maruti Swift Dzire,Maruti,2017,88118,Diesel,Manual,25766,290000.0,9,Delhi NCR
2156,Maruti Wagon R 1.0,Maruti,2011,119053,Petrol,Manual,25766,96000.0,15,Delhi NCR
2157,Hyundai i10,Hyundai,2010,56826,Petrol,Manual,25766,68000.0,16,Delhi NCR
2158,Hyundai Santro Xing,Hyundai,2011,33148,Petrol,Manual,25766,89000.0,15,Delhi NCR
2159,Maruti Baleno,Maruti,2016,95959,Petrol,Manual,7229,325000.0,10,Delhi NCR
2160,Honda Jazz,Honda,2011,68472,Petrol,Manual,7229,87000.0,15,Delhi NCR
2161,Maruti Baleno,Maruti,2016,117093,Petrol,Manual,6162,277000.0,10,Delhi NCR
2162,Maruti Wagon R 1.0,Maruti,2018,117424,Petrol,Manual,5650,254000.0,8,Delhi NCR
2163,Maruti Baleno,Maruti,2016,97131,Petrol,Manual,7608,342000.0,10,Delhi NCR
2164,Maruti Ciaz,Maruti,2016,96725,Diesel,Manual,7608,291000.0,10,Delhi NCR
2165,Maruti Swift,Maruti,2023,36443,Petrol,Manual,7944,450000.0,3,Delhi NCR
2166,Maruti Wagon R 1.0,Maruti,2011,83684,Petrol,Manual,7944,106000.0,15,Delhi NCR
2167,Honda City,Honda,2014,65928,Petrol,Manual,12123,365000.0,12,Delhi NCR
2168,Maruti Baleno,Maruti,2018,85244,Petrol,Manual,10945,620000.0,8,Delhi NCR
2169,Hyundai Grand i10,Hyundai,2015,42961,Petrol,Manual,6978,265000.0,11,Delhi NCR
2170,Tata TIGOR,Tata,2018,74094,Petrol,Auto,5525,313000.0,8,Delhi NCR
2171,Tata ALTROZ,Tata,2020,106115,Diesel,Manual,11324,430000.0,6,Delhi NCR
2172,Honda City,Honda,2011,72441,Petrol,Auto,11324,187000.0,15,Delhi NCR
2173,Hyundai Santro Xing,Hyundai,2013,67818,Petrol,Manual,5461,115999.99999999999,13,Delhi NCR
2174,Maruti Swift,Maruti,2016,98550,Petrol,Manual,6006,270000.0,10,Delhi NCR
2175,Maruti Swift Dzire,Maruti,2011,189272,Petrol,Manual,6006,100000.0,15,Delhi NCR
2176,Maruti Wagon R 1.0,Maruti,2012,94953,Petrol,Manual,8618,97000.0,14,Delhi NCR
2177,Hyundai i10,Hyundai,2010,62946,Petrol,Manual,8618,50000.0,16,Delhi NCR
2178,Hyundai Accent,Hyundai,2012,83986,Petrol,Manual,6664,75000.0,14,Delhi NCR
2179,Maruti Ertiga,Maruti,2022,107611,Petrol,Manual,21829,1003999.9999999999,4,Delhi NCR
2180,Maruti Baleno,Maruti,2016,78334,Petrol,Manual,9432,424000.0,10,Delhi NCR
2181,Maruti Dzire,Maruti,2022,48890,Petrol,Manual,8456,479000.0,4,Delhi NCR
2182,Tata NEXON,Tata,2019,84873,Diesel,Manual,18666,562000.0,7,Delhi NCR
2183,Hyundai Santro Xing,Hyundai,2011,117518,Petrol,Manual,18666,74000.0,15,Delhi NCR
2184,Hyundai i10,Hyundai,2012,90645,Petrol,Manual,8085,91000.0,14,Delhi NCR
2185,Maruti Wagon R 1.0,Maruti,2015,61490,Petrol,Manual,5767,219000.0,11,Delhi NCR
2186,Hyundai Verna,Hyundai,2013,83582,Petrol,Manual,12710,270000.0,13,Delhi NCR
2187,Honda City,Honda,2017,16983,Petrol,Manual,10948,560000.0,9,Delhi NCR
2188,Hyundai i10,Hyundai,2011,58818,Petrol,Manual,10948,130000.0,15,Delhi NCR
2189,Maruti Vitara Brezza,Maruti,2018,124065,Diesel,Manual,25278,537000.0,8,Delhi NCR
2190,Honda Brio,Honda,2012,82494,Petrol,Manual,8352,94000.0,14,Delhi NCR
2191,Maruti Celerio,Maruti,2021,64304,Petrol,Manual,6037,342000.0,5,Delhi NCR
2192,Volkswagen Vento,Volkswagen,2013,148543,Petrol,Manual,8379,178000.0,13,Delhi NCR
2193,Maruti Swift Dzire,Maruti,2011,73396,Petrol,Manual,8379,104000.0,15,Delhi NCR
2194,Volkswagen Polo,Volkswagen,2013,125821,Petrol,Auto,12286,261000.0,13,Delhi NCR
2195,Nissan Micra,Nissan,2015,72506,Petrol,Manual,4055,154000.0,11,Delhi NCR
2196,Maruti Baleno,Maruti,2016,41046,Petrol,Manual,7519,338000.0,10,Delhi NCR
2197,Maruti Wagon R 1.0,Maruti,2018,60333,Petrol,Auto,4943,280000.0,8,Delhi NCR
2198,Honda Brio,Honda,2012,67616,Petrol,Manual,11550,130000.0,14,Delhi NCR
2199,Renault Pulse,Renault,2016,160409,Petrol,Manual,3003,135000.0,10,Delhi NCR
2200,Hyundai Verna,Hyundai,2011,79386,Petrol,Manual,3003,121000.0,15,Delhi NCR
2201,Maruti Ertiga,Maruti,2014,35507,Petrol,Manual,16840,507000.0,12,Delhi NCR
2202,Toyota Etios,Toyota,2011,69403,Petrol,Manual,16840,114999.99999999999,15,Delhi NCR
2203,Hyundai Grand i10,Hyundai,2014,95937,Petrol,Manual,5580,168000.0,12,Delhi NCR
2204,Maruti Alto K10,Maruti,2011,68192,Petrol,Manual,5580,111000.00000000001,15,Delhi NCR
2205,Maruti Alto 800,Maruti,2017,57139,Petrol,Manual,3617,185000.0,9,Delhi NCR
2206,Maruti Ciaz,Maruti,2016,180762,Diesel,Manual,3617,289000.0,10,Delhi NCR
2207,Maruti Alto K10,Maruti,2016,81207,Petrol,Auto,4649,209000.0,10,Delhi NCR
2208,Maruti Baleno,Maruti,2018,52058,Petrol,Manual,6090,345000.0,8,Delhi NCR
2209,Honda City,Honda,2015,161000,Petrol,Manual,7242,275000.0,11,Delhi NCR
2210,Maruti Wagon R 1.0,Maruti,2013,34216,Petrol,Manual,8002,170000.0,13,Delhi NCR
2211,Hyundai Grand i10,Hyundai,2014,71523,Petrol,Manual,13286,400000.0,12,Delhi NCR
2212,Maruti Zen Estilo,Maruti,2011,18363,Petrol,Manual,13286,69000.0,15,Delhi NCR
2213,Maruti Celerio,Maruti,2016,144761,Petrol,Auto,3532,159000.0,10,Delhi NCR
2214,Hyundai Santro Xing,Hyundai,2011,112513,Petrol,Manual,3532,76000.0,15,Delhi NCR
2215,Maruti Baleno,Maruti,2018,100837,Petrol,Manual,8141,366000.0,8,Delhi NCR
2216,Hyundai i10,Hyundai,2011,130034,Petrol,Manual,8141,100000.0,15,Delhi NCR
2217,Maruti Swift,Maruti,2017,87210,Petrol,Manual,5748,294000.0,9,Delhi NCR
2218,Honda City,Honda,2011,41954,Petrol,Manual,5748,121000.0,15,Delhi NCR
2219,Honda City,Honda,2015,72821,Petrol,Auto,12245,465000.00000000006,11,Delhi NCR
2220,Maruti Swift,Maruti,2019,156229,Petrol,Manual,9587,430999.99999999994,7,Delhi NCR
2221,Maruti Ertiga,Maruti,2012,175292,Petrol,Manual,23545,265000.0,14,Delhi NCR
2222,Maruti Vitara Brezza,Maruti,2021,108495,Petrol,Manual,11767,529000.0,5,Delhi NCR
2223,Maruti Swift,Maruti,2017,57096,Petrol,Manual,5865,300000.0,9,Delhi NCR
2224,Maruti Baleno,Maruti,2016,80778,Petrol,Manual,6362,286000.0,10,Delhi NCR
2225,Hyundai i10,Hyundai,2015,28884,Petrol,Manual,6294,239000.0,11,Delhi NCR
2226,Volkswagen Polo,Volkswagen,2011,59766,Petrol,Manual,6294,151000.0,15,Delhi NCR
2227,Tata Curvv,Tata,2025,6670,Petrol,Manual,16609,969999.9999999999,1,Delhi NCR
2228,Maruti Swift,Maruti,2015,81703,Petrol,Manual,9217,350000.0,11,Delhi NCR
2229,Toyota Etios,Toyota,2011,27860,Petrol,Manual,9217,165000.0,15,Delhi NCR
2230,Hyundai i10,Hyundai,2011,110000,Petrol,Manual,9217,95000.0,15,Delhi NCR
2231,Maruti Swift,Maruti,2021,45515,Petrol,Manual,7238,409999.99999999994,5,Delhi NCR
2232,Renault Kwid,Renault,2020,22000,Petrol,Manual,4890,277000.0,6,Delhi NCR
2233,Maruti Swift Dzire,Maruti,2011,78298,Petrol,Manual,4890,84000.0,15,Delhi NCR
2234,Honda City,Honda,2017,124904,Diesel,Manual,37316,420000.0,9,Delhi NCR
2235,Hyundai Santro Xing,Hyundai,2012,70162,Petrol,Manual,8618,97000.0,14,Delhi NCR
2236,Maruti Baleno,Maruti,2017,71129,Diesel,Manual,29320,330000.0,9,Delhi NCR
2237,Volkswagen Polo,Volkswagen,2011,96523,Petrol,Manual,29320,95000.0,15,Delhi NCR
2238,Honda WR-V,Honda,2019,63656,Petrol,Manual,7061,400000.0,7,Delhi NCR
2239,Hyundai i20,Hyundai,2013,56150,Petrol,Manual,8426,179000.0,13,Delhi NCR
2240,Hyundai Grand i10,Hyundai,2015,94903,Petrol,Manual,5793,220000.00000000003,11,Delhi NCR
2241,Hyundai Creta,Hyundai,2015,60397,Petrol,Manual,14721,559000.0,11,Delhi NCR
2242,Hyundai Grand i10,Hyundai,2017,104073,Diesel,Manual,19991,225000.0,9,Delhi NCR
2243,Hyundai i10,Hyundai,2013,85030,Petrol,Manual,6402,136000.0,13,Delhi NCR
2244,Maruti IGNIS,Maruti,2018,15326,Petrol,Manual,6320,358000.0,8,Delhi NCR
2245,Hyundai i10,Hyundai,2011,70056,Petrol,Manual,6320,80000.0,15,Delhi NCR
2246,Maruti Wagon R 1.0,Maruti,2017,69013,Petrol,Manual,5024,256999.99999999997,9,Delhi NCR
2247,Nissan Micra,Nissan,2013,113479,Petrol,Manual,4849,103000.0,13,Delhi NCR
2248,Ford Ecosport,Ford,2016,91747,Diesel,Manual,4849,266000.0,10,Delhi NCR
2249,Hyundai i20,Hyundai,2011,188723,Petrol,Manual,4849,97000.0,15,Delhi NCR
2250,Hyundai Grand i10,Hyundai,2015,33878,Petrol,Manual,7373,280000.0,11,Delhi NCR
2251,Ford Figo Aspire,Ford,2015,104671,Diesel,Manual,7373,180000.0,11,Delhi NCR
2252,Mahindra XUV500,Mahindra,2017,71622,Diesel,Auto,90238,1021000.0000000001,9,Delhi NCR
2253,Honda City,Honda,2014,113246,Petrol,Manual,11459,345000.0,12,Delhi NCR
2254,Toyota Etios Liva,Toyota,2016,83452,Diesel,Manual,11459,277000.0,10,Delhi NCR
2255,Skoda Rapid,Skoda,2012,28711,Petrol,Manual,15637,176000.0,14,Delhi NCR
2256,Honda WR-V,Honda,2022,37355,Petrol,Manual,10786,611000.0,4,Delhi NCR
2257,Maruti Baleno,Maruti,2020,43724,Petrol,Manual,8244,467000.0,6,Delhi NCR
2258,Maruti Ertiga,Maruti,2017,162513,Diesel,Manual,43714,492000.0,9,Delhi NCR
2259,Maruti Wagon R 1.0,Maruti,2011,99293,Petrol,Manual,43714,85000.0,15,Delhi NCR
2260,Maruti Wagon R 1.0,Maruti,2012,96959,Petrol,Manual,9951,112000.00000000001,14,Delhi NCR
2261,Hyundai Creta,Hyundai,2016,133074,Diesel,Manual,9951,457000.0,10,Delhi NCR
2262,Hyundai i20,Hyundai,2012,85700,Petrol,Manual,15282,172000.0,14,Delhi NCR
2263,MG HECTOR PLUS,MG,2020,79752,Petrol,Auto,14554,850000.0,6,Delhi NCR
2264,Maruti Swift,Maruti,2016,69808,Petrol,Manual,6918,311000.0,10,Delhi NCR
2265,Maruti Swift Dzire,Maruti,2011,157390,Petrol,Manual,6918,104000.0,15,Delhi NCR
2266,Hyundai Grand i10,Hyundai,2017,109567,Diesel,Manual,17237,194000.0,9,Delhi NCR
2267,Hyundai i20,Hyundai,2013,38774,Petrol,Manual,11062,235000.0,13,Delhi NCR
2268,Hyundai Verna,Hyundai,2013,81479,Petrol,Manual,12992,276000.0,13,Delhi NCR
2269,Ford Endeavour,Ford,2017,148950,Diesel,Auto,111184,1258000.0,9,Delhi NCR
2270,Volkswagen Polo,Volkswagen,2013,118885,Petrol,Manual,7767,165000.0,13,Delhi NCR
2271,Maruti Swift,Maruti,2016,127911,Petrol,Manual,5361,241000.0,10,Delhi NCR
2272,Maruti Wagon R 1.0,Maruti,2010,105939,Petrol,Manual,5361,97000.0,16,Delhi NCR
2273,Hyundai Grand i10,Hyundai,2016,73079,Petrol,Manual,7051,317000.0,10,Delhi NCR
2274,Hyundai Santro Xing,Hyundai,2012,94382,Petrol,Manual,7730,87000.0,14,Delhi NCR
2275,Maruti Swift Dzire,Maruti,2011,134629,Petrol,Manual,7730,110000.00000000001,15,Delhi NCR
2276,Hyundai Grand i10,Hyundai,2017,66500,Petrol,Manual,5670,290000.0,9,Delhi NCR
2277,Maruti New Wagon-R,Maruti,2019,122207,Petrol,Manual,6874,309000.0,7,Delhi NCR
2278,Maruti Wagon R 1.0,Maruti,2014,165787,Petrol,Manual,4982,150000.0,12,Delhi NCR
2279,Honda City,Honda,2017,125550,Diesel,Manual,36961,416000.0,9,Delhi NCR
2280,Maruti Swift,Maruti,2020,48033,Petrol,Manual,7449,422000.0,6,Delhi NCR
2281,Maruti Celerio,Maruti,2015,63638,Petrol,Manual,6241,237000.0,11,Delhi NCR
2282,Maruti Baleno,Maruti,2019,59230,Petrol,Manual,7061,400000.0,7,Delhi NCR
2283,Maruti Wagon R 1.0,Maruti,2011,82719,Petrol,Manual,7061,100000.0,15,Delhi NCR
2284,Maruti Ertiga,Maruti,2019,237913,Petrol,Manual,14993,674000.0,7,Delhi NCR
2285,Honda City,Honda,2011,121636,Petrol,Manual,14993,127000.0,15,Delhi NCR
2286,Hyundai Eon,Hyundai,2017,28633,Petrol,Manual,4301,220000.00000000003,9,Delhi NCR
2287,Toyota Etios,Toyota,2016,85577,Petrol,Manual,4738,213000.0,10,Delhi NCR
2288,Chevrolet Beat,Chevrolet,2012,52857,Petrol,Manual,7463,84000.0,14,Delhi NCR
2289,Tata Tiago,Tata,2018,94492,Petrol,Manual,5737,325000.0,8,Delhi NCR
2290,Maruti IGNIS,Maruti,2018,139759,Petrol,Manual,6851,308000.0,8,Delhi NCR
2291,Maruti Ciaz,Maruti,2016,149686,Petrol,Manual,6451,290000.0,10,Delhi NCR
2292,Tata NEXON,Tata,2022,63305,Petrol,Manual,9409,533000.0,4,Delhi NCR
2293,Renault Kwid,Renault,2021,51584,Petrol,Auto,5525,313000.0,5,Delhi NCR
2294,Hyundai i20 Active,Hyundai,2016,108482,Petrol,Manual,6251,281000.0,10,Delhi NCR
2295,Maruti Vitara Brezza,Maruti,2017,57094,Diesel,Manual,48245,543000.0,9,Delhi NCR
2296,Maruti Swift Dzire,Maruti,2015,106272,Petrol,Manual,6926,263000.0,11,Delhi NCR
2297,Hyundai i10,Hyundai,2013,74297,Petrol,Manual,6261,133000.0,13,Delhi NCR
2298,Maruti Swift Dzire,Maruti,2016,110056,Diesel,Manual,6261,252000.0,10,Delhi NCR
2299,Hyundai Eon,Hyundai,2013,90323,Petrol,Manual,5084,108000.0,13,Delhi NCR
2300,Maruti Wagon R 1.0,Maruti,2012,79145,Petrol,Manual,9329,105000.0,14,Delhi NCR
2301,Skoda Fabia,Skoda,2011,141405,Petrol,Manual,9329,87000.0,15,Delhi NCR
2302,Maruti Wagon R 1.0,Maruti,2017,68412,Petrol,Auto,5376,275000.0,9,Delhi NCR
2303,Hyundai i10,Hyundai,2013,95460,Petrol,Manual,7908,168000.0,13,Delhi NCR
2304,Maruti Ertiga,Maruti,2014,119417,Petrol,Manual,12156,366000.0,12,Delhi NCR
2305,Maruti Swift,Maruti,2018,32538,Petrol,Manual,7961,451000.0,8,Delhi NCR
2306,Honda City,Honda,2015,90298,Petrol,Manual,7373,280000.0,11,Delhi NCR
2307,Toyota Corolla Altis,Toyota,2011,77135,Petrol,Manual,7373,168000.0,15,Delhi NCR
2308,Hyundai Grand i10,Hyundai,2018,38026,Petrol,Manual,5296,300000.0,8,Delhi NCR
2309,Hyundai i20,Hyundai,2011,51492,Petrol,Manual,5296,128000.0,15,Delhi NCR
2310,Tata Tiago,Tata,2018,58402,Petrol,Manual,4766,270000.0,8,Delhi NCR
2311,Tata NEXON,Tata,2022,63244,Petrol,Manual,9868,559000.0,4,Delhi NCR
2312,Maruti Wagon R 1.0,Maruti,2011,128901,Petrol,Manual,9868,87000.0,15,Delhi NCR
2313,MG HECTOR,MG,2019,64239,Diesel,Manual,29432,899000.0,7,Delhi NCR
2314,Hyundai Creta,Hyundai,2015,115973,Petrol,Manual,10112,384000.0,11,Delhi NCR
2315,Hyundai Verna,Hyundai,2011,59426,Petrol,Manual,10112,164000.0,15,Delhi NCR
2316,Mahindra XUV500,Mahindra,2017,70513,Diesel,Manual,65304,735000.0,9,Delhi NCR
2317,Maruti Vitara Brezza,Maruti,2019,93614,Diesel,Manual,20394,614000.0,7,Delhi NCR
2318,Maruti Swift,Maruti,2011,79453,Petrol,Manual,20394,125000.0,15,Delhi NCR
2319,Toyota Etios,Toyota,2011,173274,Petrol,Manual,20394,114999.99999999999,15,Delhi NCR
2320,Maruti Baleno,Maruti,2016,65542,Petrol,Manual,7964,358000.0,10,Delhi NCR
2321,Tata PUNCH,Tata,2022,65043,Petrol,Auto,10856,615000.0,4,Delhi NCR
2322,Tata TIGOR,Tata,2017,125100,Petrol,Manual,6006,270000.0,9,Delhi NCR
2323,Honda BR-V,Honda,2018,40500,Petrol,Manual,10239,580000.0,8,Delhi NCR
2324,Honda City,Honda,2017,58288,Petrol,Manual,9736,498000.00000000006,9,Delhi NCR
2325,Maruti Swift,Maruti,2016,99849,Petrol,Manual,7096,319000.0,10,Delhi NCR
2326,Maruti Ciaz,Maruti,2016,150024,Diesel,Manual,7096,285000.0,10,Delhi NCR
2327,Maruti Dzire,Maruti,2018,61271,Diesel,Manual,16852,358000.0,8,Delhi NCR
2328,Hyundai Grand i10,Hyundai,2014,131107,Petrol,Manual,5480,165000.0,12,Delhi NCR
2329,Ford Figo Aspire,Ford,2017,53217,Diesel,Manual,29942,337000.0,9,Delhi NCR
2330,Maruti Ciaz,Maruti,2016,49311,Petrol,Manual,8008,360000.0,10,Delhi NCR
2331,Hyundai i10,Hyundai,2011,54582,Petrol,Manual,8008,83000.0,15,Delhi NCR
2332,Maruti Baleno,Maruti,2018,42865,Petrol,Manual,7591,430000.0,8,Delhi NCR
2333,Maruti IGNIS,Maruti,2017,80731,Petrol,Auto,5670,290000.0,9,Delhi NCR
2334,Hyundai Grand i10,Hyundai,2014,11495,Petrol,Manual,7706,231999.99999999997,12,Delhi NCR
2335,Honda Amaze,Honda,2015,49995,Petrol,Manual,8558,325000.0,11,Delhi NCR
2336,Maruti Swift,Maruti,2017,31092,Petrol,Manual,5767,295000.0,9,Delhi NCR
2337,Hyundai i10,Hyundai,2011,63962,Petrol,Manual,5767,85000.0,15,Delhi NCR
2338,Honda City,Honda,2015,104941,Petrol,Manual,10534,400000.0,11,Delhi NCR
2339,Hyundai i10,Hyundai,2011,47188,Petrol,Manual,10534,103000.0,15,Delhi NCR
2340,Maruti Swift,Maruti,2019,84378,Petrol,Manual,8473,480000.0,7,Delhi NCR
2341,Honda City,Honda,2011,106973,Petrol,Manual,8473,114999.99999999999,15,Delhi NCR
2342,Maruti Ertiga,Maruti,2019,35954,Petrol,Manual,13363,757000.0,7,Delhi NCR
2343,Toyota Etios,Toyota,2011,79002,Petrol,Manual,13363,135000.0,15,Delhi NCR
2344,Maruti Swift Dzire,Maruti,2016,132884,Petrol,Manual,6184,278000.0,10,Delhi NCR
2345,Hyundai Grand i10,Hyundai,2015,49030,Petrol,Manual,7189,273000.0,11,Delhi NCR
2346,Hyundai Eon,Hyundai,2013,25004,Petrol,Manual,6261,133000.0,13,Delhi NCR
2347,Maruti Alto,Maruti,2019,18337,Petrol,Manual,4237,240000.0,7,Delhi NCR
2348,Toyota Etios,Toyota,2011,61522,Petrol,Manual,4237,103000.0,15,Delhi NCR
2349,Maruti Swift Dzire,Maruti,2011,128566,Petrol,Manual,4237,87000.0,15,Delhi NCR
2350,Hyundai Santro Xing,Hyundai,2013,44582,Petrol,Manual,7249,154000.0,13,Delhi NCR
2351,Hyundai VENUE,Hyundai,2020,107000,Petrol,Manual,11100,499000.0,6,Delhi NCR
2352,Volkswagen Polo,Volkswagen,2020,111505,Petrol,Manual,11122,500000.0,6,Delhi NCR
2353,Maruti Vitara Brezza,Maruti,2017,75075,Diesel,Manual,33763,380000.0,9,Delhi NCR
2354,Honda City,Honda,2015,131571,Petrol,Manual,9928,377000.0,11,Delhi NCR
2355,Hyundai Eon,Hyundai,2011,7698,Petrol,Manual,9928,93000.0,15,Delhi NCR
2356,Maruti Swift,Maruti,2025,9935,Petrol,Auto,11457,649000.0,1,Delhi NCR
2357,Tata NEXON,Tata,2024,12801,Petrol,Manual,18835,1100000.0,2,Delhi NCR
2358,Maruti Ertiga,Maruti,2014,83941,Petrol,Manual,13917,419000.00000000006,12,Delhi NCR
2359,Hyundai Santro Xing,Hyundai,2013,24691,Petrol,Manual,6167,131000.0,13,Delhi NCR
2360,Ford Figo Aspire,Ford,2018,35704,Petrol,Manual,5296,300000.0,8,Delhi NCR
2361,Hyundai Grand i10,Hyundai,2014,183267,Petrol,Manual,6204,187000.0,12,Delhi NCR
2362,Maruti Wagon R 1.0,Maruti,2014,103493,Petrol,Manual,5646,170000.0,12,Delhi NCR
2363,Honda City,Honda,2015,73115,Petrol,Manual,10534,400000.0,11,Delhi NCR
2364,Maruti Wagon R 1.0,Maruti,2012,109623,Petrol,Manual,11106,125000.0,14,Delhi NCR
2365,Hyundai VENUE,Hyundai,2022,88114,Petrol,Manual,10380,588000.0,4,Delhi NCR
2366,Toyota Etios,Toyota,2011,98775,Petrol,Manual,10380,113999.99999999999,15,Delhi NCR
2367,Renault TRIBER,Renault,2020,51198,Petrol,Manual,7061,400000.0,6,Delhi NCR
2368,Maruti Wagon R 1.0,Maruti,2016,232351,Petrol,Manual,3559,160000.0,10,Delhi NCR
2369,Ford Ecosport,Ford,2020,46905,Diesel,Manual,13852,526000.0,6,Delhi NCR
2370,Renault Kwid,Renault,2019,43851,Petrol,Manual,4007,227000.0,7,Delhi NCR
2371,Toyota Etios,Toyota,2014,24198,Petrol,Manual,7979,240000.0,12,Delhi NCR
2372,Maruti Swift,Maruti,2011,51338,Petrol,Manual,7979,105000.0,15,Delhi NCR
2373,MG HECTOR,MG,2019,38263,Petrol,Auto,16592,969000.0,7,Delhi NCR
2374,Chevrolet Beat,Chevrolet,2011,60230,Petrol,Manual,16592,55000.00000000001,15,Delhi NCR
2375,Skoda Octavia,Skoda,2018,111491,Petrol,Auto,16683,750000.0,8,Delhi NCR
2376,Honda City,Honda,2017,96857,Petrol,Auto,8993,459999.99999999994,9,Delhi NCR
2377,Renault Lodgy,Renault,2016,94165,Diesel,Manual,8993,200000.0,10,Delhi NCR
2378,Maruti Wagon R 1.0,Maruti,2011,102689,Petrol,Manual,8993,84000.0,15,Delhi NCR
2379,Maruti Wagon R 1.0,Maruti,2011,66298,Petrol,Manual,8993,74000.0,15,Delhi NCR
2380,Hyundai i10,Hyundai,2011,264001,Petrol,Manual,8993,95000.0,15,Delhi NCR
2381,Honda Amaze,Honda,2017,73720,Petrol,Manual,5161,264000.0,9,Delhi NCR
2382,Hyundai Santro Xing,Hyundai,2012,105646,Petrol,Manual,6841,77000.0,14,Delhi NCR
2383,Hyundai Elite i20,Hyundai,2015,110610,Petrol,Manual,7373,280000.0,11,Delhi NCR
2384,Hyundai VENUE,Hyundai,2019,24662,Petrol,Manual,9709,550000.0,7,Delhi NCR
2385,Maruti Wagon R 1.0,Maruti,2011,58170,Petrol,Manual,9709,75000.0,15,Delhi NCR
2386,Hyundai i10,Hyundai,2013,71934,Petrol,Manual,6355,135000.0,13,Delhi NCR
2387,Mahindra Scorpio,Mahindra,2019,245781,Diesel,Manual,27337,835000.0,7,Delhi NCR
2388,Honda City,Honda,2014,64613,Petrol,Manual,9533,287000.0,12,Delhi NCR
2389,Nissan MAGNITE,Nissan,2022,61228,Petrol,Manual,8261,468000.0,4,Delhi NCR
2390,Tata ALTROZ,Tata,2020,50430,Petrol,Manual,7661,434000.0,6,Delhi NCR
2391,Hyundai i10,Hyundai,2011,108174,Petrol,Manual,7661,100000.0,15,Delhi NCR
2392,Tata TIGOR,Tata,2018,90272,Petrol,Manual,4996,283000.0,8,Delhi NCR
2393,Nissan MAGNITE,Nissan,2025,8700,Petrol,Auto,12975,735000.0,1,Delhi NCR
2394,Maruti Celerio,Maruti,2021,17396,Petrol,Manual,7220,409000.0,5,Delhi NCR
2395,Maruti Baleno,Maruti,2018,86957,Petrol,Manual,7502,425000.0,8,Delhi NCR
2396,Maruti Vitara Brezza,Maruti,2017,132812,Diesel,Manual,32519,366000.0,9,Delhi NCR
2397,Maruti Alto 800,Maruti,2013,135137,Petrol,Manual,6167,131000.0,13,Delhi NCR
2398,Maruti Dzire,Maruti,2017,41490,Petrol,Auto,10186,521000.0,9,Delhi NCR
2399,Maruti Wagon R 1.0,Maruti,2011,19512,Petrol,Manual,10186,90000.0,15,Delhi NCR
2400,Renault TRIBER,Renault,2020,135026,Petrol,Manual,7786,350000.0,6,Delhi NCR
2401,Tata Tiago,Tata,2016,86003,Petrol,Manual,6184,278000.0,10,Delhi NCR
2402,Maruti Wagon R 1.0,Maruti,2012,117386,Petrol,Manual,8974,101000.0,14,Delhi NCR
2403,Tata NEXON,Tata,2021,62282,Petrol,Manual,12074,684000.0,5,Delhi NCR
2404,Maruti Alto K10,Maruti,2011,56975,Petrol,Manual,12074,94000.0,15,Delhi NCR
2405,Honda City,Honda,2017,84822,Petrol,Auto,9384,480000.0,9,Delhi NCR
2406,Hyundai i10,Hyundai,2014,83000,Petrol,Manual,5248,158000.0,12,Delhi NCR
2407,Renault TRIBER,Renault,2019,37383,Petrol,Manual,7061,400000.0,7,Delhi NCR
2408,Ford Ecosport,Ford,2016,194617,Diesel,Manual,9243,351000.0,10,Delhi NCR
2409,Hyundai i10,Hyundai,2011,42565,Petrol,Manual,9243,82000.0,15,Delhi NCR
2410,Hyundai i10,Hyundai,2011,83688,Petrol,Manual,9243,94000.0,15,Delhi NCR
2411,Hyundai Grand i10,Hyundai,2017,137862,Petrol,Manual,6384,287000.0,9,Delhi NCR
2412,Maruti Wagon R 1.0,Maruti,2015,97221,Petrol,Manual,4477,170000.0,11,Delhi NCR
2413,Ford Ecosport,Ford,2017,81315,Diesel,Manual,37850,426000.0,9,Delhi NCR
2414,Ford Ecosport,Ford,2017,78392,Petrol,Manual,7273,372000.0,9,Delhi NCR
2415,Maruti Wagon R 1.0,Maruti,2014,90310,Petrol,Manual,5580,168000.0,12,Delhi NCR
2416,Toyota Etios,Toyota,2011,106947,Petrol,Manual,5580,94000.0,15,Delhi NCR
2417,Hyundai i10,Hyundai,2011,61364,Petrol,Manual,5580,114999.99999999999,15,Delhi NCR
2418,Mahindra SCORPIO-N,Mahindra,2023,8642,Petrol,Auto,37995,2219000.0,3,Delhi NCR
2419,Hyundai GRAND I10 NIOS,Hyundai,2022,51182,Petrol,Manual,7061,400000.0,4,Delhi NCR
2420,Maruti Wagon R 1.0,Maruti,2012,326909,Petrol,Manual,8174,92000.0,14,Delhi NCR
2421,Maruti Wagon R 1.0,Maruti,2016,195390,Petrol,Manual,4671,210000.0,10,Delhi NCR
2422,Maruti Wagon R 1.0,Maruti,2014,94287,Petrol,Manual,4982,150000.0,12,Delhi NCR
2423,Maruti Ertiga,Maruti,2013,108547,Petrol,Manual,14216,302000.0,13,Delhi NCR
2424,Mahindra Kuv100,Mahindra,2018,149742,Petrol,Manual,3982,179000.0,8,Delhi NCR
2425,Maruti Wagon R 1.0,Maruti,2011,127388,Petrol,Manual,3982,93000.0,15,Delhi NCR
2426,Honda City,Honda,2015,102850,Petrol,Auto,12746,484000.0,11,Delhi NCR
2427,Volkswagen Vento,Volkswagen,2011,73025,Petrol,Manual,12746,131000.0,15,Delhi NCR
2428,Maruti Alto 800,Maruti,2015,53526,Petrol,Manual,4529,172000.0,11,Delhi NCR
2429,Hyundai Santro Xing,Hyundai,2011,107505,Petrol,Manual,4529,94000.0,15,Delhi NCR
2430,Volkswagen Polo,Volkswagen,2011,250000,Petrol,Manual,4529,84000.0,15,Delhi NCR
2431,Honda City,Honda,2016,99279,Petrol,Manual,10611,476999.99999999994,10,Delhi NCR
2432,Chevrolet Beat,Chevrolet,2013,105684,Petrol,Manual,3954,84000.0,13,Delhi NCR
2433,Renault Duster,Renault,2013,108972,Petrol,Manual,9415,200000.0,13,Delhi NCR
2434,Maruti Wagon R 1.0,Maruti,2012,101000,Petrol,Manual,9418,106000.0,14,Delhi NCR
2435,Hyundai Grand i10,Hyundai,2017,164004,Diesel,Manual,22301,250999.99999999997,9,Delhi NCR
2436,Maruti Swift,Maruti,2012,98801,Petrol,Manual,13150,148000.0,14,Delhi NCR
2437,Toyota Etios,Toyota,2011,51180,Petrol,Manual,13150,120000.0,15,Delhi NCR
2438,Hyundai Creta,Hyundai,2016,223270,Diesel,Manual,13150,575000.0,10,Delhi NCR
2439,Maruti Ertiga,Maruti,2024,28137,Petrol,Manual,15958,932000.0,2,Delhi NCR
2440,Maruti New Wagon-R,Maruti,2019,48102,Petrol,Manual,7449,422000.0,7,Delhi NCR
2441,Hyundai i20,Hyundai,2011,132736,Petrol,Manual,7449,114999.99999999999,15,Delhi NCR
2442,Honda City,Honda,2016,83800,Petrol,Manual,10077,453000.0,10,Delhi NCR
2443,Maruti Vitara Brezza,Maruti,2019,93122,Diesel,Manual,18268,550000.0,7,Delhi NCR
2444,Honda City,Honda,2016,117530,Petrol,Manual,9788,440000.00000000006,10,Delhi NCR
2445,Renault TRIBER,Renault,2021,21553,Petrol,Manual,8138,461000.00000000006,5,Delhi NCR
2446,Hyundai Verna,Hyundai,2017,92024,Diesel,Manual,47978,540000.0,9,Delhi NCR
2447,Mahindra XUV500,Mahindra,2019,253720,Diesel,Manual,18500,557000.0,7,Delhi NCR
2448,Hyundai Elite i20,Hyundai,2016,93765,Petrol,Manual,6651,299000.0,10,Delhi NCR
2449,Toyota Etios,Toyota,2011,145544,Petrol,Manual,6651,143000.0,15,Delhi NCR
2450,Honda Amaze,Honda,2018,153624,Petrol,Manual,8230,370000.0,8,Delhi NCR
2451,Honda Amaze,Honda,2018,106040,Petrol,Manual,8075,363000.0,8,Delhi NCR
2452,Hyundai i20,Hyundai,2011,85686,Petrol,Manual,8075,93000.0,15,Delhi NCR
2453,Maruti Baleno,Maruti,2018,76341,Petrol,Manual,7061,400000.0,8,Delhi NCR
2454,Maruti Wagon R 1.0,Maruti,2017,64816,Petrol,Manual,5220,267000.0,9,Delhi NCR
2455,Maruti S Cross,Maruti,2017,107051,Diesel,Manual,39182,441000.0,9,Delhi NCR
2456,Honda Amaze,Honda,2014,113757,Petrol,Manual,5049,152000.0,12,Delhi NCR
2457,Maruti Ertiga,Maruti,2015,46839,Petrol,Manual,12588,478000.0,11,Delhi NCR
2458,Mahindra Kuv100,Mahindra,2017,151309,Diesel,Manual,14394,162000.0,9,Delhi NCR
2459,Hyundai Verna,Hyundai,2022,64002,Petrol,Manual,17516,1023000.0,4,Delhi NCR
2460,Maruti Ritz,Maruti,2011,197661,Petrol,Manual,17516,95000.0,15,Delhi NCR
2461,Maruti Swift,Maruti,2011,49574,Petrol,Manual,17516,114999.99999999999,15,Delhi NCR
2462,Maruti Wagon R 1.0,Maruti,2012,113833,Petrol,Manual,11817,133000.0,14,Delhi NCR
2463,Chevrolet Cruze,Chevrolet,2017,107285,Diesel,Auto,37583,423000.00000000006,9,Delhi NCR
2464,Mahindra XUV500,Mahindra,2018,116440,Diesel,Auto,38871,834000.0,8,Delhi NCR
2465,Nissan Micra,Nissan,2011,22127,Petrol,Manual,38871,90000.0,15,Delhi NCR
2466,Maruti Alto K10,Maruti,2016,46535,Petrol,Manual,4738,213000.0,10,Delhi NCR
2467,Toyota Glanza,Toyota,2023,16603,Petrol,Manual,9444,535000.0,3,Delhi NCR
2468,Hyundai Elite i20,Hyundai,2019,51519,Petrol,Manual,8261,468000.0,7,Delhi NCR
2469,Hyundai i10,Hyundai,2011,74984,Petrol,Manual,8261,94000.0,15,Delhi NCR
2470,Maruti Swift,Maruti,2020,45288,Petrol,Auto,8032,455000.0,6,Delhi NCR
2471,Maruti Baleno,Maruti,2023,18800,Petrol,Manual,9780,554000.0,3,Delhi NCR
2472,Tata NEXON,Tata,2018,65950,Diesel,Manual,17088,363000.0,8,Delhi NCR
2473,Honda Amaze,Honda,2013,71097,Petrol,Manual,7861,167000.0,13,Delhi NCR
2474,Maruti Wagon R 1.0,Maruti,2011,51788,Petrol,Manual,7861,100000.0,15,Delhi NCR
2475,Datsun Go,Datsun,2016,97034,Petrol,Manual,2736,123000.0,10,Delhi NCR
2476,Hyundai i20,Hyundai,2011,83188,Petrol,Manual,2736,132000.0,15,Delhi NCR
2477,Volkswagen Polo,Volkswagen,2015,78067,Petrol,Manual,7505,285000.0,11,Delhi NCR
2478,Honda BR-V,Honda,2018,251110,Petrol,Manual,14770,664000.0,8,Delhi NCR
2479,Maruti Wagon R 1.0,Maruti,2012,264959,Petrol,Manual,9773,110000.00000000001,14,Delhi NCR
2480,Hyundai Santro Xing,Hyundai,2012,106731,Petrol,Manual,9685,109000.00000000001,14,Delhi NCR
2481,Hyundai i10,Hyundai,2011,84248,Petrol,Manual,9685,60000.0,15,Delhi NCR
2482,Maruti Alto K10,Maruti,2011,32493,Petrol,Manual,9685,93000.0,15,Delhi NCR
2483,Maruti Alto K10,Maruti,2023,38728,Petrol,Manual,6267,355000.0,3,Delhi NCR
2484,Maruti Swift,Maruti,2019,57259,Petrol,Manual,6832,387000.0,7,Delhi NCR
2485,Maruti Swift Dzire,Maruti,2016,98568,Petrol,Manual,6896,310000.0,10,Delhi NCR
2486,Hyundai Grand i10,Hyundai,2014,130388,Petrol,Auto,7473,225000.0,12,Delhi NCR
2487,Maruti A Star,Maruti,2011,223782,Petrol,Manual,7473,71000.0,15,Delhi NCR
2488,Maruti Ciaz,Maruti,2015,103874,Petrol,Manual,9322,354000.0,11,Delhi NCR
2489,Maruti Baleno,Maruti,2016,42204,Petrol,Manual,7786,350000.0,10,Delhi NCR
2490,Toyota Etios,Toyota,2011,75871,Petrol,Manual,7786,110000.00000000001,15,Delhi NCR
2491,Toyota Etios,Toyota,2011,133350,Petrol,Manual,7786,90000.0,15,Delhi NCR
2492,Maruti S Cross,Maruti,2022,30575,Petrol,Manual,11933,676000.0,4,Delhi NCR
2493,Hyundai Accent,Hyundai,2011,86957,Petrol,Manual,11933,72000.0,15,Delhi NCR
2494,Maruti Swift Dzire,Maruti,2011,46577,Petrol,Manual,11933,134000.0,15,Delhi NCR
2495,Honda WR-V,Honda,2019,20692,Petrol,Manual,8957,507000.0,7,Delhi NCR
2496,Hyundai Creta,Hyundai,2016,58727,Petrol,Manual,15304,688000.0,10,Delhi NCR
2497,Ford Ecosport,Ford,2016,75188,Petrol,Auto,7563,340000.0,10,Delhi NCR
2498,KIA SELTOS,KIA,2023,20523,Petrol,Manual,16711,976000.0,3,Delhi NCR
2499,Ford Figo,Ford,2011,49647,Petrol,Manual,16711,90000.0,15,Delhi NCR
2500,Hyundai i10,Hyundai,2011,47873,Petrol,Manual,16711,103000.0,15,Delhi NCR
2501,Tata ALTROZ,Tata,2021,75524,Diesel,Manual,8103,459000.0,5,Delhi NCR
2502,Maruti Alto,Maruti,2021,28538,Petrol,Manual,5508,312000.0,5,Delhi NCR
2503,Ford Figo,Ford,2011,75357,Petrol,Manual,5508,89000.0,15,Delhi NCR
2504,Skoda Rapid,Skoda,2012,110251,Petrol,Auto,16881,190000.0,14,Delhi NCR
2505,Maruti Swift Dzire,Maruti,2015,150643,Petrol,Manual,8111,308000.0,11,Delhi NCR
2506,Maruti Baleno,Maruti,2018,128319,Petrol,Auto,8520,383000.0,8,Delhi NCR
2507,Hyundai Grand i10,Hyundai,2015,80054,Petrol,Manual,7558,287000.0,11,Delhi NCR
2508,Hyundai Creta,Hyundai,2017,178371,Petrol,Manual,10455,470000.0,9,Delhi NCR
2509,Hyundai i10,Hyundai,2011,128322,Petrol,Manual,10455,74000.0,15,Delhi NCR
2510,Toyota Corolla Altis,Toyota,2011,63975,Petrol,Manual,10455,180000.0,15,Delhi NCR
2511,Maruti IGNIS,Maruti,2018,167786,Petrol,Manual,7274,327000.0,8,Delhi NCR
2512,Hyundai Creta,Hyundai,2017,64211,Petrol,Manual,11730,600000.0,9,Delhi NCR
2513,Hyundai Santro Xing,Hyundai,2012,159834,Petrol,Manual,10751,121000.0,14,Delhi NCR
2514,Honda City,Honda,2011,98793,Petrol,Manual,10751,158000.0,15,Delhi NCR
2515,Hyundai Santro Xing,Hyundai,2013,153288,Petrol,Manual,4237,90000.0,13,Delhi NCR
2516,Maruti Swift Dzire,Maruti,2011,100000,Petrol,Manual,4237,97000.0,15,Delhi NCR
2517,Maruti Eeco,Maruti,2019,198821,Petrol,Manual,4894,220000.00000000003,7,Delhi NCR
2518,Maruti Swift,Maruti,2020,66352,Petrol,Auto,8950,507000.0,6,Delhi NCR
2519,Hyundai GRAND I10 NIOS,Hyundai,2021,29638,Petrol,Manual,7502,425000.0,5,Delhi NCR
2520,Honda City,Honda,2014,116580,Petrol,Manual,9931,299000.0,12,Delhi NCR
2521,Hyundai Grand i10,Hyundai,2018,16282,Petrol,Manual,7326,415000.00000000006,8,Delhi NCR
2522,Maruti Zen Estilo,Maruti,2011,169998,Petrol,Manual,7326,50000.0,15,Delhi NCR
2523,Maruti Alto,Maruti,2010,168951,Petrol,Manual,7326,56000.00000000001,16,Delhi NCR
2524,Hyundai VENUE,Hyundai,2021,57986,Petrol,Manual,9532,540000.0,5,Delhi NCR
2525,Hyundai Santro Xing,Hyundai,2012,165091,Petrol,Manual,8618,97000.0,14,Delhi NCR
2526,Honda City,Honda,2014,201315,Petrol,Manual,9300,280000.0,12,Delhi NCR
2527,Honda BR-V,Honda,2016,63417,Petrol,Manual,7652,344000.0,10,Delhi NCR
2528,Ford Figo,Ford,2011,66252,Petrol,Manual,7652,77000.0,15,Delhi NCR
2529,Maruti Dzire,Maruti,2022,82754,Petrol,Manual,9656,547000.0,4,Delhi NCR
2530,Maruti Swift,Maruti,2010,50020,Petrol,Manual,9656,118000.0,16,Delhi NCR
2531,Renault Kwid,Renault,2021,54036,Petrol,Manual,4837,274000.0,5,Delhi NCR
2532,Honda Amaze,Honda,2016,60934,Petrol,Manual,7285,327000.0,10,Delhi NCR
2533,Hyundai Grand i10,Hyundai,2016,89841,Petrol,Manual,6028,271000.0,10,Delhi NCR
2534,Tata TIGOR,Tata,2018,107944,Petrol,Manual,6607,297000.0,8,Delhi NCR
2535,Skoda Fabia,Skoda,2011,56422,Petrol,Manual,6607,97000.0,15,Delhi NCR
2536,Maruti Wagon R 1.0,Maruti,2010,999,Petrol,Manual,6607,74000.0,16,Delhi NCR
2537,Mahindra XUV500,Mahindra,2018,132172,Diesel,Auto,32951,700000.0,8,Delhi NCR
2538,Honda City,Honda,2013,77413,Petrol,Manual,7296,155000.0,13,Delhi NCR
2539,Hyundai Elite i20,Hyundai,2020,46915,Petrol,Manual,8279,469000.00000000006,6,Delhi NCR
2540,Maruti Wagon R 1.0,Maruti,2015,135781,Petrol,Manual,4503,171000.0,11,Delhi NCR
2541,Tata NEXON,Tata,2019,205365,Diesel,Manual,14116,425000.0,7,Delhi NCR
2542,Maruti Vitara Brezza,Maruti,2017,262512,Diesel,Manual,40515,455999.99999999994,9,Delhi NCR
2543,Honda City,Honda,2011,129267,Petrol,Manual,40515,148000.0,15,Delhi NCR
2544,Honda City,Honda,2011,79639,Petrol,Manual,40515,121000.0,15,Delhi NCR
2545,Maruti Alto K10,Maruti,2011,1510,Petrol,Manual,40515,100000.0,15,Delhi NCR
2546,Maruti Swift Dzire,Maruti,2011,122293,Petrol,Manual,40515,127000.0,15,Delhi NCR
2547,Honda Amaze,Honda,2017,71358,Petrol,Manual,6764,346000.0,9,Delhi NCR
2548,Maruti Wagon R 1.0,Maruti,2011,42624,Petrol,Manual,6764,135000.0,15,Delhi NCR
2549,Volkswagen Vento,Volkswagen,2011,65180,Petrol,Manual,6764,137000.0,15,Delhi NCR
2550,Maruti Vitara Brezza,Maruti,2016,123042,Diesel,Manual,6764,468000.0,10,Delhi NCR
2551,Toyota Corolla Altis,Toyota,2011,182553,Petrol,Manual,6764,172000.0,15,Delhi NCR
2552,Honda City,Honda,2010,93483,Petrol,Auto,6764,132000.0,16,Delhi NCR
2553,Nissan Micra,Nissan,2012,151045,Petrol,Manual,7463,84000.0,14,Delhi NCR
2554,Hyundai Elite i20,Hyundai,2017,60570,Petrol,Manual,6491,332000.0,9,Delhi NCR
2555,Honda City,Honda,2012,72517,Petrol,Manual,12617,142000.0,14,Delhi NCR
2556,Honda City,Honda,2011,1,Petrol,Manual,12617,112000.00000000001,15,Delhi NCR
2557,Maruti Alto K10,Maruti,2017,41104,Petrol,Auto,4731,242000.0,9,Delhi NCR
2558,Ford Ecosport,Ford,2016,95107,Diesel,Manual,4731,266000.0,10,Delhi NCR
2559,Hyundai Elite i20,Hyundai,2019,539225,Petrol,Manual,8342,375000.0,7,Delhi NCR
2560,Honda City,Honda,2011,148248,Petrol,Manual,8342,125000.0,15,Delhi NCR
2561,Honda Amaze,Honda,2015,77203,Petrol,Manual,7900,300000.0,11,Delhi NCR
2562,Hyundai i10,Hyundai,2011,69572,Petrol,Manual,7900,65000.0,15,Delhi NCR
2563,Hyundai Grand i10,Hyundai,2014,47126,Petrol,Manual,7473,225000.0,12,Delhi NCR
2564,Maruti A Star,Maruti,2011,71813,Petrol,Manual,7473,80000.0,15,Delhi NCR
2565,Maruti Wagon R 1.0,Maruti,2011,40920,Petrol,Manual,7473,106000.0,15,Delhi NCR
2566,Hyundai Accent,Hyundai,2012,112332,Petrol,Manual,8352,94000.0,14,Delhi NCR
2567,Maruti Swift,Maruti,2011,166609,Petrol,Manual,8352,106000.0,15,Delhi NCR
2568,Hyundai Elite i20,Hyundai,2015,76837,Petrol,Manual,9849,374000.0,11,Delhi NCR
2569,Maruti Wagon R 1.0,Maruti,2011,66062,Petrol,Manual,9849,83000.0,15,Delhi NCR
2570,Toyota Etios Liva,Toyota,2017,26481,Petrol,Manual,6725,344000.0,9,Delhi NCR
2571,Honda City,Honda,2011,80441,Petrol,Manual,6725,160000.0,15,Delhi NCR
2572,Maruti Wagon R 1.0,Maruti,2011,31056,Petrol,Manual,6725,115999.99999999999,15,Delhi NCR
2573,Maruti Swift Dzire,Maruti,2016,72876,Petrol,Manual,6785,305000.0,10,Delhi NCR
2574,Hyundai Santro Xing,Hyundai,2010,28481,Petrol,Manual,6785,63000.0,16,Delhi NCR
2575,Maruti Celerio,Maruti,2019,30088,Petrol,Manual,5596,317000.0,7,Delhi NCR
2576,Maruti Swift Dzire,Maruti,2015,97977,Petrol,Manual,9164,348000.0,11,Delhi NCR
2577,Honda Civic,Honda,2012,113785,Petrol,Manual,13772,155000.0,14,Delhi NCR
2578,Hyundai Creta,Hyundai,2017,115342,Diesel,Manual,52598,592000.0,9,Delhi NCR
2579,Maruti S PRESSO,Maruti,2020,38489,Petrol,Manual,6973,395000.0,6,Delhi NCR
2580,Maruti Wagon R 1.0,Maruti,2012,72742,Petrol,Manual,18658,210000.0,14,Delhi NCR
2581,Honda City,Honda,2012,138141,Petrol,Manual,13150,148000.0,14,Delhi NCR
2582,Volkswagen Polo,Volkswagen,2020,31353,Petrol,Manual,13010,737000.0,6,Delhi NCR
2583,Hyundai Santro Xing,Hyundai,2011,57878,Petrol,Manual,13010,80000.0,15,Delhi NCR
2584,Hyundai Grand i10,Hyundai,2014,48090,Petrol,Manual,7008,211000.0,12,Delhi NCR
2585,Chevrolet Beat,Chevrolet,2011,92950,Petrol,Manual,7008,63000.0,15,Delhi NCR
2586,Maruti Celerio,Maruti,2014,91251,Petrol,Manual,5765,174000.0,12,Delhi NCR
2587,Hyundai i10,Hyundai,2013,116873,Petrol,Manual,6881,146000.0,13,Delhi NCR
2588,Maruti Dzire,Maruti,2019,89704,Petrol,Manual,6618,375000.0,7,Delhi NCR
2589,Honda City,Honda,2015,147795,Petrol,Auto,11166,424000.0,11,Delhi NCR
2590,Hyundai Elite i20,Hyundai,2019,54429,Petrol,Manual,7997,453000.0,7,Delhi NCR
2591,Hyundai Santro Xing,Hyundai,2011,106403,Petrol,Manual,7997,68000.0,15,Delhi NCR
2592,Maruti Vitara Brezza,Maruti,2016,65491,Diesel,Manual,7997,409999.99999999994,10,Delhi NCR
2593,Maruti Wagon R 1.0,Maruti,2014,183440,Petrol,Manual,5447,164000.0,12,Delhi NCR
2594,Maruti Eeco,Maruti,2016,241952,Petrol,Manual,4026,181000.0,10,Delhi NCR
2595,Chevrolet Beat,Chevrolet,2012,86000,Petrol,Manual,6042,68000.0,14,Delhi NCR
2596,Honda Amaze,Honda,2016,144558,Petrol,Manual,5383,242000.0,10,Delhi NCR
2597,Hyundai Grand i10,Hyundai,2016,67040,Petrol,Manual,5583,250999.99999999997,10,Delhi NCR
2598,Hyundai Santro Xing,Hyundai,2011,95495,Petrol,Manual,5583,84000.0,15,Delhi NCR
2599,Hyundai Grand i10,Hyundai,2016,60189,Petrol,Manual,6429,289000.0,10,Delhi NCR
2600,Maruti Baleno,Maruti,2022,53247,Petrol,Manual,8897,504000.0,4,Delhi NCR
2601,Honda Brio,Honda,2012,44081,Petrol,Manual,11550,130000.0,14,Delhi NCR
2602,Hyundai Grand i10,Hyundai,2019,29322,Petrol,Manual,6196,351000.0,7,Delhi NCR
2603,Honda City,Honda,2011,148071,Petrol,Manual,6196,130000.0,15,Delhi NCR
2604,Tata NEXON,Tata,2020,50703,Petrol,Auto,13240,750000.0,6,Delhi NCR
2605,KIA SELTOS,KIA,2020,79954,Petrol,Manual,11916,675000.0,6,Delhi NCR
2606,Maruti Swift,Maruti,2017,135991,Petrol,Manual,6451,290000.0,9,Delhi NCR
2607,Honda City,Honda,2011,119837,Petrol,Manual,6451,135000.0,15,Delhi NCR
2608,Hyundai i20,Hyundai,2011,113572,Petrol,Manual,6451,123000.0,15,Delhi NCR
2609,Mahindra XUV500,Mahindra,2018,148556,Diesel,Manual,26691,567000.0,8,Delhi NCR
2610,Honda Brio,Honda,2012,93708,Petrol,Manual,10484,118000.0,14,Delhi NCR
2611,Maruti Swift,Maruti,2011,70913,Petrol,Manual,10484,112000.00000000001,15,Delhi NCR
2612,Maruti Ertiga,Maruti,2012,192484,Petrol,Manual,19724,222000.00000000003,14,Delhi NCR
2613,Maruti Alto K10,Maruti,2011,106405,Petrol,Manual,19724,91000.0,15,Delhi NCR
2614,Maruti Baleno,Maruti,2016,190056,Petrol,Manual,6673,300000.0,10,Delhi NCR
2615,Mahindra XUV500,Mahindra,2017,116700,Diesel,Auto,50555,569000.0,9,Delhi NCR
2616,Toyota Etios,Toyota,2011,91127,Petrol,Manual,50555,106000.0,15,Delhi NCR
2617,Maruti Alto,Maruti,2011,55806,Petrol,Manual,50555,82000.0,15,Delhi NCR
2618,Hyundai Creta,Hyundai,2025,4180,Petrol,Manual,18595,1086000.0,1,Delhi NCR
2619,Honda Amaze,Honda,2016,54104,Petrol,Manual,6006,270000.0,10,Delhi NCR
2620,Toyota Etios,Toyota,2011,65045,Petrol,Manual,6006,100000.0,15,Delhi NCR
2621,Honda City,Honda,2017,103574,Diesel,Manual,37494,422000.0,9,Delhi NCR
2622,Honda City,Honda,2015,110575,Petrol,Manual,11850,450000.0,11,Delhi NCR
2623,Mahindra Scorpio,Mahindra,2019,52728,Diesel,Manual,36013,1100000.0,7,Delhi NCR
2624,Tata NEXON,Tata,2018,98298,Diesel,Auto,21183,450000.0,8,Delhi NCR
2625,Maruti Alto K10,Maruti,2011,88807,Petrol,Manual,21183,97000.0,15,Delhi NCR
2626,Tata ALTROZ,Tata,2020,72220,Petrol,Manual,6161,349000.0,6,Delhi NCR
2627,Mahindra Scorpio,Mahindra,2019,65918,Diesel,Manual,30577,934000.0,7,Delhi NCR
2628,Renault TRIBER,Renault,2020,54688,Petrol,Auto,7467,423000.00000000006,6,Delhi NCR
2629,Hyundai Grand i10,Hyundai,2016,107868,Petrol,Manual,5984,269000.0,10,Delhi NCR
2630,Maruti Alto,Maruti,2012,63161,Petrol,Manual,7730,87000.0,14,Delhi NCR
2631,Hyundai i20,Hyundai,2011,154455,Petrol,Manual,7730,84000.0,15,Delhi NCR
2632,Maruti Swift,Maruti,2015,104357,Petrol,Manual,7031,267000.0,11,Delhi NCR
2633,Maruti Baleno,Maruti,2018,43507,Petrol,Manual,7132,404000.0,8,Delhi NCR
2634,Maruti Baleno,Maruti,2018,80696,Petrol,Manual,6938,393000.0,8,Delhi NCR
2635,Hyundai i10,Hyundai,2011,62556,Petrol,Manual,6938,85000.0,15,Delhi NCR
2636,Maruti Swift,Maruti,2012,96350,Petrol,Manual,14660,165000.0,14,Delhi NCR
2637,Chevrolet Beat,Chevrolet,2012,32097,Petrol,Manual,6397,72000.0,14,Delhi NCR
2638,Renault TRIBER,Renault,2019,50490,Petrol,Manual,7043,399000.0,7,Delhi NCR
2639,Volkswagen Vento,Volkswagen,2011,70000,Petrol,Manual,7043,135000.0,15,Delhi NCR
2640,Maruti Ertiga,Maruti,2012,76523,Petrol,Manual,24433,275000.0,14,Delhi NCR
2641,Maruti Vitara Brezza,Maruti,2018,88450,Diesel,Auto,25090,533000.0,8,Delhi NCR
2642,Maruti Ritz,Maruti,2011,110000,Petrol,Manual,25090,81000.0,15,Delhi NCR
2643,Maruti Alto,Maruti,2020,17073,Petrol,Manual,5261,298000.0,6,Delhi NCR
2644,Maruti Swift Dzire,Maruti,2011,113891,Petrol,Manual,5261,124000.0,15,Delhi NCR
2645,Hyundai i20,Hyundai,2014,54483,Petrol,Manual,8304,250000.0,12,Delhi NCR
2646,Tata Harrier,Tata,2020,139421,Diesel,Manual,29645,1147000.0,6,Delhi NCR
2647,Maruti Dzire,Maruti,2017,114761,Diesel,Manual,8230,370000.0,9,Delhi NCR
2648,Honda WR-V,Honda,2019,42424,Petrol,Manual,9532,540000.0,7,Delhi NCR
2649,Hyundai i10,Hyundai,2012,89028,Petrol,Manual,7819,88000.0,14,Delhi NCR
2650,Maruti Ritz,Maruti,2013,92786,Petrol,Manual,7720,164000.0,13,Delhi NCR
2651,Maruti New Wagon-R,Maruti,2021,68018,Petrol,Manual,6708,380000.0,5,Delhi NCR
2652,Hyundai Verna,Hyundai,2024,7818,Petrol,Auto,23235,1357000.0,2,Delhi NCR
2653,Honda City,Honda,2012,100000,Petrol,Manual,19102,215000.0,14,Delhi NCR
2654,Ford Ecosport,Ford,2016,67317,Diesel,Manual,19102,300000.0,10,Delhi NCR
2655,Maruti Celerio,Maruti,2018,148226,Petrol,Manual,6451,290000.0,8,Delhi NCR
2656,Honda City,Honda,2011,94669,Petrol,Manual,6451,131000.0,15,Delhi NCR
2657,Hyundai i20,Hyundai,2013,113740,Petrol,Manual,7908,168000.0,13,Delhi NCR
2658,Hyundai Creta,Hyundai,2017,125822,Diesel,Auto,56152,632000.0,9,Delhi NCR
2659,Tata PUNCH,Tata,2024,26635,Petrol,Manual,11298,640000.0,2,Delhi NCR
2660,Honda City,Honda,2011,101845,Petrol,Manual,11298,164000.0,15,Delhi NCR
2661,Maruti Baleno,Maruti,2019,93986,Petrol,Manual,6620,375000.0,7,Delhi NCR
2662,Maruti Celerio,Maruti,2016,143237,Petrol,Manual,5450,245000.00000000003,10,Delhi NCR
2663,Hyundai NEW I20,Hyundai,2022,56587,Petrol,Auto,10239,580000.0,4,Delhi NCR
2664,Maruti Vitara Brezza,Maruti,2019,90785,Diesel,Manual,17205,518000.0,7,Delhi NCR
2665,Ford Ecosport,Ford,2017,104947,Diesel,Manual,27543,310000.0,9,Delhi NCR
2666,Tata NEXON,Tata,2022,56000,Petrol,Manual,10450,592000.0,4,Delhi NCR
2667,Maruti Swift,Maruti,2016,90224,Petrol,Manual,5895,265000.0,10,Delhi NCR
2668,Maruti Swift,Maruti,2015,82002,Petrol,Manual,7979,303000.0,11,Delhi NCR
2669,Honda City,Honda,2018,74898,Petrol,Manual,9515,539000.0,8,Delhi NCR
2670,Honda Amaze,Honda,2015,77169,Petrol,Manual,5293,200999.99999999997,11,Delhi NCR
2671,Maruti Alto,Maruti,2012,62554,Petrol,Manual,6575,74000.0,14,Delhi NCR
2672,Honda Amaze,Honda,2016,80000,Petrol,Manual,5784,260000.0,10,Delhi NCR
2673,Hyundai Santro Xing,Hyundai,2012,7035,Petrol,Manual,7463,84000.0,14,Delhi NCR
2674,Maruti Celerio,Maruti,2015,44216,Petrol,Manual,7610,289000.0,11,Delhi NCR
2675,Honda Amaze,Honda,2018,82428,Petrol,Auto,8085,458000.0,8,Delhi NCR
2676,Honda City,Honda,2012,98899,Petrol,Manual,13772,155000.0,14,Delhi NCR
2677,Maruti Baleno,Maruti,2016,113167,Petrol,Manual,6740,303000.0,10,Delhi NCR
2678,Ford Ecosport,Ford,2018,58675,Petrol,Auto,9320,419000.00000000006,8,Delhi NCR
2679,Mahindra MARAZZO,Mahindra,2019,42676,Diesel,Manual,19663,592000.0,7,Delhi NCR
2680,Maruti Swift,Maruti,2016,24608,Petrol,Manual,7318,329000.0,10,Delhi NCR
2681,Hyundai Creta,Hyundai,2017,84986,Petrol,Auto,13568,694000.0,9,Delhi NCR
2682,Tata NEXON,Tata,2022,70766,Petrol,Manual,13081,741000.0,4,Delhi NCR
2683,Tata Tiago,Tata,2021,17500,Petrol,Manual,6708,380000.0,5,Delhi NCR
2684,Maruti Alto K10,Maruti,2016,14493,Petrol,Manual,5895,265000.0,10,Delhi NCR
2685,Maruti Baleno,Maruti,2022,31906,Petrol,Manual,8809,499000.0,4,Delhi NCR
2686,Maruti Alto K10,Maruti,2011,74184,Petrol,Manual,8809,75000.0,15,Delhi NCR
2687,Tata NEXON,Tata,2019,46342,Petrol,Manual,7944,450000.0,7,Delhi NCR
2688,Maruti Ritz,Maruti,2011,71537,Petrol,Manual,7944,93000.0,15,Delhi NCR
2689,Honda City,Honda,2012,86852,Petrol,Auto,15726,177000.0,14,Delhi NCR
2690,KIA CARENS,KIA,2023,44690,Petrol,Manual,14897,869999.9999999999,3,Delhi NCR
2691,Mahindra Scorpio,Mahindra,2019,37603,Diesel,Manual,40923,1250000.0,7,Delhi NCR
2692,Maruti Swift,Maruti,2015,93073,Petrol,Manual,7637,290000.0,11,Delhi NCR
2693,Maruti Wagon R 1.0,Maruti,2011,60241,Petrol,Manual,7637,90000.0,15,Delhi NCR
2694,Maruti Wagon R 1.0,Maruti,2011,132545,Petrol,Manual,7637,97000.0,15,Delhi NCR
2695,Mahindra XUV500,Mahindra,2018,63512,Diesel,Manual,38218,819999.9999999999,8,Delhi NCR
2696,Hyundai i10,Hyundai,2011,95000,Petrol,Manual,38218,79000.0,15,Delhi NCR
2697,Honda City,Honda,2014,99969,Petrol,Manual,11359,342000.0,12,Delhi NCR
2698,Honda WR-V,Honda,2017,73881,Diesel,Manual,34296,386000.0,9,Delhi NCR
2699,Hyundai i10,Hyundai,2011,39676,Petrol,Manual,34296,91000.0,15,Delhi NCR
2700,Maruti Wagon R 1.0,Maruti,2011,133787,Petrol,Manual,34296,79000.0,15,Delhi NCR
2701,Maruti Ritz,Maruti,2011,39361,Petrol,Manual,34296,100000.0,15,Delhi NCR
2702,Maruti Baleno,Maruti,2019,98427,Petrol,Manual,8209,465000.00000000006,7,Delhi NCR
2703,Maruti Ciaz,Maruti,2018,51714,Petrol,Manual,9003,509999.99999999994,8,Delhi NCR
2704,Hyundai Creta,Hyundai,2016,900001,Petrol,Manual,12279,552000.0,10,Delhi NCR
2705,Hyundai Verna,Hyundai,2014,41885,Petrol,Manual,13618,409999.99999999994,12,Delhi NCR
2706,Toyota Etios Liva,Toyota,2011,121836,Petrol,Manual,13618,142000.0,15,Delhi NCR
2707,Renault TRIBER,Renault,2023,83484,Petrol,Manual,7538,426999.99999999994,3,Delhi NCR
2708,Mahindra XUV500,Mahindra,2017,203798,Diesel,Manual,34384,387000.0,9,Delhi NCR
2709,Hyundai Santro Xing,Hyundai,2013,28822,Petrol,Manual,5884,125000.0,13,Delhi NCR
2710,Honda Amaze,Honda,2017,120000,Petrol,Manual,5984,269000.0,9,Delhi NCR
2711,Hyundai Santro Xing,Hyundai,2011,137591,Petrol,Manual,5984,73000.0,15,Delhi NCR
2712,Hyundai Verna,Hyundai,2011,127118,Petrol,Manual,5984,144000.0,15,Delhi NCR
2713,Tata NEXON,Tata,2024,11084,Petrol,Auto,14554,850000.0,2,Delhi NCR
2714,Hyundai i20,Hyundai,2011,96421,Petrol,Manual,14554,135000.0,15,Delhi NCR
2715,Chevrolet Aveo,Chevrolet,2011,100000,Petrol,Manual,14554,48000.0,15,Delhi NCR
2716,Maruti Vitara Brezza,Maruti,2017,32158,Diesel,Manual,46468,523000.00000000006,9,Delhi NCR
2717,Toyota Corolla Altis,Toyota,2011,86226,Petrol,Manual,46468,135000.0,15,Delhi NCR
2718,Maruti Wagon R 1.0,Maruti,2012,188079,Petrol,Manual,11017,124000.0,14,Delhi NCR
2719,Maruti Wagon R 1.0,Maruti,2017,22507,Petrol,Auto,6452,330000.0,9,Delhi NCR
2720,Mahindra TUV300,Mahindra,2017,24990,Diesel,Manual,42470,478000.0,9,Delhi NCR
2721,Maruti Celerio,Maruti,2019,118685,Petrol,Manual,6651,299000.0,7,Delhi NCR
2722,Hyundai Verna,Hyundai,2018,80951,Diesel,Manual,28432,604000.0,8,Delhi NCR
2723,Tata Tiago,Tata,2020,35169,Petrol,Manual,6532,370000.0,6,Delhi NCR
2724,Tata PUNCH,Tata,2024,4190,Petrol,Auto,14468,844999.9999999999,2,Delhi NCR
2725,Hyundai i10,Hyundai,2011,36999,Petrol,Manual,14468,94000.0,15,Delhi NCR
2726,Toyota Etios,Toyota,2011,26593,Petrol,Manual,14468,160000.0,15,Delhi NCR
2727,Maruti Wagon R 1.0,Maruti,2016,123497,Petrol,Manual,3782,170000.0,10,Delhi NCR
2728,Toyota URBAN CRUISER,Toyota,2022,65665,Petrol,Auto,10433,591000.0,4,Delhi NCR
2729,Tata ALTROZ,Tata,2024,27877,Petrol,Manual,11404,646000.0,2,Delhi NCR
2730,Maruti Vitara Brezza,Maruti,2018,125216,Diesel,Manual,24337,517000.0,8,Delhi NCR
2731,Maruti Alto,Maruti,2010,102473,Petrol,Manual,24337,73000.0,16,Delhi NCR
2732,Maruti Ritz,Maruti,2013,113125,Petrol,Manual,6920,147000.0,13,Delhi NCR
2733,Maruti Wagon R 1.0,Maruti,2018,52085,Petrol,Manual,5472,310000.0,8,Delhi NCR
2734,Honda Brio,Honda,2012,34981,Petrol,Manual,13683,154000.0,14,Delhi NCR
2735,Hyundai Creta,Hyundai,2017,92576,Petrol,Auto,15406,788000.0,9,Delhi NCR
2736,Hyundai Grand i10,Hyundai,2016,51150,Petrol,Manual,6451,290000.0,10,Delhi NCR
2737,Hyundai Santro Xing,Hyundai,2013,95531,Petrol,Manual,5131,109000.00000000001,13,Delhi NCR
2738,Mahindra SCORPIO-N,Mahindra,2023,60012,Diesel,Auto,33440,1953000.0,3,Delhi NCR
2739,Mahindra XUV500,Mahindra,2018,121348,Diesel,Manual,37985,815000.0,8,Delhi NCR
2740,Maruti Ciaz,Maruti,2017,115797,Diesel,Manual,27543,310000.0,9,Delhi NCR
2741,Maruti Ciaz,Maruti,2016,47492,Petrol,Manual,9031,405999.99999999994,10,Delhi NCR
2742,Tata Tiago,Tata,2022,101444,Petrol,Manual,10744,483000.0,4,Delhi NCR
2743,Maruti Dzire,Maruti,2018,78629,Petrol,Manual,8897,504000.0,8,Delhi NCR
2744,Maruti Swift,Maruti,2017,46406,Petrol,Manual,5865,300000.0,9,Delhi NCR
2745,Hyundai Grand i10,Hyundai,2017,131225,Petrol,Manual,5850,263000.0,9,Delhi NCR
2746,Chevrolet Sail,Chevrolet,2013,6526,Petrol,Manual,6873,146000.0,13,Delhi NCR
2747,Maruti Vitara Brezza,Maruti,2016,101430,Diesel,Manual,6873,451000.0,10,Delhi NCR
2748,Honda Jazz,Honda,2018,72739,Petrol,Auto,6178,350000.0,8,Delhi NCR
2749,Maruti Wagon R 1.0,Maruti,2016,29668,Petrol,Manual,5895,265000.0,10,Delhi NCR
2750,Honda City,Honda,2012,87789,Petrol,Manual,17947,202000.0,14,Delhi NCR
2751,Toyota Etios,Toyota,2016,93640,Petrol,Manual,5761,259000.0,10,Delhi NCR
2752,Mahindra XUV500,Mahindra,2018,78053,Diesel,Manual,43112,925000.0,8,Delhi NCR
2753,Hyundai i10,Hyundai,2011,117033,Petrol,Manual,43112,71000.0,15,Delhi NCR
2754,Maruti Ciaz,Maruti,2016,69928,Petrol,Manual,8475,381000.0,10,Delhi NCR
2755,Honda City,Honda,2012,241500,Petrol,Manual,13772,155000.0,14,Delhi NCR
2756,Maruti Ritz,Maruti,2011,46319,Petrol,Manual,13772,80000.0,15,Delhi NCR
2757,Honda City,Honda,2011,93830,Petrol,Manual,13772,165000.0,15,Delhi NCR
2758,Maruti FRONX,Maruti,2024,61112,Petrol,Manual,13681,775000.0,2,Delhi NCR
2759,Honda Jazz,Honda,2011,56154,Petrol,Manual,13681,99000.0,15,Delhi NCR
2760,Maruti Swift,Maruti,2015,51590,Petrol,Manual,8301,315000.0,11,Delhi NCR
2761,Maruti Wagon R 1.0,Maruti,2012,90061,Petrol,Manual,9596,108000.0,14,Delhi NCR
2762,Maruti Celerio,Maruti,2014,116571,Petrol,Auto,6842,206000.0,12,Delhi NCR
2763,Honda Amaze,Honda,2017,137452,Petrol,Manual,6651,299000.0,9,Delhi NCR
2764,Mahindra SCORPIO-N,Mahindra,2023,113670,Diesel,Auto,46551,2141000.0,3,Delhi NCR
2765,Mahindra Scorpio,Mahindra,2017,44389,Diesel,Manual,61039,687000.0,9,Delhi NCR
2766,Maruti Swift,Maruti,2017,55194,Diesel,Manual,28609,322000.0,9,Delhi NCR
2767,Hyundai i10,Hyundai,2011,96770,Petrol,Manual,28609,118000.0,15,Delhi NCR
2768,Maruti Ciaz,Maruti,2017,39599,Petrol,Manual,8055,412000.0,9,Delhi NCR
2769,Toyota Corolla Altis,Toyota,2011,63077,Petrol,Manual,8055,184000.0,15,Delhi NCR
2770,Hyundai Eon,Hyundai,2013,79115,Petrol,Manual,3954,84000.0,13,Delhi NCR
2771,Hyundai Santro Xing,Hyundai,2014,93216,Petrol,Manual,6178,186000.0,12,Delhi NCR
2772,Honda City,Honda,2015,81296,Petrol,Manual,10455,397000.0,11,Delhi NCR
2773,Hyundai i20,Hyundai,2011,58130,Petrol,Manual,10455,106000.0,15,Delhi NCR
2774,Maruti Zen Estilo,Maruti,2011,165374,Petrol,Manual,10455,75000.0,15,Delhi NCR
2775,Tata NEXON,Tata,2018,152116,Petrol,Manual,8408,378000.0,8,Delhi NCR
2776,Hyundai Santro Xing,Hyundai,2011,68863,Petrol,Manual,8408,76000.0,15,Delhi NCR
2777,Hyundai Elite i20,Hyundai,2019,64959,Petrol,Manual,8279,469000.00000000006,7,Delhi NCR
2778,Maruti Ritz,Maruti,2011,61900,Petrol,Manual,8279,128000.0,15,Delhi NCR
2779,Mahindra XUV500,Mahindra,2018,75919,Diesel,Manual,36764,781000.0,8,Delhi NCR
2780,Hyundai Elite i20,Hyundai,2016,44254,Petrol,Manual,6985,314000.0,10,Delhi NCR
2781,Skoda Rapid,Skoda,2017,56666,Petrol,Manual,9658,494000.00000000006,9,Delhi NCR
2782,Honda City,Honda,2012,70635,Petrol,Manual,17770,200000.0,14,Delhi NCR
2783,Maruti Ertiga,Maruti,2013,82331,Petrol,Manual,15958,339000.0,13,Delhi NCR
2784,Maruti Ertiga,Maruti,2020,51893,Petrol,Manual,12357,700000.0,6,Delhi NCR
2785,Ford Figo Aspire,Ford,2016,145244,Diesel,Manual,12357,200000.0,10,Delhi NCR
2786,Ford Ecosport,Ford,2014,162027,Petrol,Auto,8802,265000.0,12,Delhi NCR
2787,Maruti Vitara Brezza,Maruti,2018,170720,Diesel,Manual,18547,394000.0,8,Delhi NCR
2788,Honda City,Honda,2012,66742,Petrol,Manual,12617,142000.0,14,Delhi NCR
2789,Maruti Dzire,Maruti,2017,125726,Petrol,Auto,9044,407000.0,9,Delhi NCR
2790,Hyundai Grand i10,Hyundai,2016,53843,Petrol,Manual,6228,280000.0,10,Delhi NCR
2791,Hyundai Santro Xing,Hyundai,2011,154575,Petrol,Manual,6228,84000.0,15,Delhi NCR
2792,Hyundai Santro Xing,Hyundai,2012,64258,Petrol,Manual,9329,105000.0,14,Delhi NCR
2793,Hyundai i20,Hyundai,2011,96356,Petrol,Manual,9329,85000.0,15,Delhi NCR
2794,Toyota Innova Crysta,Toyota,2017,160348,Diesel,Manual,95010,1075000.0,9,Delhi NCR
2795,Tata NEXON,Tata,2018,83137,Petrol,Manual,7096,401999.99999999994,8,Delhi NCR
2796,Honda City,Honda,2018,66290,Petrol,Manual,8756,496000.0,8,Delhi NCR
2797,Mahindra XUV500,Mahindra,2016,98898,Diesel,Manual,8756,401000.0,10,Delhi NCR
2798,Toyota Etios Liva,Toyota,2011,102917,Petrol,Manual,8756,110000.00000000001,15,Delhi NCR
2799,Maruti Celerio,Maruti,2014,75609,Petrol,Auto,7473,225000.0,12,Delhi NCR
2800,Maruti Wagon R 1.0,Maruti,2011,97231,Petrol,Manual,7473,81000.0,15,Delhi NCR
2801,Hyundai Elite i20,Hyundai,2019,112055,Diesel,Manual,17072,513999.99999999994,7,Delhi NCR
2802,Honda Brio,Honda,2013,70061,Petrol,Manual,7014,149000.0,13,Delhi NCR
2803,Hyundai i20,Hyundai,2011,94684,Petrol,Manual,7014,79000.0,15,Delhi NCR
2804,Tata ALTROZ,Tata,2021,105051,Diesel,Manual,9699,436000.00000000006,5,Delhi NCR
2805,Maruti Celerio,Maruti,2016,43881,Petrol,Auto,8008,360000.0,10,Delhi NCR
2806,Maruti Swift,Maruti,2020,13860,Petrol,Manual,9956,564000.0,6,Delhi NCR
2807,Maruti Baleno,Maruti,2016,113092,Petrol,Manual,6896,310000.0,10,Delhi NCR
2808,Maruti Swift Dzire,Maruti,2011,46818,Petrol,Manual,6896,103000.0,15,Delhi NCR
2809,Hyundai VENUE,Hyundai,2020,46582,Petrol,Manual,9691,549000.0,6,Delhi NCR
2810,Ford Figo,Ford,2011,110228,Petrol,Manual,9691,94000.0,15,Delhi NCR
2811,Renault Kwid,Renault,2018,80148,Petrol,Auto,3884,220000.00000000003,8,Delhi NCR
2812,Honda Brio,Honda,2015,83546,Petrol,Manual,5925,225000.0,11,Delhi NCR
2813,Hyundai Creta,Hyundai,2025,10556,Petrol,Manual,18852,1101000.0,1,Delhi NCR
2814,Hyundai Verna,Hyundai,2011,142597,Petrol,Manual,18852,141000.0,15,Delhi NCR
2815,Hyundai Grand i10,Hyundai,2016,36964,Petrol,Manual,6807,306000.0,10,Delhi NCR
2816,Honda City,Honda,2011,125774,Petrol,Auto,6807,129000.0,15,Delhi NCR
2817,Nissan Micra,Nissan,2011,102570,Petrol,Manual,6807,85000.0,15,Delhi NCR
2818,Hyundai Elite i20,Hyundai,2019,54913,Petrol,Manual,7911,448000.00000000006,7,Delhi NCR
2819,Hyundai NEW I20,Hyundai,2022,25224,Petrol,Manual,11192,634000.0,4,Delhi NCR
2820,Toyota Etios,Toyota,2011,124449,Petrol,Manual,11192,129000.0,15,Delhi NCR
2821,Tata NEXON,Tata,2021,53432,Petrol,Manual,11121,630000.0,5,Delhi NCR
2822,Maruti SX4,Maruti,2013,90288,Petrol,Manual,7249,154000.0,13,Delhi NCR
2823,Renault TRIBER,Renault,2022,28760,Petrol,Manual,7700,436000.00000000006,4,Delhi NCR
2824,Honda City,Honda,2014,48000,Petrol,Manual,9466,285000.0,12,Delhi NCR
2825,Maruti Vitara Brezza,Maruti,2021,104861,Petrol,Manual,11701,526000.0,5,Delhi NCR
2826,Honda Brio,Honda,2011,198983,Petrol,Manual,11701,106000.0,15,Delhi NCR
2827,Hyundai Xcent,Hyundai,2015,100951,Petrol,Manual,4529,172000.0,11,Delhi NCR
2828,Hyundai Santro Xing,Hyundai,2011,44975,Petrol,Manual,4529,87000.0,15,Delhi NCR
2829,Hyundai Elite i20,Hyundai,2015,104313,Petrol,Manual,7163,272000.0,11,Delhi NCR
2830,Honda City,Honda,2015,101622,Petrol,Manual,8716,331000.0,11,Delhi NCR
2831,Tata Harrier,Tata,2022,43528,Diesel,Manual,22993,1208000.0,4,Delhi NCR
2832,Tata NEXON,Tata,2022,32133,Petrol,Auto,14126,825000.0,4,Delhi NCR
2833,Maruti Wagon R 1.0,Maruti,2011,286754,Petrol,Manual,14126,90000.0,15,Delhi NCR
2834,Maruti Swift,Maruti,2011,102392,Petrol,Manual,14126,110000.00000000001,15,Delhi NCR
2835,Skoda SLAVIA,Skoda,2023,9718,Petrol,Auto,22156,1294000.0,3,Delhi NCR
2836,Hyundai VENUE,Hyundai,2021,59347,Petrol,Manual,10027,568000.0,5,Delhi NCR
2837,Hyundai Santro Xing,Hyundai,2011,73879,Petrol,Manual,10027,89000.0,15,Delhi NCR
2838,Skoda Fabia,Skoda,2011,106314,Petrol,Manual,10027,84000.0,15,Delhi NCR
2839,Hyundai Grand i10,Hyundai,2017,110185,Petrol,Manual,6651,299000.0,9,Delhi NCR
2840,Mahindra TUV300,Mahindra,2016,90059,Diesel,Manual,6651,405999.99999999994,10,Delhi NCR
2841,Maruti SX4,Maruti,2011,210061,Petrol,Manual,6651,90000.0,15,Delhi NCR
2842,Maruti Wagon R 1.0,Maruti,2012,160733,Petrol,Manual,10573,119000.0,14,Delhi NCR
2843,Hyundai Creta,Hyundai,2016,105680,Petrol,Auto,12234,550000.0,10,Delhi NCR
2844,Maruti Wagon R 1.0,Maruti,2010,72616,Petrol,Manual,12234,72000.0,16,Delhi NCR
2845,Tata Tiago,Tata,2022,68016,Petrol,Manual,7750,438999.99999999994,4,Delhi NCR
2846,Maruti A Star,Maruti,2010,79207,Petrol,Manual,7750,63000.0,16,Delhi NCR
2847,Maruti New Wagon-R,Maruti,2019,102500,Petrol,Manual,7229,325000.0,7,Delhi NCR
2848,Mahindra Scorpio,Mahindra,2019,96692,Diesel,Manual,27926,852999.9999999999,7,Delhi NCR
2849,Maruti Alto,Maruti,2012,37728,Petrol,Manual,8263,93000.0,14,Delhi NCR
2850,Tata PUNCH,Tata,2022,51967,Petrol,Manual,9338,529000.0,4,Delhi NCR
2851,Volkswagen Polo,Volkswagen,2011,153001,Petrol,Manual,9338,112999.99999999999,15,Delhi NCR
2852,Maruti Zen Estilo,Maruti,2010,105042,Petrol,Manual,9338,61000.0,16,Delhi NCR
2853,Honda Jazz,Honda,2015,43235,Petrol,Auto,7637,290000.0,11,Delhi NCR
2854,Honda City,Honda,2011,82107,Petrol,Manual,7637,145000.0,15,Delhi NCR
2855,Maruti Swift,Maruti,2020,109748,Petrol,Manual,8720,392000.0,6,Delhi NCR
2856,Maruti Baleno,Maruti,2022,13275,Petrol,Manual,9179,520000.0,4,Delhi NCR
2857,Volkswagen Polo,Volkswagen,2011,126679,Petrol,Manual,9179,111000.00000000001,15,Delhi NCR
2858,Tata Tiago,Tata,2019,91932,Diesel,Manual,8304,250000.0,7,Delhi NCR
2859,Tata Tiago,Tata,2021,45682,Petrol,Manual,6196,351000.0,5,Delhi NCR
2860,Hyundai GRAND I10 NIOS,Hyundai,2022,29802,Petrol,Manual,8985,509000.0,4,Delhi NCR
2861,Maruti Wagon R 1.0,Maruti,2011,90119,Petrol,Manual,8985,91000.0,15,Delhi NCR
2862,Honda City,Honda,2011,56754,Petrol,Auto,8985,182000.0,15,Delhi NCR
2863,Hyundai Santro Xing,Hyundai,2012,109526,Petrol,Manual,8174,92000.0,14,Delhi NCR
2864,Maruti Vitara Brezza,Maruti,2016,96789,Diesel,Manual,8174,316000.0,10,Delhi NCR
2865,Ford New Figo,Ford,2017,105693,Diesel,Manual,21235,239000.0,9,Delhi NCR
2866,Maruti Swift,Maruti,2022,64312,Petrol,Manual,8332,472000.0,4,Delhi NCR
2867,MG HECTOR,MG,2021,37751,Petrol,Auto,14177,827999.9999999999,5,Delhi NCR
2868,Maruti Wagon R 1.0,Maruti,2011,128349,Petrol,Manual,14177,90000.0,15,Delhi NCR
2869,Maruti Swift Dzire,Maruti,2017,98394,Diesel,Manual,25322,285000.0,9,Delhi NCR
2870,Maruti Swift,Maruti,2011,41394,Petrol,Manual,25322,85000.0,15,Delhi NCR
2871,Hyundai Santro Xing,Hyundai,2013,86863,Petrol,Manual,5319,112999.99999999999,13,Delhi NCR
2872,Hyundai Santro Xing,Hyundai,2013,113345,Petrol,Manual,4472,95000.0,13,Delhi NCR
2873,Honda City,Honda,2015,50905,Petrol,Manual,13615,517000.0,11,Delhi NCR
2874,Maruti Baleno,Maruti,2018,77373,Petrol,Manual,5702,323000.0,8,Delhi NCR
2875,Renault Kwid,Renault,2019,51392,Petrol,Manual,4802,272000.0,7,Delhi NCR
2876,Maruti Ertiga,Maruti,2012,174378,Petrol,Manual,23367,263000.0,14,Delhi NCR
2877,KIA SELTOS,KIA,2023,43506,Petrol,Manual,15068,880000.0000000001,3,Delhi NCR
2878,Chevrolet Cruze,Chevrolet,2016,93600,Diesel,Auto,15068,382000.0,10,Delhi NCR
2879,Maruti Baleno,Maruti,2019,23107,Petrol,Manual,7185,407000.0,7,Delhi NCR
2880,Maruti Swift,Maruti,2021,40847,Petrol,Manual,7997,453000.0,5,Delhi NCR
2881,Maruti Eeco,Maruti,2017,119600,Petrol,Manual,5383,242000.0,9,Delhi NCR
2882,Maruti Vitara Brezza,Maruti,2019,79181,Diesel,Manual,18766,565000.0,7,Delhi NCR
2883,Tata NEXON,Tata,2018,57855,Diesel,Auto,21042,447000.0,8,Delhi NCR
2884,Ford Figo,Ford,2011,114108,Petrol,Manual,21042,69000.0,15,Delhi NCR
2885,Maruti Swift,Maruti,2019,30332,Petrol,Manual,7908,448000.00000000006,7,Delhi NCR
2886,Hyundai Accent,Hyundai,2011,116597,Petrol,Manual,7908,75000.0,15,Delhi NCR
2887,Hyundai Santro Xing,Hyundai,2011,120512,Petrol,Manual,7908,63000.0,15,Delhi NCR
2888,Nissan MAGNITE,Nissan,2023,19390,Petrol,Manual,8720,494000.00000000006,3,Delhi NCR
2889,Nissan Kicks,Nissan,2019,75427,Diesel,Manual,14116,425000.0,7,Delhi NCR
2890,Maruti Baleno,Maruti,2016,130795,Petrol,Manual,6673,300000.0,10,Delhi NCR
2891,Mahindra MARAZZO,Mahindra,2019,341397,Diesel,Manual,12455,375000.0,7,Delhi NCR
2892,Hyundai Santro Xing,Hyundai,2011,121551,Petrol,Manual,12455,75000.0,15,Delhi NCR
2893,Maruti S Cross,Maruti,2016,39180,Diesel,Manual,12455,335000.0,10,Delhi NCR
2894,Tata NEXON,Tata,2022,59550,Petrol,Manual,15579,910000.0,4,Delhi NCR
2895,Maruti Baleno,Maruti,2023,15983,Petrol,Manual,12092,685000.0,3,Delhi NCR
2896,Hyundai i10,Hyundai,2011,117222,Petrol,Manual,12092,93000.0,15,Delhi NCR
2897,Hyundai VENUE,Hyundai,2024,12553,Petrol,Manual,13852,809000.0,2,Delhi NCR
2898,Maruti Swift,Maruti,2011,45480,Petrol,Manual,13852,123000.0,15,Delhi NCR
2899,Renault Duster,Renault,2017,76765,Diesel,Auto,43003,484000.0,9,Delhi NCR
2900,Tata NEXON,Tata,2025,15175,Petrol,Manual,16164,944000.0,1,Delhi NCR
2901,Ford Figo Aspire,Ford,2017,149104,Petrol,Manual,5361,241000.0,9,Delhi NCR
2902,Maruti Wagon R 1.0,Maruti,2012,100173,Petrol,Manual,9240,104000.0,14,Delhi NCR
2903,Hyundai AURA,Hyundai,2020,37692,Petrol,Manual,8685,492000.0,6,Delhi NCR
2904,Hyundai Creta,Hyundai,2025,6238,Petrol,Auto,26728,1561000.0,1,Delhi NCR
2905,Hyundai i10,Hyundai,2011,87869,Petrol,Manual,26728,91000.0,15,Delhi NCR
2906,Toyota Innova Crysta,Toyota,2016,85529,Diesel,Manual,26728,865000.0,10,Delhi NCR
2907,Tata TIGOR,Tata,2020,32221,Petrol,Manual,7238,409999.99999999994,6,Delhi NCR
2908,Renault Kwid,Renault,2016,97103,Petrol,Manual,3581,161000.0,10,Delhi NCR
2909,Maruti Vitara Brezza,Maruti,2016,106452,Diesel,Manual,3581,475000.0,10,Delhi NCR
2910,Honda City,Honda,2012,82417,Petrol,Manual,16526,186000.0,14,Delhi NCR
2911,Maruti Swift,Maruti,2011,196189,Petrol,Manual,16526,126000.0,15,Delhi NCR
2912,Honda WR-V,Honda,2017,112300,Petrol,Manual,6985,314000.0,9,Delhi NCR
2913,Maruti Dzire,Maruti,2019,108934,Petrol,Auto,11078,498000.00000000006,7,Delhi NCR
2914,Maruti Baleno,Maruti,2018,37500,Petrol,Manual,7379,418000.0,8,Delhi NCR
2915,Toyota Corolla Altis,Toyota,2011,119916,Petrol,Manual,7379,164000.0,15,Delhi NCR
2916,Hyundai Eon,Hyundai,2012,94507,Petrol,Manual,7463,84000.0,14,Delhi NCR
2917,Maruti Wagon R 1.0,Maruti,2012,212043,Petrol,Manual,11195,126000.0,14,Delhi NCR
2918,Hyundai Santro Xing,Hyundai,2012,73457,Petrol,Manual,8085,91000.0,14,Delhi NCR
2919,Toyota Glanza,Toyota,2022,16926,Petrol,Manual,9568,542000.0,4,Delhi NCR
2920,Mahindra Scorpio,Mahindra,2021,44273,Diesel,Manual,25460,1171000.0,5,Delhi NCR
2921,Maruti Dzire,Maruti,2018,181005,Petrol,Auto,10766,484000.0,8,Delhi NCR
2922,Maruti Swift Dzire,Maruti,2011,110454,Petrol,Manual,10766,103000.0,15,Delhi NCR
2923,Maruti Alto 800,Maruti,2015,138426,Petrol,Manual,4240,161000.0,11,Delhi NCR
2924,Maruti Wagon R 1.0,Maruti,2012,84368,Petrol,Manual,12528,141000.0,14,Delhi NCR
2925,Maruti Ciaz,Maruti,2016,103870,Petrol,Manual,8275,372000.0,10,Delhi NCR
2926,Maruti Swift,Maruti,2021,97621,Petrol,Manual,8209,465000.00000000006,5,Delhi NCR
2927,Tata Tiago,Tata,2018,151121,Petrol,Manual,5517,248000.0,8,Delhi NCR
2928,Maruti Alto K10,Maruti,2011,84159,Petrol,Manual,5517,88000.0,15,Delhi NCR
2929,Honda Brio,Honda,2011,81013,Petrol,Manual,5517,113999.99999999999,15,Delhi NCR
2930,Ford Ecosport,Ford,2016,55770,Petrol,Manual,7341,330000.0,10,Delhi NCR
2931,Mahindra XUV700,Mahindra,2022,30874,Diesel,Auto,35384,1859000.0,4,Delhi NCR
2932,Mahindra XUV300,Mahindra,2019,44034,Diesel,Manual,19929,600000.0,7,Delhi NCR
2933,Maruti Baleno,Maruti,2017,52905,Petrol,Manual,8621,441000.0,9,Delhi NCR
2934,Maruti Wagon R 1.0,Maruti,2011,118951,Petrol,Manual,8621,85000.0,15,Delhi NCR
2935,Maruti Swift Dzire,Maruti,2021,107089,Petrol,Manual,8831,397000.0,5,Delhi NCR
2936,Tata TIGOR,Tata,2021,92239,Petrol,Manual,6902,391000.0,5,Delhi NCR
2937,Hyundai i20,Hyundai,2010,145682,Petrol,Manual,6902,184000.0,16,Delhi NCR
2938,Maruti JIMNY,Maruti,2023,62343,Petrol,Manual,16609,969999.9999999999,3,Delhi NCR
2939,Maruti Ciaz,Maruti,2016,111785,Diesel,Manual,16609,337000.0,10,Delhi NCR
2940,Hyundai i20,Hyundai,2011,88116,Petrol,Manual,16609,75000.0,15,Delhi NCR
2941,Jeep Compass,Jeep,2017,59245,Diesel,Manual,64860,730000.0,9,Delhi NCR
2942,Renault Kwid,Renault,2019,12284,Petrol,Manual,5296,300000.0,7,Delhi NCR
2943,Hyundai Verna,Hyundai,2019,67663,Petrol,Manual,11668,661000.0,7,Delhi NCR
2944,Hyundai Grand i10,Hyundai,2016,64617,Petrol,Manual,6740,303000.0,10,Delhi NCR
2945,Maruti Vitara Brezza,Maruti,2018,192758,Diesel,Manual,23725,504000.0,8,Delhi NCR
2946,Hyundai i20,Hyundai,2011,78850,Petrol,Manual,23725,82000.0,15,Delhi NCR
2947,Maruti Celerio,Maruti,2019,180173,Petrol,Manual,7051,317000.0,7,Delhi NCR
2948,Honda City,Honda,2015,81425,Petrol,Auto,9138,347000.0,11,Delhi NCR
2949,Hyundai i10,Hyundai,2011,81847,Petrol,Manual,9138,110000.00000000001,15,Delhi NCR
2950,Maruti Baleno,Maruti,2015,172802,Petrol,Manual,7558,287000.0,11,Delhi NCR
2951,Honda City,Honda,2012,99455,Petrol,Manual,14927,168000.0,14,Delhi NCR
2952,Honda City,Honda,2011,96647,Petrol,Manual,14927,129000.0,15,Delhi NCR
2953,Honda City,Honda,2012,77206,Petrol,Manual,15104,170000.0,14,Delhi NCR
2954,Maruti Wagon R 1.0,Maruti,2014,155261,Petrol,Manual,4982,150000.0,12,Delhi NCR
2955,Maruti Eeco,Maruti,2019,86998,Petrol,Manual,5119,290000.0,7,Delhi NCR
2956,Hyundai i20,Hyundai,2011,76048,Petrol,Manual,5119,95000.0,15,Delhi NCR
2957,Hyundai Grand i10,Hyundai,2017,119845,Petrol,Manual,5539,249000.00000000003,9,Delhi NCR
2958,Hyundai i10,Hyundai,2011,121154,Petrol,Manual,5539,77000.0,15,Delhi NCR
2959,Maruti Celerio,Maruti,2016,160956,Petrol,Manual,5339,240000.0,10,Delhi NCR
2960,Maruti Baleno,Maruti,2016,67974,Petrol,Manual,7852,353000.0,10,Delhi NCR
2961,Maruti Baleno,Maruti,2016,120009,Petrol,Manual,6584,296000.0,10,Delhi NCR
2962,Maruti Wagon R 1.0,Maruti,2011,27336,Petrol,Manual,6584,103000.0,15,Delhi NCR
2963,Ford Figo Aspire,Ford,2019,92538,Petrol,Manual,5755,326000.0,7,Delhi NCR
2964,Maruti Ciaz,Maruti,2017,56641,Petrol,Manual,9091,465000.00000000006,9,Delhi NCR
2965,Mahindra XUV700,Mahindra,2023,85037,Diesel,Auto,33697,1968000.0,3,Delhi NCR
2966,Honda City,Honda,2011,85658,Petrol,Manual,33697,155000.0,15,Delhi NCR
2967,Tata Harrier,Tata,2022,59400,Diesel,Auto,26115,1372000.0,4,Delhi NCR
2968,Maruti Ertiga,Maruti,2017,94629,Petrol,Manual,11261,576000.0,9,Delhi NCR
2969,Tata NEXON,Tata,2018,154555,Diesel,Auto,19263,409000.0,8,Delhi NCR
2970,Mahindra XUV300,Mahindra,2023,1903,Petrol,Manual,11474,650000.0,3,Delhi NCR
2971,Hyundai Elite i20,Hyundai,2015,65488,Petrol,Manual,7637,290000.0,11,Delhi NCR
2972,Hyundai AURA,Hyundai,2021,97426,Petrol,Manual,8509,482000.0,5,Delhi NCR
2973,Hyundai Verna,Hyundai,2024,15938,Petrol,Auto,25684,1500000.0,2,Delhi NCR
2974,Hyundai Grand i10,Hyundai,2015,44764,Petrol,Manual,7900,300000.0,11,Delhi NCR
2975,Honda Amaze,Honda,2016,72256,Petrol,Manual,5361,241000.0,10,Delhi NCR
2976,Honda Jazz,Honda,2015,61812,Petrol,Manual,8084,307000.0,11,Delhi NCR
2977,Tata Tiago,Tata,2023,27931,Petrol,Manual,7079,401000.0,3,Delhi NCR
2978,Maruti New Wagon-R,Maruti,2021,106849,Petrol,Manual,8230,370000.0,5,Delhi NCR
2979,Mahindra Scorpio,Mahindra,2019,65745,Diesel,Manual,37650,1150000.0,7,Delhi NCR
2980,Hyundai Creta,Hyundai,2018,94392,Diesel,Manual,19677,418000.0,8,Delhi NCR
2981,Hyundai Santro Xing,Hyundai,2013,45305,Petrol,Manual,7155,152000.0,13,Delhi NCR
2982,Tata Indica EV2 Xeta,Tata,2011,44738,Petrol,Manual,7155,89000.0,15,Delhi NCR
2983,Hyundai Santro Xing,Hyundai,2013,60291,Petrol,Manual,8379,178000.0,13,Delhi NCR
2984,Nissan MAGNITE,Nissan,2024,14440,Petrol,Auto,11121,630000.0,2,Delhi NCR
2985,Toyota Innova Crysta,Toyota,2021,41094,Diesel,Manual,33701,1550000.0,5,Delhi NCR
2986,Maruti Swift,Maruti,2015,47375,Petrol,Manual,7874,299000.0,11,Delhi NCR
2987,Hyundai GRAND I10 NIOS,Hyundai,2019,39599,Petrol,Manual,7432,421000.0,7,Delhi NCR
2988,Toyota Etios,Toyota,2011,68740,Petrol,Manual,7432,99000.0,15,Delhi NCR
2989,Maruti Ritz,Maruti,2011,46487,Petrol,Manual,7432,73000.0,15,Delhi NCR
2990,Maruti SX4,Maruti,2014,107518,Petrol,Manual,5480,165000.0,12,Delhi NCR
2991,Maruti Eeco,Maruti,2011,48235,Petrol,Manual,5480,109000.00000000001,15,Delhi NCR
2992,Maruti Alto K10,Maruti,2016,48047,Petrol,Manual,5539,249000.00000000003,10,Delhi NCR
2993,Maruti Celerio,Maruti,2014,196106,Petrol,Manual,5879,177000.0,12,Delhi NCR
2994,Hyundai i10,Hyundai,2011,21211,Petrol,Manual,5879,100000.0,15,Delhi NCR
2995,Maruti Alto K10,Maruti,2011,32342,Petrol,Manual,5879,127000.0,15,Delhi NCR
2996,Maruti Baleno,Maruti,2016,95044,Petrol,Manual,6540,294000.0,10,Delhi NCR
2997,Nissan Sunny,Nissan,2011,85734,Petrol,Manual,6540,85000.0,15,Delhi NCR
2998,Maruti Swift,Maruti,2011,115972,Petrol,Manual,6540,105000.0,15,Delhi NCR
2999,Maruti Baleno,Maruti,2021,53433,Petrol,Manual,7414,420000.0,5,Delhi NCR
3000,Maruti Wagon R 1.0,Maruti,2017,37315,Petrol,Auto,5982,306000.0,9,Delhi NCR
3001,Maruti Baleno,Maruti,2023,47885,Petrol,Manual,11615,658000.0,3,Delhi NCR
3002,Maruti Swift Dzire,Maruti,2012,232312,Petrol,Manual,11995,135000.0,14,Delhi NCR
3003,Hyundai Santro Xing,Hyundai,2012,125112,Petrol,Manual,8085,91000.0,14,Delhi NCR
3004,Hyundai i20,Hyundai,2011,54716,Petrol,Manual,8085,94000.0,15,Delhi NCR
3005,Maruti Eeco,Maruti,2012,139299,Petrol,Manual,10306,115999.99999999999,14,Delhi NCR
3006,Hyundai GRAND I10 NIOS,Hyundai,2021,41267,Petrol,Auto,8562,484999.99999999994,5,Delhi NCR
3007,Maruti Ciaz,Maruti,2017,40224,Petrol,Manual,8016,409999.99999999994,9,Delhi NCR
3008,Volkswagen Polo,Volkswagen,2011,42872,Petrol,Manual,8016,113999.99999999999,15,Delhi NCR
3009,Maruti Swift Dzire,Maruti,2011,96603,Petrol,Manual,8016,115999.99999999999,15,Delhi NCR
3010,Maruti Ertiga,Maruti,2023,71365,Petrol,Manual,14879,869000.0,3,Delhi NCR
3011,Honda City,Honda,2011,83273,Petrol,Manual,14879,123000.0,15,Delhi NCR
3012,Tata NEXON,Tata,2019,87044,Diesel,Manual,14448,434999.99999999994,7,Delhi NCR
3013,Honda City,Honda,2011,107447,Petrol,Manual,14448,132000.0,15,Delhi NCR
3014,Volvo XC 60,Volvo,2018,257641,Diesel,Auto,97131,2084000.0,8,Delhi NCR
3015,Maruti Swift Dzire,Maruti,2011,87889,Petrol,Manual,97131,90000.0,15,Delhi NCR
3016,Hyundai NEW I20,Hyundai,2021,40476,Petrol,Auto,11510,652000.0,5,Delhi NCR
3017,Maruti Vitara Brezza,Maruti,2019,144380,Diesel,Manual,16541,498000.00000000006,7,Delhi NCR
3018,Renault Duster,Renault,2017,39077,Diesel,Auto,35540,400000.0,9,Delhi NCR
3019,Hyundai Grand i10,Hyundai,2014,79621,Petrol,Manual,6909,208000.0,12,Delhi NCR
3020,Honda Amaze,Honda,2017,81598,Petrol,Manual,5474,280000.0,9,Delhi NCR
3021,Hyundai Santro Xing,Hyundai,2012,82549,Petrol,Manual,9773,110000.00000000001,14,Delhi NCR
3022,Hyundai Creta,Hyundai,2018,59206,Petrol,Manual,9709,550000.0,8,Delhi NCR
3023,Ford Ecosport,Ford,2017,51219,Diesel,Manual,8942,401999.99999999994,9,Delhi NCR
3024,Maruti Swift Dzire,Maruti,2011,105033,Petrol,Manual,8942,99000.0,15,Delhi NCR
3025,Hyundai Creta,Hyundai,2017,131280,Diesel,Manual,61928,697000.0,9,Delhi NCR
3026,Honda City,Honda,2011,49104,Petrol,Manual,61928,158000.0,15,Delhi NCR
3027,Hyundai i10,Hyundai,2011,73870,Petrol,Manual,61928,81000.0,15,Delhi NCR
3028,Ford FREESTYLE,Ford,2021,65531,Petrol,Manual,7891,447000.0,5,Delhi NCR
3029,Hyundai Santro Xing,Hyundai,2013,175000,Petrol,Manual,4566,97000.0,13,Delhi NCR
3030,Hyundai i20 Active,Hyundai,2017,111412,Petrol,Manual,7363,331000.0,9,Delhi NCR
3031,Tata ALTROZ,Tata,2020,10448,Petrol,Manual,7644,433000.0,6,Delhi NCR
3032,Honda City,Honda,2015,104436,Petrol,Manual,8374,318000.0,11,Delhi NCR
3033,Maruti Vitara Brezza,Maruti,2019,58622,Diesel,Auto,16375,493000.0,7,Delhi NCR
3034,Maruti Swift Dzire,Maruti,2015,38526,Petrol,Manual,9217,350000.0,11,Delhi NCR
3035,Hyundai i10,Hyundai,2011,115906,Petrol,Manual,9217,64000.0,15,Delhi NCR
3036,Maruti Swift Dzire,Maruti,2011,79349,Petrol,Manual,9217,102000.0,15,Delhi NCR
3037,Ford Ecosport,Ford,2019,94219,Diesel,Manual,13286,400000.0,7,Delhi NCR
3038,Honda Amaze,Honda,2016,41072,Petrol,Manual,7363,331000.0,10,Delhi NCR
3039,Hyundai Elite i20,Hyundai,2016,41810,Petrol,Manual,7474,336000.0,10,Delhi NCR
3040,Hyundai Elite i20,Hyundai,2018,100384,Petrol,Manual,8030,361000.0,8,Delhi NCR
3041,Honda Amaze,Honda,2018,49331,Petrol,Auto,6708,380000.0,8,Delhi NCR
3042,Honda City,Honda,2012,87386,Petrol,Manual,13327,150000.0,14,Delhi NCR
3043,Maruti Swift,Maruti,2011,191795,Petrol,Manual,13327,104000.0,15,Delhi NCR
3044,Hyundai AURA,Hyundai,2021,75139,Petrol,Manual,10768,610000.0,5,Delhi NCR
3045,Hyundai i10,Hyundai,2010,119931,Petrol,Manual,10768,68000.0,16,Delhi NCR
3046,Maruti SX4,Maruti,2011,127222,Petrol,Manual,10768,82000.0,15,Delhi NCR
3047,Honda City,Honda,2017,83986,Diesel,Manual,46734,526000.0,9,Delhi NCR
3048,Honda City,Honda,2015,113515,Petrol,Manual,8769,333000.0,11,Delhi NCR
3049,Hyundai NEW I20,Hyundai,2022,98831,Diesel,Manual,12512,640000.0,4,Delhi NCR
3050,Hyundai Grand i10,Hyundai,2019,91750,Petrol,Manual,7803,442000.0,7,Delhi NCR
3051,Volkswagen VIRTUS,Volkswagen,2023,14814,Petrol,Auto,21745,1270000.0,3,Delhi NCR
3052,Hyundai i10,Hyundai,2011,97565,Petrol,Auto,21745,120000.0,15,Delhi NCR
3053,Maruti Swift Dzire,Maruti,2011,52845,Petrol,Manual,21745,90000.0,15,Delhi NCR
3054,Maruti Ertiga,Maruti,2021,31312,Petrol,Manual,13869,810000.0,5,Delhi NCR
3055,Maruti Swift Dzire,Maruti,2017,70988,Diesel,Manual,39449,444000.00000000006,9,Delhi NCR
3056,Maruti FRONX,Maruti,2023,24683,Petrol,Manual,11157,632000.0,3,Delhi NCR
3057,Chevrolet Beat,Chevrolet,2011,103481,Petrol,Manual,11157,64000.0,15,Delhi NCR
3058,Toyota Etios,Toyota,2011,94092,Petrol,Manual,11157,85000.0,15,Delhi NCR
3059,Nissan Sunny,Nissan,2011,112067,Petrol,Manual,11157,97000.0,15,Delhi NCR
3060,Tata Harrier,Tata,2019,51679,Diesel,Manual,26505,798000.0,7,Delhi NCR
3061,Honda Jazz,Honda,2016,133212,Diesel,Manual,26505,254999.99999999997,10,Delhi NCR
3062,Jeep Compass,Jeep,2017,107202,Petrol,Auto,17351,780000.0,9,Delhi NCR
3063,Toyota Corolla Altis,Toyota,2011,47844,Petrol,Manual,17351,188000.0,15,Delhi NCR
3064,Hyundai Santro Xing,Hyundai,2012,110442,Petrol,Manual,8352,94000.0,14,Delhi NCR
3065,Mahindra XUV500,Mahindra,2017,161558,Diesel,Manual,48778,549000.0,9,Delhi NCR
3066,Mahindra XUV500,Mahindra,2016,118730,Diesel,Manual,48778,373000.0,10,Delhi NCR
3067,Hyundai i10,Hyundai,2010,129228,Petrol,Manual,48778,60000.0,16,Delhi NCR
3068,Tata Harrier,Tata,2019,59646,Diesel,Manual,24977,752000.0,7,Delhi NCR
3069,Ford FREESTYLE,Ford,2019,65297,Diesel,Manual,15378,463000.0,7,Delhi NCR
3070,Mahindra XUV500,Mahindra,2017,99166,Diesel,Manual,54287,611000.0,9,Delhi NCR
3071,Maruti Dzire,Maruti,2019,84386,Petrol,Manual,7855,445000.0,7,Delhi NCR
3072,Hyundai Verna,Hyundai,2019,99736,Petrol,Auto,12357,700000.0,7,Delhi NCR
3073,Tata NEXON,Tata,2025,6889,Petrol,Auto,18835,1100000.0,1,Delhi NCR
3074,Maruti Dzire,Maruti,2017,94542,Petrol,Manual,6764,346000.0,9,Delhi NCR
3075,Hyundai i10,Hyundai,2013,119275,Petrol,Manual,6496,138000.0,13,Delhi NCR
3076,Renault TRIBER,Renault,2024,10341,Petrol,Manual,11898,674000.0,2,Delhi NCR
3077,Honda Amaze,Honda,2017,104221,Diesel,Manual,24167,272000.0,9,Delhi NCR
3078,Maruti Wagon R 1.0,Maruti,2014,45015,Petrol,Manual,10296,310000.0,12,Delhi NCR
3079,Ford Ecosport,Ford,2016,86925,Petrol,Auto,10277,462000.0,10,Delhi NCR
3080,Honda Amaze,Honda,2016,91709,Petrol,Manual,5784,260000.0,10,Delhi NCR
3081,Hyundai Grand i10,Hyundai,2017,181463,Petrol,Manual,6451,290000.0,9,Delhi NCR
3082,Hyundai i20,Hyundai,2011,91898,Petrol,Manual,6451,80000.0,15,Delhi NCR
3083,Maruti Swift,Maruti,2015,138328,Petrol,Manual,9112,346000.0,11,Delhi NCR
3084,Hyundai Grand i10,Hyundai,2015,90676,Petrol,Manual,6741,256000.0,11,Delhi NCR
3085,Maruti Swift,Maruti,2011,83993,Petrol,Manual,6741,98000.0,15,Delhi NCR
3086,Renault Duster,Renault,2014,53909,Petrol,Manual,8603,259000.0,12,Delhi NCR
3087,Maruti Baleno,Maruti,2021,45486,Petrol,Manual,8314,471000.0,5,Delhi NCR
3088,Tata Tiago,Tata,2017,44123,Petrol,Manual,6197,317000.0,9,Delhi NCR
3089,Toyota Etios,Toyota,2011,63392,Petrol,Manual,6197,118000.0,15,Delhi NCR
3090,Volkswagen Polo,Volkswagen,2011,105480,Petrol,Manual,6197,115999.99999999999,15,Delhi NCR
3091,Maruti Alto K10,Maruti,2010,99999,Petrol,Manual,6197,72000.0,16,Delhi NCR
3092,Hyundai i20,Hyundai,2011,83580,Petrol,Manual,6197,93000.0,15,Delhi NCR
3093,Hyundai Santro Xing,Hyundai,2013,98917,Petrol,Manual,4425,94000.0,13,Delhi NCR
3094,Maruti Baleno,Maruti,2016,92195,Petrol,Manual,6451,290000.0,10,Delhi NCR
3095,Mahindra XUV500,Mahindra,2018,48322,Diesel,Manual,38451,825000.0,8,Delhi NCR
3096,Maruti Swift Dzire,Maruti,2011,113281,Petrol,Manual,38451,88000.0,15,Delhi NCR
3097,Maruti Swift,Maruti,2017,62465,Diesel,Manual,32252,363000.0,9,Delhi NCR
3098,Ford Ecosport,Ford,2016,126250,Petrol,Auto,8164,367000.0,10,Delhi NCR
3099,Maruti Wagon R 1.0,Maruti,2012,90008,Petrol,Manual,11995,135000.0,14,Delhi NCR
3100,Honda Brio,Honda,2012,90979,Petrol,Manual,10306,115999.99999999999,14,Delhi NCR
3101,Maruti Eeco,Maruti,2015,61416,Petrol,Manual,4608,175000.0,11,Delhi NCR
3102,Maruti Ertiga,Maruti,2022,124326,Petrol,Manual,19960,918000.0,4,Delhi NCR
3103,Maruti Ciaz,Maruti,2019,57283,Petrol,Manual,8985,509000.0,7,Delhi NCR
3104,Hyundai i10,Hyundai,2011,28559,Petrol,Manual,8985,78000.0,15,Delhi NCR
3105,Maruti Swift,Maruti,2013,3732,Petrol,Manual,14357,305000.0,13,Delhi NCR
3106,Skoda SLAVIA,Skoda,2023,42028,Petrol,Auto,19400,1133000.0,3,Delhi NCR
3107,Tata NEXON,Tata,2023,70250,Petrol,Auto,18201,1063000.0,3,Delhi NCR
3108,Maruti Wagon R 1.0,Maruti,2011,30497,Petrol,Manual,18201,86000.0,15,Delhi NCR
3109,Hyundai i10,Hyundai,2011,45972,Petrol,Manual,18201,93000.0,15,Delhi NCR
3110,Toyota Corolla Altis,Toyota,2014,185972,Petrol,Manual,9134,275000.0,12,Delhi NCR
3111,Maruti Dzire,Maruti,2018,95150,Petrol,Manual,6267,355000.0,8,Delhi NCR
3112,Hyundai i20 Active,Hyundai,2015,135600,Diesel,Manual,6267,263000.0,11,Delhi NCR
3113,Skoda Fabia,Skoda,2012,105640,Petrol,Manual,7730,87000.0,14,Delhi NCR
3114,Honda City,Honda,2011,106695,Petrol,Manual,7730,120000.0,15,Delhi NCR
3115,Maruti Swift Dzire,Maruti,2011,108824,Petrol,Manual,7730,139000.0,15,Delhi NCR
3116,Honda Amaze,Honda,2020,48971,Petrol,Manual,7414,420000.0,6,Delhi NCR
3117,Maruti Ciaz,Maruti,2019,42718,Petrol,Auto,9938,563000.0,7,Delhi NCR
3118,Honda Amaze,Honda,2019,15014,Petrol,Manual,8526,483000.0,7,Delhi NCR
3119,Maruti Dzire,Maruti,2019,45587,Petrol,Manual,8791,498000.00000000006,7,Delhi NCR
3120,Honda City,Honda,2015,145255,Petrol,Auto,9259,352000.0,11,Delhi NCR
3121,Toyota URBAN CRUISER HYRYDER,Toyota,2022,15137,Petrol,Auto,23115,1350000.0,4,Delhi NCR
3122,Hyundai Santro Xing,Hyundai,2010,194630,Petrol,Manual,23115,63000.0,16,Delhi NCR
3123,Hyundai i10,Hyundai,2011,85818,Petrol,Manual,23115,72000.0,15,Delhi NCR
3124,Maruti Baleno,Maruti,2017,72594,Petrol,Manual,6158,315000.0,9,Delhi NCR
3125,Maruti Celerio,Maruti,2018,122986,Petrol,Manual,7140,321000.0,8,Delhi NCR
3126,Tata NEXON,Tata,2019,65073,Diesel,Manual,14282,430000.0,7,Delhi NCR
3127,Maruti Swift,Maruti,2011,107641,Petrol,Manual,14282,133000.0,15,Delhi NCR
3128,MG ASTOR,MG,2023,16086,Petrol,Auto,19691,1150000.0,3,Delhi NCR
3129,Maruti Wagon R 1.0,Maruti,2017,79487,Petrol,Manual,4203,215000.0,9,Delhi NCR
3130,Renault Scala,Renault,2013,117060,Petrol,Manual,6449,137000.0,13,Delhi NCR
3131,Maruti Ritz,Maruti,2011,103215,Petrol,Manual,6449,81000.0,15,Delhi NCR
3132,Maruti SX4,Maruti,2010,327000,Petrol,Manual,6449,77000.0,16,Delhi NCR
3133,Hyundai Santro Xing,Hyundai,2012,92511,Petrol,Manual,7463,84000.0,14,Delhi NCR
3134,Hyundai Creta,Hyundai,2017,66746,Petrol,Manual,11100,499000.0,9,Delhi NCR
3135,Hyundai VENUE,Hyundai,2019,48241,Petrol,Auto,9921,562000.0,7,Delhi NCR
3136,Mahindra Thar,Mahindra,2022,57675,Petrol,Auto,22567,1318000.0,4,Delhi NCR
3137,Renault Duster,Renault,2013,81874,Petrol,Manual,7532,160000.0,13,Delhi NCR
3138,Hyundai Creta,Hyundai,2017,70000,Petrol,Manual,11359,581000.0,9,Delhi NCR
3139,Hyundai Verna,Hyundai,2011,130367,Petrol,Manual,11359,140000.0,15,Delhi NCR
3140,Ford Ecosport,Ford,2016,74021,Diesel,Manual,11359,405000.0,10,Delhi NCR
3141,Maruti New Wagon-R,Maruti,2019,39772,Petrol,Manual,6178,350000.0,7,Delhi NCR
3142,Honda City,Honda,2014,26622,Petrol,Manual,9931,299000.0,12,Delhi NCR
3143,Maruti Vitara Brezza,Maruti,2017,152131,Diesel,Manual,34029,383000.0,9,Delhi NCR
3144,Ford Ecosport,Ford,2016,118024,Petrol,Manual,9254,416000.0,10,Delhi NCR
3145,Hyundai i20,Hyundai,2011,82317,Petrol,Manual,9254,92000.0,15,Delhi NCR
3146,Hyundai i20,Hyundai,2011,76089,Petrol,Manual,9254,93000.0,15,Delhi NCR
3147,Maruti Alto K10,Maruti,2019,28754,Petrol,Manual,4855,275000.0,7,Delhi NCR
3148,Honda City,Honda,2011,91801,Petrol,Manual,4855,125000.0,15,Delhi NCR
3149,Honda Brio,Honda,2012,118836,Petrol,Manual,11995,135000.0,14,Delhi NCR
3150,Tata NEXON,Tata,2024,7684,Petrol,Manual,13910,788000.0,2,Delhi NCR
3151,Tata NEXON,Tata,2018,202221,Diesel,Manual,15064,320000.0,8,Delhi NCR
3152,Maruti Baleno,Maruti,2015,84899,Petrol,Manual,8532,324000.0,11,Delhi NCR
3153,Renault Kwid,Renault,2022,20364,Petrol,Manual,5737,325000.0,4,Delhi NCR
3154,Hyundai New Elantra,Hyundai,2012,48540,Petrol,Manual,29853,336000.0,14,Delhi NCR
3155,Honda City,Honda,2014,47372,Petrol,Manual,10296,310000.0,12,Delhi NCR
3156,Maruti Baleno,Maruti,2018,54751,Petrol,Manual,7061,400000.0,8,Delhi NCR
3157,Maruti SX4,Maruti,2011,87583,Petrol,Manual,7061,89000.0,15,Delhi NCR
3158,Mahindra MARAZZO,Mahindra,2019,158015,Diesel,Manual,13286,400000.0,7,Delhi NCR
3159,Honda Jazz,Honda,2016,117701,Petrol,Manual,6673,300000.0,10,Delhi NCR
3160,Maruti S Cross,Maruti,2017,66664,Diesel,Manual,34651,390000.0,9,Delhi NCR
3161,Hyundai Verna,Hyundai,2020,50207,Petrol,Manual,11863,672000.0,6,Delhi NCR
3162,Maruti Swift Dzire,Maruti,2011,153460,Petrol,Manual,11863,97000.0,15,Delhi NCR
3163,Mahindra Thar,Mahindra,2023,43541,Diesel,Manual,19331,1129000.0,3,Delhi NCR
3164,Maruti Celerio X,Maruti,2018,80927,Petrol,Auto,7167,405999.99999999994,8,Delhi NCR
3165,Hyundai i10,Hyundai,2011,30231,Petrol,Manual,7167,111000.00000000001,15,Delhi NCR
3166,Mahindra Thar,Mahindra,2023,18271,Petrol,Auto,20359,1189000.0,3,Delhi NCR
3167,Toyota Corolla Altis,Toyota,2016,72231,Petrol,Auto,13347,600000.0,10,Delhi NCR
3168,Mahindra XUV500,Mahindra,2018,80926,Diesel,Auto,44697,959000.0,8,Delhi NCR
3169,Hyundai Creta,Hyundai,2022,38832,Petrol,Manual,15838,925000.0,4,Delhi NCR
3170,Tata TIGOR,Tata,2022,36294,Petrol,Manual,9462,536000.0,4,Delhi NCR
3171,Toyota Etios,Toyota,2011,106889,Petrol,Manual,9462,85000.0,15,Delhi NCR
3172,Maruti Swift Dzire,Maruti,2011,157199,Petrol,Manual,9462,80000.0,15,Delhi NCR
3173,Maruti Vitara Brezza,Maruti,2017,97999,Diesel,Manual,35095,395000.0,9,Delhi NCR
3174,Maruti A Star,Maruti,2010,112875,Petrol,Auto,35095,81000.0,16,Delhi NCR
3175,Hyundai EXTER,Hyundai,2024,18114,Petrol,Manual,10168,576000.0,2,Delhi NCR
3176,Toyota Etios Liva,Toyota,2011,83916,Petrol,Manual,10168,122000.0,15,Delhi NCR
3177,Hyundai Creta,Hyundai,2017,155387,Petrol,Manual,11968,538000.0,9,Delhi NCR
3178,Tata PUNCH,Tata,2024,35818,Petrol,Manual,8879,503000.0,2,Delhi NCR
3179,Tata Harrier,Tata,2020,62313,Diesel,Auto,25846,1000000.0,6,Delhi NCR
3180,Mahindra XUV700,Mahindra,2023,21009,Petrol,Auto,33680,1967000.0000000002,3,Delhi NCR
3181,Volkswagen Cross Polo,Volkswagen,2016,52328,Petrol,Manual,7786,350000.0,10,Delhi NCR
3182,Hyundai i10,Hyundai,2011,44691,Petrol,Manual,7786,80000.0,15,Delhi NCR
3183,Tata Tiago,Tata,2018,135075,Diesel,Manual,12098,256999.99999999997,8,Delhi NCR
3184,Maruti Eeco,Maruti,2023,116234,Petrol,Manual,12791,575000.0,3,Delhi NCR
3185,Honda City,Honda,2012,86255,Petrol,Manual,15637,176000.0,14,Delhi NCR
3186,Maruti Ciaz,Maruti,2016,64288,Petrol,Manual,9654,434000.0,10,Delhi NCR
3187,Maruti Alto K10,Maruti,2011,80315,Petrol,Manual,9654,94000.0,15,Delhi NCR
3188,Nissan MAGNITE,Nissan,2021,32132,Petrol,Manual,7873,446000.0,5,Delhi NCR
3189,Hyundai Creta,Hyundai,2017,64324,Petrol,Auto,12571,643000.0,9,Delhi NCR
3190,Maruti Vitara Brezza,Maruti,2020,76371,Diesel,Manual,14694,558000.0,6,Delhi NCR
3191,Tata PUNCH,Tata,2024,11865,Petrol,Manual,12057,683000.0,2,Delhi NCR
3192,Maruti Ertiga,Maruti,2017,68254,Diesel,Manual,55175,621000.0,9,Delhi NCR
3193,Maruti Alto,Maruti,2012,76323,Petrol,Manual,9151,103000.0,14,Delhi NCR
3194,Maruti Baleno,Maruti,2023,1831,Petrol,Auto,13557,768000.0,3,Delhi NCR
3195,Hyundai Verna,Hyundai,2012,67431,Petrol,Auto,23367,263000.0,14,Delhi NCR
3196,Maruti Dzire,Maruti,2020,63014,Petrol,Manual,9691,549000.0,6,Delhi NCR
3197,Maruti Wagon R 1.0,Maruti,2011,215241,Petrol,Manual,9691,100000.0,15,Delhi NCR
3198,Maruti Baleno,Maruti,2018,40974,Petrol,Manual,6849,388000.0,8,Delhi NCR
3199,Hyundai Eon,Hyundai,2013,1907,Petrol,Manual,6214,132000.0,13,Delhi NCR
3200,Maruti Swift Dzire,Maruti,2016,35668,Petrol,Manual,9343,420000.0,10,Delhi NCR
3201,Maruti Baleno,Maruti,2018,33251,Petrol,Manual,7096,401999.99999999994,8,Delhi NCR
3202,Mahindra TUV300,Mahindra,2019,36043,Diesel,Manual,19464,586000.0,7,Delhi NCR
3203,Honda Amaze,Honda,2018,63722,Petrol,Manual,6284,356000.0,8,Delhi NCR
3204,Maruti Wagon R 1.0,Maruti,2011,96204,Petrol,Manual,6284,86000.0,15,Delhi NCR
3205,Maruti Swift Dzire,Maruti,2011,200033,Petrol,Manual,6284,87000.0,15,Delhi NCR
3206,Tata Harrier,Tata,2020,50982,Diesel,Auto,25846,1000000.0,6,Delhi NCR
3207,Maruti Ciaz,Maruti,2017,146242,Diesel,Manual,39449,444000.00000000006,9,Delhi NCR
3208,Hyundai Elite i20,Hyundai,2015,65871,Petrol,Manual,9480,360000.0,11,Delhi NCR
3209,Nissan MAGNITE,Nissan,2021,15888,Petrol,Manual,7767,440000.00000000006,5,Delhi NCR
3210,Hyundai Santro Xing,Hyundai,2011,195680,Petrol,Manual,7767,63000.0,15,Delhi NCR
3211,Maruti SX4,Maruti,2010,160695,Petrol,Auto,7767,75000.0,16,Delhi NCR
3212,Honda City,Honda,2019,82531,Diesel,Manual,19098,575000.0,7,Delhi NCR
3213,Toyota Corolla Altis,Toyota,2011,77527,Petrol,Manual,19098,149000.0,15,Delhi NCR
3214,Hyundai Creta,Hyundai,2016,145392,Diesel,Manual,19098,617000.0,10,Delhi NCR
3215,Maruti Baleno,Maruti,2018,122664,Petrol,Manual,7051,317000.0,8,Delhi NCR
3216,Maruti Dzire,Maruti,2020,53065,Petrol,Auto,10486,594000.0,6,Delhi NCR
3217,Hyundai Creta,Hyundai,2016,91606,Petrol,Manual,10900,490000.00000000006,10,Delhi NCR
3218,Mahindra XUV500,Mahindra,2018,72401,Diesel,Manual,50476,1083000.0,8,Delhi NCR
3219,Renault Kwid,Renault,2018,90001,Petrol,Manual,3177,180000.0,8,Delhi NCR
3220,Tata Tiago,Tata,2019,32123,Petrol,Manual,7238,409999.99999999994,7,Delhi NCR
3221,Maruti Eeco,Maruti,2018,55532,Petrol,Manual,5190,294000.0,8,Delhi NCR
3222,Maruti Ciaz,Maruti,2019,55990,Petrol,Manual,8932,505999.99999999994,7,Delhi NCR
3223,Nissan Sunny,Nissan,2014,99842,Petrol,Auto,8304,250000.0,12,Delhi NCR
3224,Honda Jazz,Honda,2016,90329,Petrol,Auto,6673,300000.0,10,Delhi NCR
3225,Hyundai GRAND I10 NIOS,Hyundai,2022,55497,Petrol,Manual,9074,513999.99999999994,4,Delhi NCR
3226,Honda City,Honda,2016,109573,Petrol,Auto,10455,470000.0,10,Delhi NCR
3227,Ford Ecosport,Ford,2015,62996,Petrol,Manual,8427,320000.0,11,Delhi NCR
3228,Toyota Etios,Toyota,2011,107663,Petrol,Manual,8427,110000.00000000001,15,Delhi NCR
3229,Maruti SX4,Maruti,2013,88564,Petrol,Manual,8473,180000.0,13,Delhi NCR
3230,Ford FREESTYLE,Ford,2018,122223,Petrol,Manual,7919,356000.0,8,Delhi NCR
3231,Honda City,Honda,2019,40038,Petrol,Auto,10592,600000.0,7,Delhi NCR
3232,Maruti Dzire,Maruti,2018,116752,Petrol,Auto,10255,461000.00000000006,8,Delhi NCR
3233,Hyundai New Elantra,Hyundai,2013,52723,Petrol,Auto,14734,313000.0,13,Delhi NCR
3234,Honda Amaze,Honda,2015,77084,Petrol,Manual,6373,242000.0,11,Delhi NCR
3235,Volkswagen VIRTUS,Volkswagen,2022,38385,Petrol,Auto,18800,1098000.0,4,Delhi NCR
3236,Hyundai Verna,Hyundai,2011,297332,Petrol,Manual,18800,174000.0,15,Delhi NCR
3237,Tata Tiago,Tata,2017,98966,Petrol,Manual,5376,275000.0,9,Delhi NCR
3238,Honda Amaze,Honda,2015,54543,Petrol,Manual,7979,303000.0,11,Delhi NCR
3239,KIA SONET,KIA,2021,33994,Petrol,Manual,11298,640000.0,5,Delhi NCR
3240,Tata TIGOR,Tata,2018,24289,Diesel,Manual,14452,307000.0,8,Delhi NCR
3241,Tata Curvv,Tata,2024,10922,Petrol,Manual,16968,991000.0,2,Delhi NCR
3242,Maruti Wagon R 1.0,Maruti,2014,114118,Petrol,Manual,4982,150000.0,12,Delhi NCR
3243,Maruti Baleno,Maruti,2021,55119,Petrol,Manual,8491,480999.99999999994,5,Delhi NCR
3244,Hyundai Creta,Hyundai,2019,141644,Diesel,Manual,23748,715000.0,7,Delhi NCR
3245,Skoda SLAVIA,Skoda,2023,44783,Petrol,Auto,20153,1177000.0,3,Delhi NCR
3246,Mahindra TUV300,Mahindra,2016,142876,Diesel,Manual,20153,337000.0,10,Delhi NCR
3247,Hyundai Creta,Hyundai,2017,102367,Petrol,Auto,12346,555000.0,9,Delhi NCR
3248,Maruti Baleno,Maruti,2024,60195,Petrol,Manual,11563,655000.0,2,Delhi NCR
3249,Honda City,Honda,2016,80664,Petrol,Manual,9187,413000.0,10,Delhi NCR
3250,Maruti Baleno,Maruti,2017,51576,Petrol,Auto,7898,404000.0,9,Delhi NCR
3251,Maruti Ertiga,Maruti,2019,41781,Petrol,Manual,13766,803999.9999999999,7,Delhi NCR
3252,Ford Classic,Ford,2012,43342,Petrol,Manual,14305,161000.0,14,Delhi NCR
3253,Volkswagen Vento,Volkswagen,2021,45224,Petrol,Auto,16044,936999.9999999999,5,Delhi NCR
3254,Mahindra Thar,Mahindra,2023,22381,Diesel,Manual,22088,1290000.0,3,Delhi NCR
3255,Maruti New Wagon-R,Maruti,2021,97458,Petrol,Manual,7238,409999.99999999994,5,Delhi NCR
3256,Maruti IGNIS,Maruti,2018,72359,Petrol,Auto,6267,355000.0,8,Delhi NCR
3257,Tata NEXON,Tata,2023,73747,Diesel,Auto,17979,1050000.0,3,Delhi NCR
3258,Maruti Wagon R 1.0,Maruti,2010,120591,Petrol,Manual,17979,73000.0,16,Delhi NCR
3259,Maruti S PRESSO,Maruti,2020,27770,Petrol,Manual,7061,400000.0,6,Delhi NCR
3260,Hyundai VENUE,Hyundai,2022,35437,Petrol,Manual,12886,730000.0,4,Delhi NCR
3261,Mahindra XUV500,Mahindra,2017,92076,Diesel,Manual,40426,455000.0,9,Delhi NCR
3262,Maruti Eeco,Maruti,2010,115733,Petrol,Manual,40426,92000.0,16,Delhi NCR
3263,Hyundai Elite i20,Hyundai,2015,83412,Petrol,Manual,7900,300000.0,11,Delhi NCR
3264,Honda Amaze,Honda,2017,115000,Petrol,Manual,6228,280000.0,9,Delhi NCR
3265,MG ASTOR,MG,2023,12129,Petrol,Auto,23115,1350000.0,3,Delhi NCR
3266,Tata NEXON,Tata,2024,45000,Petrol,Auto,16609,969999.9999999999,2,Delhi NCR
3267,Maruti Alto,Maruti,2012,81851,Petrol,Manual,7019,79000.0,14,Delhi NCR
3268,Maruti Ritz,Maruti,2011,110330,Petrol,Manual,7019,112000.00000000001,15,Delhi NCR
3269,Hyundai Elite i20,Hyundai,2016,115336,Petrol,Manual,7652,344000.0,10,Delhi NCR
3270,Maruti Baleno,Maruti,2018,86640,Petrol,Manual,6426,364000.0,8,Delhi NCR
3271,Tata TIAGO NRG,Tata,2018,67677,Petrol,Manual,5296,300000.0,8,Delhi NCR
3272,Maruti S Cross,Maruti,2016,168159,Diesel,Manual,5296,296000.0,10,Delhi NCR
3273,Tata Hexa,Tata,2018,69232,Diesel,Manual,25843,549000.0,8,Delhi NCR
3274,Hyundai Elite i20,Hyundai,2018,100918,Petrol,Manual,9320,419000.00000000006,8,Delhi NCR
3275,Tata NEXON,Tata,2019,69254,Diesel,Manual,15611,470000.0,7,Delhi NCR
3276,Renault Duster,Renault,2019,83831,Diesel,Manual,15876,478000.0,7,Delhi NCR
3277,Maruti Eeco,Maruti,2016,116295,Petrol,Manual,3559,160000.0,10,Delhi NCR
3278,Tata NEXON,Tata,2024,8384,Petrol,Manual,13981,792000.0,2,Delhi NCR
3279,Honda Jazz,Honda,2011,46579,Petrol,Manual,13981,202000.0,15,Delhi NCR
3280,Maruti Baleno,Maruti,2016,91998,Petrol,Manual,7986,359000.0,10,Delhi NCR
3281,Tata NEXON,Tata,2018,90191,Diesel,Auto,22360,475000.0,8,Delhi NCR
3282,Tata NEXON,Tata,2020,49295,Petrol,Manual,11474,650000.0,6,Delhi NCR
3283,Hyundai i10,Hyundai,2011,75258,Petrol,Manual,11474,83000.0,15,Delhi NCR
3284,Maruti Eeco,Maruti,2016,118525,Petrol,Manual,4649,209000.0,10,Delhi NCR
3285,Hyundai Elite i20,Hyundai,2018,92272,Petrol,Manual,6620,375000.0,8,Delhi NCR
3286,Honda City,Honda,2015,109721,Petrol,Manual,12272,466000.0,11,Delhi NCR
3287,Hyundai Creta,Hyundai,2018,59559,Petrol,Manual,10415,590000.0,8,Delhi NCR
3288,Hyundai Verna,Hyundai,2017,67254,Diesel,Manual,36606,412000.0,9,Delhi NCR
3289,Maruti New Wagon-R,Maruti,2019,166921,Petrol,Manual,7341,330000.0,7,Delhi NCR
3290,Maruti Zen Estilo,Maruti,2012,92652,Petrol,Manual,11106,125000.0,14,Delhi NCR
3291,Hyundai Santro Xing,Hyundai,2011,113678,Petrol,Manual,11106,66000.0,15,Delhi NCR
3292,Ford Ecosport,Ford,2017,56227,Petrol,Manual,7996,409000.0,9,Delhi NCR
3293,Nissan MAGNITE,Nissan,2021,89607,Petrol,Manual,7273,412000.0,5,Delhi NCR
3294,Maruti Celerio,Maruti,2018,60545,Petrol,Manual,5631,319000.0,8,Delhi NCR
3295,Renault Kwid,Renault,2024,8063,Petrol,Auto,7043,399000.0,2,Delhi NCR
3296,Hyundai NEW I20,Hyundai,2022,37413,Petrol,Auto,10892,617000.0,4,Delhi NCR
3297,Mahindra XUV700,Mahindra,2022,78424,Diesel,Manual,31730,1667000.0000000002,4,Delhi NCR
3298,Hyundai Santro Xing,Hyundai,2011,140971,Petrol,Manual,31730,55000.00000000001,15,Delhi NCR
3299,Honda City,Honda,2012,124332,Petrol,Manual,19191,216000.0,14,Delhi NCR
3300,Maruti Alto,Maruti,2011,254112,Petrol,Manual,19191,68000.0,15,Delhi NCR
3301,Maruti Eeco,Maruti,2017,140185,Petrol,Manual,5494,247000.00000000003,9,Delhi NCR
3302,Tata PUNCH,Tata,2024,15689,Petrol,Manual,8950,507000.0,2,Delhi NCR
3303,Jeep Compass,Jeep,2017,74231,Petrol,Auto,13235,677000.0,9,Delhi NCR
3304,Ford Ecosport,Ford,2016,78326,Petrol,Manual,8097,364000.0,10,Delhi NCR
3305,Maruti Swift,Maruti,2021,85782,Petrol,Manual,8385,475000.0,5,Delhi NCR
3306,Honda City,Honda,2015,90429,Petrol,Manual,12298,467000.0,11,Delhi NCR
3307,Hyundai i10,Hyundai,2011,102206,Petrol,Manual,12298,96000.0,15,Delhi NCR
3308,Mahindra SCORPIO-N,Mahindra,2023,82782,Diesel,Manual,24725,1444000.0,3,Delhi NCR
3309,Tata Tiago,Tata,2019,102284,Petrol,Auto,7608,342000.0,7,Delhi NCR
3310,Honda City,Honda,2015,119511,Petrol,Auto,12061,458000.0,11,Delhi NCR
3311,Maruti Ciaz,Maruti,2020,82698,Petrol,Manual,10539,597000.0,6,Delhi NCR
3312,Maruti Alto,Maruti,2011,40412,Petrol,Manual,10539,64000.0,15,Delhi NCR
3313,Maruti Swift Dzire,Maruti,2011,105466,Petrol,Manual,10539,120000.0,15,Delhi NCR
3314,Maruti Dzire,Maruti,2017,73940,Diesel,Manual,33940,382000.0,9,Delhi NCR
3315,Chevrolet Beat,Chevrolet,2011,80290,Petrol,Manual,33940,70000.0,15,Delhi NCR
3316,Maruti New Wagon-R,Maruti,2020,86626,Petrol,Manual,7202,408000.0,6,Delhi NCR
3317,Tata PUNCH,Tata,2025,64,Petrol,Manual,12110,686000.0,1,Delhi NCR
3318,Tata Tiago,Tata,2020,61177,Petrol,Manual,6390,362000.0,6,Delhi NCR
3319,Hyundai i10,Hyundai,2011,67665,Petrol,Manual,6390,89000.0,15,Delhi NCR
3320,Hyundai Creta,Hyundai,2017,65338,Petrol,Manual,9032,462000.0,9,Delhi NCR
3321,Hyundai GRAND I10 NIOS,Hyundai,2022,19446,Petrol,Manual,8915,505000.0,4,Delhi NCR
3322,Hyundai VENUE,Hyundai,2021,52990,Petrol,Manual,9938,563000.0,5,Delhi NCR
3323,Mahindra XUV300,Mahindra,2019,38377,Petrol,Manual,8985,509000.0,7,Delhi NCR
3324,Maruti Ciaz,Maruti,2016,68000,Petrol,Manual,7341,330000.0,10,Delhi NCR
3325,Maruti Alto,Maruti,2012,95000,Petrol,Manual,6664,75000.0,14,Delhi NCR
3326,Ford Ecosport,Ford,2017,52434,Diesel,Manual,41137,463000.0,9,Delhi NCR
3327,Tata NEXON,Tata,2022,47436,Petrol,Auto,12145,688000.0,4,Delhi NCR
3328,Maruti A Star,Maruti,2011,70000,Petrol,Manual,12145,80000.0,15,Delhi NCR
3329,Maruti Swift,Maruti,2019,28388,Petrol,Manual,7449,422000.0,7,Delhi NCR
3330,KIA SONET,KIA,2024,16470,Petrol,Manual,13610,771000.0,2,Delhi NCR
3331,Maruti Wagon R 1.0,Maruti,2014,103477,Petrol,Manual,5979,180000.0,12,Delhi NCR
3332,Toyota Innova Crysta,Toyota,2018,70031,Diesel,Manual,47400,1017000.0,8,Delhi NCR
3333,Hyundai Elite i20,Hyundai,2019,46292,Petrol,Auto,8544,484000.0,7,Delhi NCR
3334,Hyundai Santro Xing,Hyundai,2014,116735,Petrol,Manual,4916,148000.0,12,Delhi NCR
3335,Maruti Alto,Maruti,2011,59649,Petrol,Manual,4916,70000.0,15,Delhi NCR
3336,Hyundai i20,Hyundai,2011,106982,Petrol,Manual,4916,93000.0,15,Delhi NCR
3337,Tata TIGOR,Tata,2018,54971,Petrol,Auto,6620,375000.0,8,Delhi NCR
3338,Hyundai Elite i20,Hyundai,2018,58153,Petrol,Manual,6461,366000.0,8,Delhi NCR
3339,Tata Tiago,Tata,2017,24523,Petrol,Auto,6843,350000.0,9,Delhi NCR
3340,Renault Kiger,Renault,2022,40659,Petrol,Manual,9126,517000.0,4,Delhi NCR
3341,Maruti Zen Estilo,Maruti,2010,193092,Petrol,Manual,9126,55000.00000000001,16,Delhi NCR
3342,Honda City,Honda,2020,49439,Petrol,Manual,13946,790000.0,6,Delhi NCR
3343,Maruti IGNIS,Maruti,2024,22554,Petrol,Manual,8826,500000.0,2,Delhi NCR
3344,Mahindra MARAZZO,Mahindra,2019,47420,Diesel,Manual,18268,550000.0,7,Delhi NCR
3345,Tata NEXON,Tata,2021,66553,Petrol,Manual,9585,543000.0,5,Delhi NCR
3346,Honda Jazz,Honda,2015,80746,Petrol,Manual,6873,261000.0,11,Delhi NCR
3347,Hyundai Creta,Hyundai,2016,156297,Diesel,Manual,6873,550000.0,10,Delhi NCR
3348,Mahindra XUV500,Mahindra,2016,90287,Diesel,Manual,6873,391000.0,10,Delhi NCR
3349,Maruti Wagon R 1.0,Maruti,2010,107902,Petrol,Manual,6873,77000.0,16,Delhi NCR
3350,Maruti Wagon R 1.0,Maruti,2011,115704,Petrol,Manual,6873,95000.0,15,Delhi NCR
3351,Hyundai Creta,Hyundai,2018,77298,Diesel,Manual,11730,600000.0,8,Delhi NCR
3352,Hyundai i10,Hyundai,2011,153100,Petrol,Manual,11730,104000.0,15,Delhi NCR
3353,Maruti Dzire,Maruti,2017,81084,Petrol,Auto,6843,350000.0,9,Delhi NCR
3354,Maruti Vitara Brezza,Maruti,2018,94196,Diesel,Manual,20336,432000.0,8,Delhi NCR
3355,Maruti Dzire,Maruti,2017,108788,Petrol,Manual,8475,381000.0,9,Delhi NCR
3356,Tata PUNCH,Tata,2022,20125,Petrol,Manual,8491,480999.99999999994,4,Delhi NCR
3357,Honda City,Honda,2011,97719,Petrol,Manual,8491,131000.0,15,Delhi NCR
3358,Hyundai Grand i10,Hyundai,2017,805000,Petrol,Manual,6540,294000.0,9,Delhi NCR
3359,Ford Ecosport,Ford,2014,63848,Petrol,Auto,7905,238000.0,12,Delhi NCR
3360,KIA SONET,KIA,2021,89913,Petrol,Manual,10592,600000.0,5,Delhi NCR
3361,Toyota Etios,Toyota,2015,100617,Petrol,Manual,6636,252000.0,11,Delhi NCR
3362,Hyundai Grand i10,Hyundai,2017,77306,Petrol,Manual,5670,290000.0,9,Delhi NCR
3363,Honda City,Honda,2014,28881,Petrol,Manual,10296,310000.0,12,Delhi NCR
3364,Hyundai AURA,Hyundai,2022,13535,Petrol,Auto,10486,594000.0,4,Delhi NCR
3365,Hyundai Santro Xing,Hyundai,2013,115953,Petrol,Manual,7155,152000.0,13,Delhi NCR
3366,Hyundai Creta,Hyundai,2017,157979,Diesel,Auto,57574,648000.0,9,Delhi NCR
3367,Maruti Ciaz,Maruti,2016,64171,Petrol,Manual,7763,349000.0,10,Delhi NCR
3368,Honda City,Honda,2016,116598,Petrol,Manual,8497,382000.0,10,Delhi NCR
3369,Maruti Baleno,Maruti,2016,116781,Petrol,Manual,7407,333000.0,10,Delhi NCR
3370,Hyundai Creta,Hyundai,2016,124593,Petrol,Manual,12234,550000.0,10,Delhi NCR
3371,Honda City,Honda,2015,64327,Petrol,Manual,8295,315000.0,11,Delhi NCR
3372,Maruti Swift,Maruti,2023,8484,Petrol,Manual,10592,600000.0,3,Delhi NCR
3373,Maruti New Wagon-R,Maruti,2021,66309,Petrol,Manual,6973,395000.0,5,Delhi NCR
3374,Maruti Baleno,Maruti,2018,58664,Petrol,Manual,7096,401999.99999999994,8,Delhi NCR
3375,Maruti Vitara Brezza,Maruti,2018,91899,Diesel,Manual,25937,551000.0,8,Delhi NCR
3376,Tata TIAGO NRG,Tata,2023,15563,Petrol,Manual,8826,500000.0,3,Delhi NCR
3377,Honda City,Honda,2017,105873,Petrol,Manual,9298,418000.0,9,Delhi NCR
3378,Tata NEXON,Tata,2024,51177,Petrol,Auto,17516,1023000.0,2,Delhi NCR
3379,Honda Amaze,Honda,2017,56153,Petrol,Manual,6080,311000.0,9,Delhi NCR
3380,Hyundai Creta,Hyundai,2019,135944,Diesel,Manual,20747,625000.0,7,Delhi NCR
3381,Tata PUNCH,Tata,2023,42729,Petrol,Manual,9179,520000.0,3,Delhi NCR
3382,Maruti Swift,Maruti,2011,97082,Petrol,Manual,9179,80000.0,15,Delhi NCR
3383,Maruti New Wagon-R,Maruti,2020,43377,Petrol,Manual,6673,378000.0,6,Delhi NCR
3384,Mahindra XUV700,Mahindra,2023,11538,Petrol,Auto,32533,1900000.0,3,Delhi NCR
3385,Maruti Dzire,Maruti,2022,89620,Petrol,Manual,10503,595000.0,4,Delhi NCR
3386,Maruti Dzire,Maruti,2020,56758,Petrol,Manual,8226,466000.0,6,Delhi NCR
3387,Hyundai Santro Xing,Hyundai,2011,100026,Petrol,Manual,8226,79000.0,15,Delhi NCR
3388,Maruti Celerio,Maruti,2017,44869,Petrol,Auto,5259,269000.0,9,Delhi NCR
3389,Volkswagen VIRTUS,Volkswagen,2024,17278,Petrol,Auto,24965,1458000.0,2,Delhi NCR
3390,Hyundai i20,Hyundai,2011,178904,Petrol,Manual,24965,113999.99999999999,15,Delhi NCR
3391,Mahindra XUV500,Mahindra,2018,72600,Diesel,Auto,33187,705000.0,8,Delhi NCR
3392,Honda City,Honda,2016,132913,Petrol,Manual,9743,438000.0,10,Delhi NCR
3393,Maruti Dzire,Maruti,2018,65243,Petrol,Manual,6832,387000.0,8,Delhi NCR
3394,Maruti Wagon R 1.0,Maruti,2012,80362,Petrol,Manual,10928,123000.0,14,Delhi NCR
3395,Maruti Vitara Brezza,Maruti,2016,153962,Diesel,Manual,12166,462000.0,10,Delhi NCR
3396,Maruti S Cross,Maruti,2017,109389,Diesel,Manual,49400,556000.0,9,Delhi NCR
3397,Hyundai i20,Hyundai,2011,107819,Petrol,Manual,49400,90000.0,15,Delhi NCR
3398,Tata NEXON,Tata,2021,49970,Petrol,Manual,12233,693000.0,5,Delhi NCR
3399,Ford Ecosport,Ford,2016,107469,Petrol,Manual,6718,302000.0,10,Delhi NCR
3400,Ford Ecosport,Ford,2016,89743,Diesel,Manual,6583,250000.0,10,Delhi NCR
3401,Hyundai Creta,Hyundai,2016,99478,Diesel,Auto,6583,635000.0,10,Delhi NCR
3402,Tata NEXON,Tata,2023,37578,Petrol,Manual,11068,627000.0,3,Delhi NCR
3403,Honda City,Honda,2015,67767,Petrol,Manual,9217,350000.0,11,Delhi NCR
3404,Maruti Swift Dzire,Maruti,2011,105392,Petrol,Manual,9217,86000.0,15,Delhi NCR
3405,Tata NEXON,Tata,2022,64243,Petrol,Manual,13363,757000.0,4,Delhi NCR
3406,Ford Ecosport,Ford,2017,151619,Diesel,Manual,33141,373000.0,9,Delhi NCR
3407,Maruti Alto,Maruti,2021,25825,Petrol,Manual,4907,278000.0,5,Delhi NCR
3408,Tata NEXON,Tata,2020,79650,Petrol,Auto,9956,564000.0,6,Delhi NCR
3409,Ford Ecosport,Ford,2017,148024,Diesel,Manual,44247,498000.00000000006,9,Delhi NCR
3410,Toyota Corolla Altis,Toyota,2011,45782,Petrol,Manual,44247,202999.99999999997,15,Delhi NCR
3411,Hyundai Creta,Hyundai,2018,96639,Petrol,Auto,9709,550000.0,8,Delhi NCR
3412,Tata Harrier,Tata,2020,43000,Diesel,Auto,22841,1334000.0,6,Delhi NCR
3413,Tata NEXON,Tata,2021,29440,Petrol,Manual,11457,649000.0,5,Delhi NCR
3414,Tata Tiago,Tata,2019,62603,Petrol,Manual,4819,273000.0,7,Delhi NCR
3415,Maruti Baleno,Maruti,2018,23206,Petrol,Manual,7608,430999.99999999994,8,Delhi NCR
3416,Ford Ecosport,Ford,2015,81320,Petrol,Manual,9428,358000.0,11,Delhi NCR
3417,Tata PUNCH,Tata,2023,58492,Petrol,Manual,8826,500000.0,3,Delhi NCR
3418,Tata NEXON,Tata,2019,68502,Petrol,Manual,6973,395000.0,7,Delhi NCR
3419,Maruti Alto K10,Maruti,2018,46913,Petrol,Auto,5472,310000.0,8,Delhi NCR
3420,Hyundai i20,Hyundai,2011,114524,Petrol,Manual,5472,94000.0,15,Delhi NCR
3421,Honda Brio,Honda,2016,55531,Petrol,Manual,5717,256999.99999999997,10,Delhi NCR
3422,Hyundai Santro Xing,Hyundai,2012,138656,Petrol,Manual,6664,75000.0,14,Delhi NCR
3423,Maruti Dzire,Maruti,2018,73509,Petrol,Manual,6867,389000.0,8,Delhi NCR
3424,Hyundai AURA,Hyundai,2023,7010,Petrol,Manual,10450,592000.0,3,Delhi NCR
3425,Mahindra XUV500,Mahindra,2017,44000,Diesel,Manual,44424,500000.0,9,Delhi NCR
3426,Hyundai Elite i20,Hyundai,2019,66408,Petrol,Manual,9374,531000.0,7,Delhi NCR
3427,Maruti Baleno,Maruti,2018,90244,Petrol,Manual,6002,340000.0,8,Delhi NCR
3428,Honda City,Honda,2015,129523,Petrol,Auto,10823,411000.00000000006,11,Delhi NCR
3429,Maruti Vitara Brezza,Maruti,2019,120652,Diesel,Manual,15611,470000.0,7,Delhi NCR
3430,Maruti Celerio,Maruti,2020,104804,Petrol,Manual,8831,397000.0,6,Delhi NCR
3431,Honda City,Honda,2015,112107,Petrol,Manual,8163,310000.0,11,Delhi NCR
3432,Hyundai Elite i20,Hyundai,2018,59439,Petrol,Manual,8526,483000.0,8,Delhi NCR
3433,Mahindra BOLERO NEO,Mahindra,2023,16302,Diesel,Manual,16609,969999.9999999999,3,Delhi NCR
3434,Mahindra XUV500,Mahindra,2019,114877,Diesel,Auto,36798,1124000.0,7,Delhi NCR
3435,Maruti Celerio,Maruti,2021,29007,Petrol,Auto,8050,455999.99999999994,5,Delhi NCR
3436,Tata NEXON,Tata,2024,23377,Petrol,Auto,14554,850000.0,2,Delhi NCR
3437,Maruti Alto K10,Maruti,2011,82806,Petrol,Manual,14554,97000.0,15,Delhi NCR
3438,Ford FREESTYLE,Ford,2020,108233,Petrol,Manual,8787,395000.0,6,Delhi NCR
3439,Maruti Ritz,Maruti,2011,100001,Petrol,Manual,8787,85000.0,15,Delhi NCR
3440,Maruti New Wagon-R,Maruti,2020,108391,Petrol,Manual,8408,378000.0,6,Delhi NCR
3441,Hyundai Grand i10,Hyundai,2017,46970,Petrol,Manual,5670,290000.0,9,Delhi NCR
3442,Maruti Swift,Maruti,2025,8887,Petrol,Manual,13610,771000.0,1,Delhi NCR
3443,Hyundai Santro Xing,Hyundai,2011,117506,Petrol,Manual,13610,77000.0,15,Delhi NCR
3444,Renault TRIBER,Renault,2022,94999,Petrol,Manual,6708,380000.0,4,Delhi NCR
3445,Tata NEXON,Tata,2021,40333,Petrol,Manual,13715,801000.0,5,Delhi NCR
3446,Mahindra XUV500,Mahindra,2017,61571,Diesel,Manual,72561,821000.0000000001,9,Delhi NCR
3447,Skoda SLAVIA,Skoda,2022,37331,Petrol,Manual,14087,798000.0,4,Delhi NCR
3448,Tata Safari Storme,Tata,2018,23852,Diesel,Manual,30927,657000.0,8,Delhi NCR
3449,Ford Ecosport,Ford,2017,125714,Diesel,Manual,26388,297000.0,9,Delhi NCR
3450,Honda Amaze,Honda,2019,52571,Petrol,Manual,7432,421000.0,7,Delhi NCR
3451,Maruti Ertiga,Maruti,2017,236715,Petrol,Manual,10677,480000.0,9,Delhi NCR
3452,Maruti New Wagon-R,Maruti,2020,105079,Petrol,Manual,7786,350000.0,6,Delhi NCR
3453,Maruti Ertiga,Maruti,2017,72931,Petrol,Manual,9931,508000.0,9,Delhi NCR
3454,Tata NEXON,Tata,2019,54265,Petrol,Manual,8791,498000.00000000006,7,Delhi NCR
3455,Honda City,Honda,2014,112609,Petrol,Manual,11160,336000.0,12,Delhi NCR
3456,Hyundai Elite i20,Hyundai,2019,72628,Petrol,Manual,7855,445000.0,7,Delhi NCR
3457,Maruti Baleno,Maruti,2018,116000,Diesel,Manual,18688,397000.0,8,Delhi NCR
3458,Tata PUNCH,Tata,2022,80483,Petrol,Manual,8279,469000.00000000006,4,Delhi NCR
3459,Honda City,Honda,2015,48777,Petrol,Manual,12114,459999.99999999994,11,Delhi NCR
3460,Maruti IGNIS,Maruti,2018,50946,Petrol,Auto,6938,393000.0,8,Delhi NCR
3461,Tata NEXON,Tata,2021,70844,Petrol,Manual,10592,600000.0,5,Delhi NCR
3462,Maruti Wagon R 1.0,Maruti,2011,103737,Petrol,Manual,10592,112000.00000000001,15,Delhi NCR
3463,Hyundai ALCAZAR,Hyundai,2022,34651,Petrol,Auto,22876,1336000.0,4,Delhi NCR
3464,Hyundai Creta,Hyundai,2016,55041,Petrol,Manual,13413,603000.0,10,Delhi NCR
3465,Nissan Sunny,Nissan,2014,102326,Petrol,Manual,7706,231999.99999999997,12,Delhi NCR
3466,Tata NEXON,Tata,2019,71055,Petrol,Manual,7432,421000.0,7,Delhi NCR
3467,Honda Amaze,Honda,2022,31862,Petrol,Manual,10239,580000.0,4,Delhi NCR
3468,Maruti S PRESSO,Maruti,2020,31663,Petrol,Manual,5967,338000.0,6,Delhi NCR
3469,Maruti Swift,Maruti,2022,61801,Petrol,Manual,7432,421000.0,4,Delhi NCR
3470,Nissan MAGNITE,Nissan,2023,19696,Petrol,Manual,8279,469000.00000000006,3,Delhi NCR
3471,Skoda Rapid,Skoda,2017,74025,Petrol,Manual,8974,459000.0,9,Delhi NCR
3472,Hyundai AURA,Hyundai,2022,54417,Petrol,Manual,10044,569000.0,4,Delhi NCR
3473,Maruti Baleno,Maruti,2023,135,Petrol,Manual,12180,690000.0,3,Delhi NCR
3474,Maruti New Wagon-R,Maruti,2019,112584,Petrol,Manual,7585,341000.0,7,Delhi NCR
3475,Maruti Eeco,Maruti,2011,257888,Petrol,Manual,7585,85000.0,15,Delhi NCR
3476,Maruti Baleno,Maruti,2017,27393,Petrol,Manual,8016,409999.99999999994,9,Delhi NCR
3477,Mahindra XUV500,Mahindra,2016,58240,Diesel,Auto,8016,650000.0,10,Delhi NCR
3478,Tata ALTROZ,Tata,2021,25540,Petrol,Manual,8173,463000.0,5,Delhi NCR
3479,Renault Duster,Renault,2016,69045,Diesel,Manual,8173,276000.0,10,Delhi NCR
3480,Maruti IGNIS,Maruti,2023,29527,Petrol,Manual,10256,581000.0,3,Delhi NCR
3481,Maruti Ertiga,Maruti,2020,110427,Petrol,Manual,17195,773000.0,6,Delhi NCR
3482,Tata PUNCH,Tata,2021,42046,Petrol,Manual,8685,492000.0,5,Delhi NCR
3483,Hyundai i10,Hyundai,2011,98574,Petrol,Manual,8685,95000.0,15,Delhi NCR
3484,Hyundai Xcent,Hyundai,2017,136611,Diesel,Manual,24167,272000.0,9,Delhi NCR
3485,Maruti Ciaz,Maruti,2016,78618,Diesel,Manual,24167,324000.0,10,Delhi NCR
3486,Maruti Vitara Brezza,Maruti,2017,128061,Diesel,Manual,40959,461000.00000000006,9,Delhi NCR
3487,Maruti Alto 800,Maruti,2013,82766,Petrol,Manual,7767,165000.0,13,Delhi NCR
3488,Hyundai Verna,Hyundai,2021,20927,Petrol,Manual,15753,919999.9999999999,5,Delhi NCR
3489,Honda Amaze,Honda,2018,78401,Petrol,Manual,6973,395000.0,8,Delhi NCR
3490,Hyundai i10,Hyundai,2010,99387,Petrol,Auto,6973,97000.0,16,Delhi NCR
3491,Tata Harrier,Tata,2019,99992,Diesel,Manual,25808,777000.0,7,Delhi NCR
3492,Hyundai NEW I20,Hyundai,2022,48561,Petrol,Auto,11351,643000.0,4,Delhi NCR
3493,Hyundai Santro Xing,Hyundai,2013,76959,Petrol,Manual,6355,135000.0,13,Delhi NCR
3494,Honda City,Honda,2014,54784,Petrol,Auto,11094,334000.0,12,Delhi NCR
3495,Hyundai ALCAZAR,Hyundai,2022,97127,Diesel,Auto,25506,1340000.0,4,Delhi NCR
3496,Tata NEXON,Tata,2021,93193,Diesel,Auto,17394,800000.0,5,Delhi NCR
3497,Hyundai Creta,Hyundai,2018,166362,Petrol,Auto,14014,630000.0,8,Delhi NCR
3498,Toyota Etios,Toyota,2014,66337,Petrol,Manual,9798,295000.0,12,Delhi NCR
3499,Honda Amaze,Honda,2017,99793,Diesel,Manual,26210,295000.0,9,Delhi NCR
3500,Hyundai Elite i20,Hyundai,2015,55578,Petrol,Manual,8453,321000.0,11,Delhi NCR
3501,Maruti Vitara Brezza,Maruti,2017,101904,Diesel,Manual,37316,420000.0,9,Delhi NCR
3502,Maruti New Wagon-R,Maruti,2021,143691,Petrol,Manual,8230,370000.0,5,Delhi NCR
3503,Maruti Vitara Brezza,Maruti,2017,111781,Diesel,Manual,35540,400000.0,9,Delhi NCR
3504,Maruti Swift Dzire,Maruti,2016,168775,Diesel,Manual,35540,370000.0,10,Delhi NCR
3505,Maruti Alto K10,Maruti,2023,19742,Petrol,Manual,6902,391000.0,3,Delhi NCR
3506,Tata NEXON,Tata,2020,72465,Petrol,Manual,8826,500000.0,6,Delhi NCR
3507,Maruti Baleno,Maruti,2019,94491,Petrol,Manual,7644,433000.0,7,Delhi NCR
3508,Honda City,Honda,2015,64707,Petrol,Manual,8822,335000.0,11,Delhi NCR
3509,Maruti XL6,Maruti,2021,59003,Petrol,Manual,12922,732000.0,5,Delhi NCR
3510,Maruti Swift Dzire,Maruti,2015,131839,Petrol,Manual,8980,341000.0,11,Delhi NCR
3511,Maruti Dzire,Maruti,2017,119530,Diesel,Auto,31364,353000.0,9,Delhi NCR
3512,Toyota Corolla Altis,Toyota,2011,121637,Petrol,Manual,31364,147000.0,15,Delhi NCR
3513,Hyundai Verna,Hyundai,2019,96923,Petrol,Auto,11474,650000.0,7,Delhi NCR
3514,Hyundai Elite i20,Hyundai,2020,70019,Petrol,Manual,8791,498000.00000000006,6,Delhi NCR
3515,Hyundai Creta,Hyundai,2017,148706,Petrol,Auto,13235,595000.0,9,Delhi NCR
3516,Toyota Corolla Altis,Toyota,2011,77760,Petrol,Manual,13235,145000.0,15,Delhi NCR
3517,Hyundai Grand i10,Hyundai,2014,50169,Petrol,Manual,10130,305000.0,12,Delhi NCR
3518,Honda Amaze,Honda,2018,69793,Petrol,Manual,7414,420000.0,8,Delhi NCR
3519,Mahindra XUV300,Mahindra,2019,59488,Petrol,Manual,8738,495000.0,7,Delhi NCR
3520,Skoda Superb,Skoda,2011,111644,Petrol,Manual,8738,181000.0,15,Delhi NCR
3521,Honda City,Honda,2016,88713,Petrol,Manual,8141,366000.0,10,Delhi NCR
3522,Mahindra XUV 3XO,Mahindra,2025,196,Petrol,Manual,13681,775000.0,1,Delhi NCR
3523,Mahindra Scorpio,Mahindra,2021,95924,Diesel,Manual,23917,1100000.0,5,Delhi NCR
3524,Maruti Alto,Maruti,2010,181156,Petrol,Manual,23917,52000.0,16,Delhi NCR
3525,Tata NEXON,Tata,2022,16238,Petrol,Auto,12710,720000.0,4,Delhi NCR
3526,Hyundai Santro Xing,Hyundai,2012,99913,Petrol,Manual,7019,79000.0,14,Delhi NCR
3527,Hyundai Creta,Hyundai,2017,144693,Petrol,Manual,10900,490000.00000000006,9,Delhi NCR
3528,Mahindra XUV700,Mahindra,2022,65009,Diesel,Auto,37459,1968000.0,4,Delhi NCR
3529,Mahindra XUV700,Mahindra,2023,20038,Petrol,Manual,30290,1769000.0000000002,3,Delhi NCR
3530,Honda Amaze,Honda,2018,89786,Diesel,Auto,21418,455000.0,8,Delhi NCR
3531,Hyundai Elite i20,Hyundai,2017,179087,Diesel,Manual,31008,349000.0,9,Delhi NCR
3532,Maruti Swift Dzire,Maruti,2017,112810,Diesel,Manual,37761,425000.0,9,Delhi NCR
3533,Maruti Vitara Brezza,Maruti,2017,143125,Diesel,Manual,36783,413999.99999999994,9,Delhi NCR
3534,Maruti Ertiga,Maruti,2019,52506,Petrol,Manual,12798,725000.0,7,Delhi NCR
3535,Tata Hexa,Tata,2017,45820,Diesel,Manual,37761,425000.0,9,Delhi NCR
3536,Tata NEXON,Tata,2018,38585,Petrol,Manual,8209,465000.00000000006,8,Delhi NCR
3537,Maruti Wagon R 1.0,Maruti,2010,118175,Petrol,Manual,8209,68000.0,16,Delhi NCR
3538,Maruti Wagon R 1.0,Maruti,2011,91656,Petrol,Manual,8209,94000.0,15,Delhi NCR
3539,Tata Tiago,Tata,2022,29741,Petrol,Manual,7026,398000.0,4,Delhi NCR
3540,Hyundai Verna,Hyundai,2016,89177,Petrol,Manual,8564,385000.0,10,Delhi NCR
3541,Maruti New Wagon-R,Maruti,2020,122462,Petrol,Manual,8987,404000.0,6,Delhi NCR
3542,Honda Jazz,Honda,2012,42981,Petrol,Manual,12883,145000.0,14,Delhi NCR
3543,Maruti Eeco,Maruti,2018,115051,Petrol,Manual,5272,237000.0,8,Delhi NCR
3544,Maruti Wagon R 1.0,Maruti,2011,13995,Petrol,Manual,5272,86000.0,15,Delhi NCR
3545,Maruti Alto,Maruti,2011,31753,Petrol,Manual,5272,92000.0,15,Delhi NCR
3546,Hyundai Santro Xing,Hyundai,2010,148447,Petrol,Manual,5272,60000.0,16,Delhi NCR
3547,Hyundai Grand i10,Hyundai,2017,23316,Petrol,Manual,7234,370000.0,9,Delhi NCR
3548,Maruti S PRESSO,Maruti,2021,111256,Petrol,Manual,7475,336000.0,5,Delhi NCR
3549,Maruti Wagon R 1.0,Maruti,2018,78381,Petrol,Manual,4819,273000.0,8,Delhi NCR
3550,Tata NEXON,Tata,2019,102322,Petrol,Auto,11434,513999.99999999994,7,Delhi NCR
3551,Mahindra SCORPIO-N,Mahindra,2023,22536,Petrol,Manual,27225,1590000.0,3,Delhi NCR
3552,Honda WR-V,Honda,2018,77451,Petrol,Manual,9285,526000.0,8,Delhi NCR
3553,Ford Ecosport,Ford,2015,97023,Petrol,Manual,8058,306000.0,11,Delhi NCR
3554,Maruti Alto 800,Maruti,2018,29220,Petrol,Manual,4307,244000.0,8,Delhi NCR
3555,Volkswagen Vento,Volkswagen,2016,214898,Petrol,Auto,7474,336000.0,10,Delhi NCR
3556,Honda Amaze,Honda,2017,64294,Petrol,Manual,6061,310000.0,9,Delhi NCR
3557,Renault TRIBER,Renault,2022,28210,Petrol,Manual,8067,457000.0,4,Delhi NCR
3558,Tata Harrier,Tata,2020,98660,Diesel,Manual,22272,861999.9999999999,6,Delhi NCR
3559,KIA CARENS,KIA,2022,91645,Diesel,Manual,23355,1227000.0,4,Delhi NCR
3560,Maruti Dzire,Maruti,2022,72778,Petrol,Manual,9780,554000.0,4,Delhi NCR
3561,Hyundai Santro Xing,Hyundai,2013,112385,Petrol,Manual,5178,110000.00000000001,13,Delhi NCR
3562,Mahindra XUV700,Mahindra,2023,42942,Diesel,Auto,34245,2000000.0,3,Delhi NCR
3563,Maruti Swift,Maruti,2021,20285,Petrol,Manual,10044,569000.0,5,Delhi NCR
3564,Maruti Swift,Maruti,2012,79024,Petrol,Manual,16881,190000.0,14,Delhi NCR
3565,Maruti Alto,Maruti,2012,75806,Petrol,Manual,7641,86000.0,14,Delhi NCR
3566,Maruti New Wagon-R,Maruti,2022,57276,Petrol,Manual,7661,434000.0,4,Delhi NCR
3567,Hyundai Santro Xing,Hyundai,2013,91105,Petrol,Manual,6449,137000.0,13,Delhi NCR
3568,Honda City,Honda,2011,231062,Petrol,Manual,6449,120000.0,15,Delhi NCR
3569,Hyundai Creta,Hyundai,2019,51864,Petrol,Auto,15633,913000.0000000001,7,Delhi NCR
3570,Tata NEXON,Tata,2022,75824,Petrol,Manual,11474,650000.0,4,Delhi NCR
3571,Maruti Dzire,Maruti,2017,95835,Petrol,Manual,7253,371000.0,9,Delhi NCR
3572,Hyundai Creta,Hyundai,2019,70716,Petrol,Auto,15410,900000.0,7,Delhi NCR
3573,Honda Amaze,Honda,2019,55465,Petrol,Manual,7485,424000.0,7,Delhi NCR
3574,Hyundai Creta,Hyundai,2018,116586,Diesel,Manual,30598,650000.0,8,Delhi NCR
3575,Mahindra XUV500,Mahindra,2018,71536,Diesel,Manual,36247,770000.0,8,Delhi NCR
3576,Mahindra XUV500,Mahindra,2017,48324,Diesel,Auto,68858,775000.0,9,Delhi NCR
3577,Maruti New Wagon-R,Maruti,2021,99189,Petrol,Manual,6637,376000.0,5,Delhi NCR
3578,Maruti Dzire,Maruti,2018,105778,Petrol,Manual,9765,438999.99999999994,8,Delhi NCR
3579,Mahindra XUV500,Mahindra,2017,82125,Diesel,Auto,50200,565000.0,9,Delhi NCR
3580,Honda City,Honda,2013,81432,Petrol,Manual,9697,206000.0,13,Delhi NCR
3581,Hyundai Creta,Hyundai,2017,104422,Diesel,Manual,42736,480999.99999999994,9,Delhi NCR
3582,Volkswagen Polo,Volkswagen,2013,97655,Petrol,Manual,11815,250999.99999999997,13,Delhi NCR
3583,Maruti New Wagon-R,Maruti,2021,83948,Petrol,Manual,6708,380000.0,5,Delhi NCR
3584,Tata NEXON,Tata,2022,35502,Petrol,Manual,11563,655000.0,4,Delhi NCR
3585,Maruti Swift,Maruti,2020,53947,Petrol,Manual,8809,499000.0,6,Delhi NCR
3586,Hyundai Eon,Hyundai,2013,27350,Petrol,Manual,6167,131000.0,13,Delhi NCR
3587,Hyundai Elite i20,Hyundai,2017,49636,Petrol,Manual,6843,350000.0,9,Delhi NCR
3588,Hyundai Elite i20,Hyundai,2015,38901,Petrol,Manual,9033,343000.0,11,Delhi NCR
3589,Maruti New Wagon-R,Maruti,2020,87884,Petrol,Manual,6161,349000.0,6,Delhi NCR
3590,Hyundai Elite i20,Hyundai,2017,72503,Petrol,Manual,7155,366000.0,9,Delhi NCR
3591,Hyundai i20,Hyundai,2011,110326,Petrol,Manual,7155,85000.0,15,Delhi NCR
3592,Maruti New Wagon-R,Maruti,2022,62839,Petrol,Manual,7206,408000.0,4,Delhi NCR
3593,Toyota Innova Crysta,Toyota,2017,90204,Diesel,Manual,87675,992000.0,9,Delhi NCR
3594,Maruti Ciaz,Maruti,2018,225122,Diesel,Manual,16476,350000.0,8,Delhi NCR
3595,Ford Ecosport,Ford,2017,78059,Diesel,Manual,30031,338000.0,9,Delhi NCR
3596,Ford Ecosport,Ford,2018,124848,Diesel,Manual,23537,500000.0,8,Delhi NCR
3597,Maruti Vitara Brezza,Maruti,2020,33971,Petrol,Manual,11810,669000.0,6,Delhi NCR
3598,Maruti Ertiga,Maruti,2016,76329,Diesel,Manual,11810,415000.00000000006,10,Delhi NCR
3599,Honda Amaze,Honda,2017,78009,Petrol,Manual,6061,310000.0,9,Delhi NCR
3600,Honda City,Honda,2015,64087,Petrol,Manual,8875,337000.0,11,Delhi NCR
3601,Nissan MAGNITE,Nissan,2021,185051,Petrol,Manual,8698,391000.0,5,Delhi NCR
3602,Honda Amaze,Honda,2021,112546,Petrol,Manual,9765,438999.99999999994,5,Delhi NCR
3603,Hyundai i20 Active,Hyundai,2016,117031,Diesel,Manual,9765,400000.0,10,Delhi NCR
3604,Tata ALTROZ,Tata,2020,65375,Diesel,Manual,12983,493000.0,6,Delhi NCR
3605,Maruti New Wagon-R,Maruti,2023,66094,Petrol,Manual,8085,458000.0,3,Delhi NCR
3606,Maruti New Wagon-R,Maruti,2021,81315,Petrol,Manual,6743,382000.0,5,Delhi NCR
3607,Maruti Vitara Brezza,Maruti,2018,94403,Diesel,Manual,18641,396000.0,8,Delhi NCR
3608,Honda City,Honda,2016,77197,Petrol,Manual,8987,404000.0,10,Delhi NCR
3609,Tata Hexa,Tata,2018,78562,Diesel,Manual,32650,694000.0,8,Delhi NCR
3610,Toyota Etios,Toyota,2015,46678,Petrol,Manual,8005,304000.0,11,Delhi NCR
3611,Mahindra Thar,Mahindra,2023,8554,Petrol,Auto,26540,1550000.0,3,Delhi NCR
3612,Maruti Alto,Maruti,2012,120838,Petrol,Manual,8618,97000.0,14,Delhi NCR
3613,Hyundai Creta,Hyundai,2017,77178,Diesel,Manual,49666,559000.0,9,Delhi NCR
3614,Maruti Dzire,Maruti,2018,167909,Petrol,Manual,9587,430999.99999999994,8,Delhi NCR
3615,Hyundai NEW SANTRO,Hyundai,2019,24713,Petrol,Auto,5825,330000.0,7,Delhi NCR
3616,Hyundai Eon,Hyundai,2013,78350,Petrol,Manual,5884,125000.0,13,Delhi NCR
3617,Maruti New Wagon-R,Maruti,2022,110245,Petrol,Manual,10121,455000.0,4,Delhi NCR
3618,Hyundai Creta,Hyundai,2019,70591,Petrol,Auto,13681,775000.0,7,Delhi NCR
3619,Honda City,Honda,2015,70349,Petrol,Auto,12509,475000.0,11,Delhi NCR
3620,Hyundai Creta,Hyundai,2017,111298,Diesel,Manual,47534,535000.0,9,Delhi NCR
3621,Toyota Etios,Toyota,2016,75200,Petrol,Manual,6184,278000.0,10,Delhi NCR
3622,Tata Hexa,Tata,2018,119265,Diesel,Manual,27679,588000.0,8,Delhi NCR
3623,Maruti Dzire,Maruti,2017,203462,Diesel,Manual,35095,395000.0,9,Delhi NCR
3624,Hyundai GRAND I10 NIOS,Hyundai,2022,13868,Diesel,Auto,12219,625000.0,4,Delhi NCR
3625,Maruti Ertiga,Maruti,2013,76857,Petrol,Manual,15111,321000.0,13,Delhi NCR
3626,Tata TIGOR,Tata,2022,81022,Petrol,Manual,8120,459999.99999999994,4,Delhi NCR
3627,Maruti Dzire,Maruti,2022,92559,Petrol,Manual,11845,671000.0,4,Delhi NCR
3628,Maruti Vitara Brezza,Maruti,2022,41377,Petrol,Manual,10680,605000.0,4,Delhi NCR
3629,Tata Harrier,Tata,2022,86278,Diesel,Auto,25829,1357000.0,4,Delhi NCR
3630,Maruti Baleno,Maruti,2018,69193,Petrol,Manual,6920,392000.0,8,Delhi NCR
3631,Maruti IGNIS,Maruti,2020,30537,Petrol,Manual,12498,708000.0,6,Delhi NCR
3632,Maruti Baleno,Maruti,2023,52990,Petrol,Manual,10821,613000.0,3,Delhi NCR
3633,Hyundai Creta,Hyundai,2017,83261,Petrol,Manual,9716,497000.0,9,Delhi NCR
3634,Honda City,Honda,2019,70727,Petrol,Manual,10486,594000.0,7,Delhi NCR
3635,Mahindra XUV500,Mahindra,2019,160000,Diesel,Manual,21589,650000.0,7,Delhi NCR
3636,Maruti Dzire,Maruti,2019,95523,Petrol,Manual,6708,380000.0,7,Delhi NCR
3637,Honda City,Honda,2015,103493,Petrol,Auto,8558,325000.0,11,Delhi NCR
3638,Honda Mobilio,Honda,2014,40794,Petrol,Manual,10828,326000.0,12,Delhi NCR
3639,Hyundai Creta,Hyundai,2017,165119,Diesel,Manual,40337,454000.0,9,Delhi NCR
3640,Tata NEXON,Tata,2022,27476,Petrol,Manual,12357,700000.0,4,Delhi NCR
3641,Hyundai Santro Xing,Hyundai,2013,112007,Petrol,Manual,5272,112000.00000000001,13,Delhi NCR
3642,Ford Ecosport,Ford,2015,93299,Petrol,Manual,8348,317000.0,11,Delhi NCR
3643,Tata NEXON,Tata,2021,81154,Diesel,Auto,13925,626000.0,5,Delhi NCR
3644,Maruti Vitara Brezza,Maruti,2016,121216,Diesel,Manual,13925,403000.0,10,Delhi NCR
3645,Hyundai GRAND I10 NIOS,Hyundai,2022,12250,Petrol,Manual,10150,575000.0,4,Delhi NCR
3646,Maruti Vitara Brezza,Maruti,2016,60170,Diesel,Manual,10150,450000.0,10,Delhi NCR
3647,Maruti Vitara Brezza,Maruti,2017,177353,Diesel,Manual,39360,443000.0,9,Delhi NCR
3648,Hyundai AURA,Hyundai,2023,47504,Petrol,Manual,11051,626000.0,3,Delhi NCR
3649,Honda Jazz,Honda,2012,109131,Petrol,Manual,10129,113999.99999999999,14,Delhi NCR
3650,Tata NEXON,Tata,2023,41990,Petrol,Auto,13698,800000.0,3,Delhi NCR
3651,Tata TIGOR,Tata,2023,90517,Petrol,Manual,10150,575000.0,3,Delhi NCR
3652,Tata PUNCH,Tata,2024,26222,Petrol,Manual,9091,515000.00000000006,2,Delhi NCR
3653,Hyundai Creta,Hyundai,2017,44318,Petrol,Auto,15246,801000.0,9,Delhi NCR
3654,Hyundai AURA,Hyundai,2022,37679,Petrol,Manual,10592,600000.0,4,Delhi NCR
3655,Toyota Innova Crysta,Toyota,2017,285531,Diesel,Manual,98811,1118000.0,9,Delhi NCR
3656,Maruti Celerio,Maruti,2018,106833,Petrol,Manual,6673,300000.0,8,Delhi NCR
3657,KIA SELTOS,KIA,2019,52396,Petrol,Manual,16327,734000.0,7,Delhi NCR
3658,Honda Jazz,Honda,2017,57888,Petrol,Auto,8172,418000.0,9,Delhi NCR
3659,Hyundai AURA,Hyundai,2021,125910,Petrol,Manual,11500,517000.0,5,Delhi NCR
3660,Hyundai VENUE,Hyundai,2022,29214,Petrol,Manual,11474,650000.0,4,Delhi NCR
3661,Mahindra Kuv100,Mahindra,2017,27610,Petrol,Manual,4868,249000.00000000003,9,Delhi NCR
3662,Maruti Baleno,Maruti,2024,44413,Petrol,Manual,9833,557000.0,2,Delhi NCR
3663,Hyundai Elite i20,Hyundai,2015,44606,Petrol,Manual,8848,336000.0,11,Delhi NCR
3664,Hyundai Creta,Hyundai,2018,58313,Petrol,Manual,10592,600000.0,8,Delhi NCR
3665,Ford Ecosport,Ford,2018,58857,Petrol,Manual,7803,442000.0,8,Delhi NCR
3666,Maruti Ertiga,Maruti,2015,83280,Petrol,Manual,10139,385000.0,11,Delhi NCR
3667,Maruti Wagon R 1.0,Maruti,2017,64500,Petrol,Manual,4731,242000.0,9,Delhi NCR
3668,Maruti Baleno,Maruti,2018,138395,Diesel,Manual,18971,403000.0,8,Delhi NCR
3669,Maruti Swift,Maruti,2017,70997,Petrol,Manual,5767,295000.0,9,Delhi NCR
3670,Maruti Swift Dzire,Maruti,2020,67170,Petrol,Manual,6973,395000.0,6,Delhi NCR
3671,Honda City,Honda,2019,37813,Petrol,Auto,11933,676000.0,7,Delhi NCR
3672,Hyundai GRAND I10 NIOS,Hyundai,2022,30522,Petrol,Manual,9268,525000.0,4,Delhi NCR
3673,Nissan MAGNITE,Nissan,2023,47805,Petrol,Manual,7785,441000.0,3,Delhi NCR
3674,Tata NEXON,Tata,2022,37745,Petrol,Manual,12357,700000.0,4,Delhi NCR
3675,Maruti S Cross,Maruti,2016,123644,Diesel,Manual,12357,305000.0,10,Delhi NCR
3676,Maruti IGNIS,Maruti,2021,60599,Petrol,Manual,6426,364000.0,5,Delhi NCR
3677,Maruti Ertiga,Maruti,2017,230128,Diesel,Manual,35451,399000.0,9,Delhi NCR
3678,Maruti New Wagon-R,Maruti,2023,37532,Petrol,Manual,10239,580000.0,3,Delhi NCR
3679,Maruti Dzire,Maruti,2017,77120,Diesel,Auto,36353,409000.0,9,Delhi NCR
3680,Tata TIGOR,Tata,2022,107606,Petrol,Manual,8787,395000.0,4,Delhi NCR
3681,Toyota Innova Crysta,Toyota,2017,114243,Diesel,Auto,92801,1050000.0,9,Delhi NCR
3682,Hyundai Elite i20,Hyundai,2017,58349,Petrol,Manual,6843,350000.0,9,Delhi NCR
3683,Ford Ecosport,Ford,2021,61051,Petrol,Manual,11015,624000.0,5,Delhi NCR
3684,Tata Tiago,Tata,2022,76672,Petrol,Manual,6690,379000.0,4,Delhi NCR
3685,Maruti Baleno,Maruti,2018,51810,Petrol,Manual,6532,370000.0,8,Delhi NCR
3686,Hyundai Elite i20,Hyundai,2016,35507,Petrol,Manual,7051,317000.0,10,Delhi NCR
3687,Honda Amaze,Honda,2018,116473,Petrol,Manual,8742,393000.0,8,Delhi NCR
3688,Maruti Ertiga,Maruti,2016,85549,Diesel,Manual,8742,632000.0,10,Delhi NCR
3689,Honda Jazz,Honda,2016,35003,Petrol,Manual,7407,333000.0,10,Delhi NCR
3690,Maruti IGNIS,Maruti,2020,83204,Petrol,Manual,6231,353000.0,6,Delhi NCR
3691,Hyundai Creta,Hyundai,2016,94380,Diesel,Manual,6231,581000.0,10,Delhi NCR
3692,Hyundai Elite i20,Hyundai,2017,80815,Petrol,Manual,6628,339000.0,9,Delhi NCR
3693,Maruti Vitara Brezza,Maruti,2018,80666,Diesel,Manual,25890,550000.0,8,Delhi NCR
3694,Tata PUNCH,Tata,2024,10378,Petrol,Manual,9338,529000.0,2,Delhi NCR
3695,Hyundai i20 Active,Hyundai,2016,65360,Petrol,Manual,7741,348000.0,10,Delhi NCR
3696,Maruti Celerio,Maruti,2020,62484,Petrol,Manual,6796,385000.0,6,Delhi NCR
3697,Maruti S PRESSO,Maruti,2024,6728,Petrol,Manual,6496,368000.0,2,Delhi NCR
3698,Tata TIGOR,Tata,2022,139817,Petrol,Manual,10054,451999.99999999994,4,Delhi NCR
3699,Hyundai Elite i20,Hyundai,2017,59492,Petrol,Manual,7234,370000.0,9,Delhi NCR
3700,Hyundai Creta,Hyundai,2016,14330,Petrol,Auto,13235,595000.0,10,Delhi NCR
3701,Maruti Swift Dzire,Maruti,2017,72844,Diesel,Manual,26655,300000.0,9,Delhi NCR
3702,Hyundai AURA,Hyundai,2023,50817,Petrol,Manual,10539,597000.0,3,Delhi NCR
3703,CITROEN C3,CITROEN,2023,11474,Petrol,Manual,8985,509000.0,3,Delhi NCR
3704,Mahindra XUV500,Mahindra,2017,59482,Diesel,Manual,53309,600000.0,9,Delhi NCR
3705,Mahindra Scorpio,Mahindra,2021,75923,Diesel,Manual,24808,1141000.0,5,Delhi NCR
3706,Maruti Dzire,Maruti,2022,51375,Petrol,Manual,10927,619000.0,4,Delhi NCR
3707,Hyundai Elite i20,Hyundai,2018,16905,Petrol,Manual,7767,440000.00000000006,8,Delhi NCR
3708,Hyundai GRAND I10 NIOS,Hyundai,2020,61155,Petrol,Manual,7538,426999.99999999994,6,Delhi NCR
3709,Honda Amaze,Honda,2017,54110,Petrol,Manual,6364,325000.0,9,Delhi NCR
3710,Hyundai Grand i10,Hyundai,2019,51386,Petrol,Auto,6620,375000.0,7,Delhi NCR
3711,Ford Ecosport,Ford,2018,100090,Petrol,Manual,10010,450000.0,8,Delhi NCR
3712,Honda City,Honda,2014,84809,Petrol,Manual,10629,320000.0,12,Delhi NCR
3713,Maruti Wagon R 1.0,Maruti,2012,104239,Petrol,Manual,11995,135000.0,14,Delhi NCR
3714,Hyundai Verna,Hyundai,2023,46625,Petrol,Auto,18150,1060000.0,3,Delhi NCR
3715,Honda City,Honda,2015,82152,Petrol,Auto,10297,391000.0,11,Delhi NCR
3716,Mahindra XUV500,Mahindra,2016,160951,Diesel,Manual,10297,576000.0,10,Delhi NCR
3717,Hyundai Santro Xing,Hyundai,2012,110140,Petrol,Manual,8618,97000.0,14,Delhi NCR
3718,Tata PUNCH,Tata,2023,16812,Petrol,Manual,10062,570000.0,3,Delhi NCR
3719,Maruti New Wagon-R,Maruti,2021,153997,Petrol,Manual,9521,428000.0,5,Delhi NCR
3720,Honda Mobilio,Honda,2015,79795,Petrol,Manual,8901,338000.0,11,Delhi NCR
3721,Hyundai Grand i10,Hyundai,2018,24769,Petrol,Manual,5914,335000.0,8,Delhi NCR
3722,Maruti Dzire,Maruti,2022,54291,Petrol,Manual,11721,664000.0,4,Delhi NCR
3723,KIA SONET,KIA,2020,34799,Petrol,Manual,10998,623000.0,6,Delhi NCR
3724,Maruti New Wagon-R,Maruti,2022,34430,Petrol,Manual,8562,484999.99999999994,4,Delhi NCR
3725,Hyundai Elite i20,Hyundai,2017,101144,Petrol,Manual,7563,340000.0,9,Delhi NCR
3726,Maruti New Wagon-R,Maruti,2022,85070,Petrol,Manual,7873,446000.0,4,Delhi NCR
3727,Hyundai Creta,Hyundai,2019,125722,Diesel,Auto,23250,700000.0,7,Delhi NCR
3728,Honda City,Honda,2013,61941,Petrol,Manual,12663,269000.0,13,Delhi NCR
3729,Hyundai NEW SANTRO,Hyundai,2022,56294,Petrol,Manual,7291,413000.0,4,Delhi NCR
3730,Hyundai Creta,Hyundai,2018,74257,Diesel,Manual,35305,750000.0,8,Delhi NCR
3731,Maruti New Wagon-R,Maruti,2022,22021,Petrol,Manual,7308,413999.99999999994,4,Delhi NCR
3732,Toyota Etios,Toyota,2015,185352,Petrol,Manual,8690,330000.0,11,Delhi NCR
3733,Toyota Innova Crysta,Toyota,2017,103814,Diesel,Auto,115073,1302000.0,9,Delhi NCR
3734,Maruti New Wagon-R,Maruti,2020,108937,Petrol,Manual,7941,357000.0,6,Delhi NCR
3735,Honda City,Honda,2017,29600,Petrol,Manual,9384,480000.0,9,Delhi NCR
3736,Hyundai Verna,Hyundai,2018,62186,Diesel,Manual,28574,607000.0,8,Delhi NCR
3737,Hyundai i20,Hyundai,2011,98201,Petrol,Manual,28574,89000.0,15,Delhi NCR
3738,Maruti Ciaz,Maruti,2017,117338,Diesel,Manual,28432,320000.0,9,Delhi NCR
3739,Hyundai Creta,Hyundai,2017,77495,Petrol,Manual,11241,575000.0,9,Delhi NCR
3740,Maruti Celerio,Maruti,2019,102832,Petrol,Manual,7496,337000.0,7,Delhi NCR
3741,Maruti New Wagon-R,Maruti,2022,97204,Petrol,Manual,7520,426000.0,4,Delhi NCR
3742,Hyundai Creta,Hyundai,2015,99585,Diesel,Auto,7520,400000.0,11,Delhi NCR
3743,Maruti Vitara Brezza,Maruti,2018,113962,Diesel,Manual,22548,479000.0,8,Delhi NCR
3744,Maruti S Cross,Maruti,2018,102347,Diesel,Manual,24949,530000.0,8,Delhi NCR
3745,Renault Captur,Renault,2017,144976,Diesel,Manual,32430,365000.0,9,Delhi NCR
3746,Maruti New Wagon-R,Maruti,2020,35369,Petrol,Manual,6214,352000.0,6,Delhi NCR
3747,Maruti Swift,Maruti,2019,50829,Petrol,Manual,8138,461000.00000000006,7,Delhi NCR
3748,Hyundai Santro Xing,Hyundai,2012,100915,Petrol,Manual,9151,103000.0,14,Delhi NCR
3749,Maruti Vitara Brezza,Maruti,2019,68541,Diesel,Manual,18600,560000.0,7,Delhi NCR
3750,Tata NEXON,Tata,2022,60817,Petrol,Manual,11527,653000.0,4,Delhi NCR
3751,Jeep Compass,Jeep,2017,101510,Diesel,Manual,53309,600000.0,9,Delhi NCR
3752,Honda Amaze,Honda,2023,65463,Petrol,Manual,9585,543000.0,3,Delhi NCR
3753,Hyundai Elite i20,Hyundai,2018,53804,Petrol,Manual,7255,411000.00000000006,8,Delhi NCR
3754,Mahindra XUV700,Mahindra,2023,17982,Petrol,Auto,33303,1945000.0,3,Delhi NCR
3755,Tata PUNCH,Tata,2024,8643,Petrol,Manual,12269,695000.0,2,Delhi NCR
3756,Hyundai Elite i20,Hyundai,2016,67827,Petrol,Manual,7452,335000.0,10,Delhi NCR
3757,KIA SONET,KIA,2025,18449,Diesel,Manual,16027,936000.0,1,Delhi NCR
3758,Mahindra XUV500,Mahindra,2018,81483,Diesel,Auto,37286,800000.0,8,Delhi NCR
3759,Maruti Baleno,Maruti,2019,70051,Petrol,Auto,7626,432000.0,7,Delhi NCR
3760,Maruti Celerio,Maruti,2018,79701,Petrol,Manual,5278,299000.0,8,Delhi NCR
3761,Mahindra XUV300,Mahindra,2019,89300,Diesel,Manual,14548,438000.0,7,Delhi NCR
3762,Jeep Compass,Jeep,2018,66848,Petrol,Auto,12357,700000.0,8,Delhi NCR
3763,Maruti Vitara Brezza,Maruti,2016,174176,Diesel,Manual,12357,401000.0,10,Delhi NCR
3764,Hyundai Elite i20,Hyundai,2017,92498,Petrol,Manual,7194,368000.0,9,Delhi NCR
3765,Maruti Baleno,Maruti,2016,31144,Petrol,Manual,7430,334000.0,10,Delhi NCR
3766,Mahindra XUV500,Mahindra,2016,101197,Diesel,Manual,7430,470000.0,10,Delhi NCR
3767,Maruti Swift,Maruti,2021,55047,Petrol,Manual,8438,478000.0,5,Delhi NCR
3768,Maruti New Wagon-R,Maruti,2023,43449,Petrol,Manual,7750,438999.99999999994,3,Delhi NCR
3769,Hyundai Creta,Hyundai,2019,66898,Petrol,Manual,10592,600000.0,7,Delhi NCR
3770,Maruti Baleno,Maruti,2020,55603,Petrol,Manual,8491,480999.99999999994,6,Delhi NCR
3771,Tata NEXON,Tata,2023,22594,Petrol,Manual,18955,1107000.0,3,Delhi NCR
3772,Honda WR-V,Honda,2018,91040,Diesel,Manual,19724,419000.00000000006,8,Delhi NCR
3773,Maruti Ciaz,Maruti,2017,113769,Diesel,Manual,30742,346000.0,9,Delhi NCR
3774,Hyundai GRAND I10 NIOS,Hyundai,2021,77450,Petrol,Manual,7591,430000.0,5,Delhi NCR
3775,Maruti S Cross,Maruti,2018,112318,Diesel,Manual,21183,450000.0,8,Delhi NCR
3776,Maruti Alto K10,Maruti,2018,101135,Petrol,Manual,4694,211000.0,8,Delhi NCR
3777,Honda Amaze,Honda,2019,74084,Petrol,Manual,8667,491000.0,7,Delhi NCR
3778,Honda City,Honda,2015,85283,Petrol,Manual,9349,355000.0,11,Delhi NCR
3779,Chevrolet Beat,Chevrolet,2012,323303,Petrol,Manual,31097,350000.0,14,Delhi NCR
3780,Maruti Celerio,Maruti,2019,86239,Petrol,Manual,6125,347000.0,7,Delhi NCR
3781,Tata Hexa,Tata,2018,163191,Diesel,Manual,24478,520000.0,8,Delhi NCR
3782,Tata NEXON,Tata,2019,63016,Petrol,Auto,9144,518000.0,7,Delhi NCR
3783,Ford Ecosport,Ford,2019,54313,Diesel,Manual,15910,479000.0,7,Delhi NCR
3784,Hyundai Grand i10,Hyundai,2017,42931,Diesel,Manual,27010,304000.0,9,Delhi NCR
3785,Ford Ecosport,Ford,2017,131481,Diesel,Manual,36961,416000.0,9,Delhi NCR
3786,Ford Ecosport,Ford,2017,47682,Diesel,Manual,33318,375000.0,9,Delhi NCR
3787,Tata NEXON,Tata,2023,24596,Petrol,Manual,16848,984000.0,3,Delhi NCR
3788,Hyundai Grand i10,Hyundai,2017,42767,Petrol,Auto,7918,405000.0,9,Delhi NCR
3789,Tata NEXON,Tata,2021,69374,Petrol,Auto,11033,625000.0,5,Delhi NCR
3790,Honda City,Honda,2017,184696,Petrol,Manual,10766,484000.0,9,Delhi NCR
3791,Maruti New Wagon-R,Maruti,2020,79790,Petrol,Manual,5931,336000.0,6,Delhi NCR
3792,Hyundai VENUE,Hyundai,2019,98637,Diesel,Manual,19298,581000.0,7,Delhi NCR
3793,Toyota Etios Liva,Toyota,2011,53520,Petrol,Manual,19298,132000.0,15,Delhi NCR
3794,Tata NEXON,Tata,2017,88471,Diesel,Manual,31541,355000.0,9,Delhi NCR
3795,Tata NEXON,Tata,2019,88694,Diesel,Auto,13950,420000.0,7,Delhi NCR
3796,Honda Amaze,Honda,2016,84383,Petrol,Manual,6896,310000.0,10,Delhi NCR
3797,Maruti Swift,Maruti,2022,24813,Petrol,Manual,8968,508000.0,4,Delhi NCR
3798,Hyundai i10,Hyundai,2011,101651,Petrol,Manual,8968,93000.0,15,Delhi NCR
3799,Maruti Vitara Brezza,Maruti,2017,95358,Diesel,Manual,33940,382000.0,9,Delhi NCR
3800,Tata Tiago,Tata,2022,38615,Petrol,Manual,7079,401000.0,4,Delhi NCR
3801,Mahindra XUV500,Mahindra,2018,92426,Diesel,Manual,32292,686000.0,8,Delhi NCR
3802,Maruti Ertiga,Maruti,2017,74911,Diesel,Manual,56508,636000.0,9,Delhi NCR
3803,Mahindra TUV300,Mahindra,2018,99935,Diesel,Manual,17605,374000.0,8,Delhi NCR
3804,Renault TRIBER,Renault,2022,76145,Petrol,Manual,7432,421000.0,4,Delhi NCR
3805,Hyundai GRAND I10 NIOS,Hyundai,2022,10402,Petrol,Auto,10539,597000.0,4,Delhi NCR
3806,Nissan MAGNITE,Nissan,2022,36844,Petrol,Manual,8032,455000.0,4,Delhi NCR
3807,Honda WR-V,Honda,2017,156734,Diesel,Manual,39093,440000.00000000006,9,Delhi NCR
3808,Maruti Baleno,Maruti,2017,89279,Petrol,Manual,6862,351000.0,9,Delhi NCR
3809,Nissan MAGNITE,Nissan,2023,30138,Petrol,Manual,8650,490000.00000000006,3,Delhi NCR
3810,KIA SONET,KIA,2022,44949,Petrol,Manual,11157,632000.0,4,Delhi NCR
3811,Hyundai Grand i10,Hyundai,2018,78868,Diesel,Manual,15393,327000.0,8,Delhi NCR
3812,Hyundai Elite i20,Hyundai,2015,86291,Petrol,Manual,8954,340000.0,11,Delhi NCR
3813,Tata NEXON,Tata,2024,19621,Petrol,Manual,19554,1142000.0,2,Delhi NCR
3814,Hyundai Verna,Hyundai,2019,101135,Petrol,Manual,14103,634000.0,7,Delhi NCR
3815,Hyundai Grand i10,Hyundai,2017,36529,Petrol,Auto,6412,328000.0,9,Delhi NCR
3816,Honda City,Honda,2019,112484,Petrol,Manual,12190,548000.0,7,Delhi NCR
3817,Maruti Swift,Maruti,2019,147230,Petrol,Manual,8609,387000.0,7,Delhi NCR
3818,Hyundai Creta,Hyundai,2019,97770,Diesel,Manual,20859,628000.0,7,Delhi NCR
3819,Tata NEXON,Tata,2023,24641,Petrol,Auto,14034,795000.0,3,Delhi NCR
3820,Tata Tiago,Tata,2019,74000,Petrol,Manual,6814,386000.0,7,Delhi NCR
3821,Maruti Ciaz,Maruti,2017,110374,Diesel,Manual,31541,355000.0,9,Delhi NCR
3822,Hyundai NEW I20,Hyundai,2023,28476,Petrol,Manual,11386,645000.0,3,Delhi NCR
3823,Maruti Vitara Brezza,Maruti,2017,113069,Diesel,Manual,41670,469000.00000000006,9,Delhi NCR
3824,Toyota Corolla Altis,Toyota,2015,145264,Petrol,Auto,14484,550000.0,11,Delhi NCR
3825,Hyundai Elite i20,Hyundai,2015,76286,Petrol,Manual,8295,315000.0,11,Delhi NCR
3826,Hyundai Creta,Hyundai,2016,98490,Petrol,Manual,10010,450000.0,10,Delhi NCR
3827,Maruti Dzire,Maruti,2018,98365,Diesel,Auto,20006,425000.0,8,Delhi NCR
3828,Honda City,Honda,2017,108817,Petrol,Manual,12257,551000.0,9,Delhi NCR
3829,Honda City,Honda,2017,68150,Petrol,Manual,8563,438000.0,9,Delhi NCR
3830,Maruti Wagon R 1.0,Maruti,2018,85186,Petrol,Manual,5119,290000.0,8,Delhi NCR
3831,Tata TIGOR,Tata,2022,116726,Petrol,Manual,10566,475000.0,4,Delhi NCR
3832,Hyundai Creta,Hyundai,2017,125225,Diesel,Auto,57752,650000.0,9,Delhi NCR
3833,Maruti Ciaz,Maruti,2017,150807,Petrol,Auto,9387,422000.0,9,Delhi NCR
3834,Toyota RUMION,Toyota,2024,9376,Petrol,Manual,20256,1183000.0,2,Delhi NCR
3835,Mahindra XUV300,Mahindra,2021,80260,Diesel,Auto,13347,600000.0,5,Delhi NCR
3836,Maruti Celerio,Maruti,2022,57268,Petrol,Manual,7061,400000.0,4,Delhi NCR
3837,Maruti New Wagon-R,Maruti,2022,79496,Petrol,Manual,7202,408000.0,4,Delhi NCR
3838,Maruti New Wagon-R,Maruti,2021,133402,Petrol,Manual,9076,408000.0,5,Delhi NCR
3839,Honda Amaze,Honda,2016,68231,Petrol,Auto,6896,310000.0,10,Delhi NCR
3840,Tata NEXON,Tata,2023,26558,Petrol,Manual,11704,663000.0,3,Delhi NCR
3841,Mahindra BOLERO NEO,Mahindra,2023,49213,Diesel,Manual,13903,811999.9999999999,3,Delhi NCR
3842,Maruti Celerio,Maruti,2017,53674,Petrol,Auto,6354,325000.0,9,Delhi NCR
3843,Mahindra XUV500,Mahindra,2019,48280,Diesel,Manual,25309,762000.0,7,Delhi NCR
3844,Maruti Swift,Maruti,2016,77632,Petrol,Manual,7274,327000.0,10,Delhi NCR
3845,Nissan Terrano,Nissan,2016,121391,Diesel,Manual,7274,290000.0,10,Delhi NCR
3846,Tata PUNCH,Tata,2025,128,Petrol,Manual,12586,713000.0,1,Delhi NCR
3847,Tata ALTROZ,Tata,2023,16445,Petrol,Auto,12745,722000.0,3,Delhi NCR
3848,Hyundai Elite i20,Hyundai,2018,84751,Petrol,Manual,8544,484000.0,8,Delhi NCR
3849,Maruti New Wagon-R,Maruti,2022,99245,Petrol,Manual,7132,404000.0,4,Delhi NCR
3850,Mahindra XUV500,Mahindra,2021,47041,Diesel,Manual,17394,800000.0,5,Delhi NCR
3851,Hyundai Verna,Hyundai,2024,21779,Petrol,Auto,20050,1171000.0,2,Delhi NCR
3852,Maruti Baleno,Maruti,2020,61410,Petrol,Manual,7344,416000.0,6,Delhi NCR
3853,Hyundai Elite i20,Hyundai,2018,76285,Petrol,Manual,6178,350000.0,8,Delhi NCR
3854,Maruti BREZZA,Maruti,2023,60543,Petrol,Manual,13240,750000.0,3,Delhi NCR
3855,Maruti Baleno,Maruti,2016,103486,Petrol,Manual,7341,330000.0,10,Delhi NCR
3856,Mahindra BOLERO NEO,Mahindra,2022,15989,Diesel,Manual,15542,795000.0,4,Delhi NCR
3857,Maruti Swift,Maruti,2011,52081,Petrol,Manual,15542,125000.0,15,Delhi NCR
3858,Mahindra XUV700,Mahindra,2022,56128,Petrol,Manual,23184,1354000.0,4,Delhi NCR
3859,Hyundai Grand i10,Hyundai,2018,24338,Petrol,Auto,6567,372000.0,8,Delhi NCR
3860,Nissan MAGNITE,Nissan,2021,80365,Petrol,Manual,8826,500000.0,5,Delhi NCR
3861,Maruti Dzire,Maruti,2017,125953,Diesel,Auto,34384,387000.0,9,Delhi NCR
3862,Hyundai Elite i20,Hyundai,2016,83583,Petrol,Manual,7140,321000.0,10,Delhi NCR
3863,Maruti Baleno,Maruti,2018,111275,Petrol,Manual,8631,388000.0,8,Delhi NCR
3864,Maruti New Wagon-R,Maruti,2019,83315,Petrol,Manual,6214,352000.0,7,Delhi NCR
3865,Ford Ecosport,Ford,2018,105875,Diesel,Manual,19300,409999.99999999994,8,Delhi NCR
3866,Hyundai Elite i20,Hyundai,2017,59634,Petrol,Manual,8094,413999.99999999994,9,Delhi NCR
3867,Hyundai NEW SANTRO,Hyundai,2021,63232,Petrol,Manual,6426,364000.0,5,Delhi NCR
3868,Maruti Dzire,Maruti,2019,54492,Petrol,Manual,7891,447000.0,7,Delhi NCR
3869,Hyundai Grand i10,Hyundai,2017,87772,Diesel,Manual,26477,298000.0,9,Delhi NCR
3870,Maruti Ertiga,Maruti,2015,82932,Petrol,Manual,10139,385000.0,11,Delhi NCR
3871,Tata NEXON,Tata,2023,58070,Petrol,Manual,12551,711000.0,3,Delhi NCR
3872,Hyundai Tucson,Hyundai,2017,168404,Diesel,Auto,53309,600000.0,9,Delhi NCR
3873,Honda City,Honda,2021,47706,Petrol,Manual,13434,761000.0,5,Delhi NCR
3874,Maruti Ertiga,Maruti,2017,125365,Petrol,Manual,11100,499000.0,9,Delhi NCR
3875,Maruti New Wagon-R,Maruti,2019,38647,Petrol,Manual,6284,356000.0,7,Delhi NCR
3876,Mahindra XUV700,Mahindra,2024,5622,Petrol,Auto,37378,2183000.0,2,Delhi NCR
3877,Tata ALTROZ,Tata,2021,39860,Petrol,Manual,7944,450000.0,5,Delhi NCR
3878,ISUZU MU-X,ISUZU,2018,172000,Diesel,Auto,34458,732000.0,8,Delhi NCR
3879,Maruti Alto K10,Maruti,2023,30305,Petrol,Manual,7414,420000.0,3,Delhi NCR
3880,Honda BR-V,Honda,2016,224545,Diesel,Manual,7414,409999.99999999994,10,Delhi NCR
3881,Honda City,Honda,2015,71324,Petrol,Manual,10823,411000.00000000006,11,Delhi NCR
3882,Ford Ecosport,Ford,2021,65793,Petrol,Manual,11474,650000.0,5,Delhi NCR
3883,Jeep Compass,Jeep,2018,146111,Diesel,Manual,28244,600000.0,8,Delhi NCR
3884,Tata NEXON,Tata,2019,95745,Diesel,Auto,14946,450000.0,7,Delhi NCR
3885,Force Motors Citiline,Force,2024,7733,Diesel,Manual,24382,1424000.0,2,Delhi NCR
3886,Maruti XL6,Maruti,2022,51994,Petrol,Manual,16061,938000.0000000001,4,Delhi NCR
3887,Maruti Vitara Brezza,Maruti,2019,65770,Diesel,Manual,17936,540000.0,7,Delhi NCR
3888,Maruti S Cross,Maruti,2017,58766,Diesel,Manual,38827,437000.0,9,Delhi NCR
3889,Ford Ecosport,Ford,2016,119180,Diesel,Manual,38827,306000.0,10,Delhi NCR
3890,Maruti Baleno,Maruti,2023,49050,Petrol,Manual,11510,652000.0,3,Delhi NCR
3891,Toyota Etios Liva,Toyota,2018,196280,Diesel,Manual,17182,365000.0,8,Delhi NCR
3892,Maruti Baleno,Maruti,2020,34518,Petrol,Manual,7944,450000.0,6,Delhi NCR
3893,Tata Tiago,Tata,2019,42002,Petrol,Manual,5508,312000.0,7,Delhi NCR
3894,Toyota Glanza,Toyota,2021,61458,Petrol,Auto,9391,532000.0,5,Delhi NCR
3895,Maruti Swift,Maruti,2023,23875,Petrol,Manual,10415,590000.0,3,Delhi NCR
3896,Hyundai Elite i20,Hyundai,2018,14336,Petrol,Manual,8791,498000.00000000006,8,Delhi NCR
3897,Hyundai AURA,Hyundai,2023,12648,Petrol,Manual,11986,679000.0,3,Delhi NCR
3898,Hyundai i20 Active,Hyundai,2016,124886,Diesel,Manual,11986,352000.0,10,Delhi NCR
3899,Hyundai Grand i10,Hyundai,2019,99525,Petrol,Manual,6125,347000.0,7,Delhi NCR
3900,Maruti New Wagon-R,Maruti,2021,100567,Petrol,Manual,8008,360000.0,5,Delhi NCR
3901,Hyundai Creta,Hyundai,2016,57861,Petrol,Manual,14125,635000.0,10,Delhi NCR
3902,Mahindra Thar,Mahindra,2017,49254,Diesel,Manual,38649,434999.99999999994,9,Delhi NCR
3903,Maruti Baleno,Maruti,2022,54633,Petrol,Manual,10044,569000.0,4,Delhi NCR
3904,KIA SELTOS,KIA,2022,39000,Diesel,Manual,15227,800000.0,4,Delhi NCR
3905,Hyundai Creta,Hyundai,2015,94197,Petrol,Manual,10850,412000.0,11,Delhi NCR
3906,Hyundai NEW SANTRO,Hyundai,2020,11779,Petrol,Manual,6743,382000.0,6,Delhi NCR
3907,Maruti Ciaz,Maruti,2018,89940,Petrol,Manual,7432,421000.0,8,Delhi NCR
3908,Honda Brio,Honda,2013,155389,Petrol,Auto,7391,157000.0,13,Delhi NCR
3909,Maruti New Wagon-R,Maruti,2022,61785,Petrol,Manual,8332,472000.0,4,Delhi NCR
3910,Ford Ecosport,Ford,2016,121550,Diesel,Manual,8332,306000.0,10,Delhi NCR
3911,Tata NEXON,Tata,2023,17984,Petrol,Manual,14708,859000.0,3,Delhi NCR
3912,Hyundai Grand i10,Hyundai,2018,58887,Petrol,Manual,5455,309000.0,8,Delhi NCR
3913,Hyundai Elite i20,Hyundai,2016,215973,Petrol,Manual,7007,315000.0,10,Delhi NCR
3914,Mahindra XUV300,Mahindra,2019,40736,Petrol,Manual,9268,525000.0,7,Delhi NCR
3915,Hyundai NEW I20,Hyundai,2022,56943,Petrol,Auto,12463,706000.0,4,Delhi NCR
3916,Maruti Ertiga,Maruti,2018,170103,Petrol,Manual,11767,529000.0,8,Delhi NCR
3917,Hyundai Creta,Hyundai,2019,109921,Diesel,Manual,18268,550000.0,7,Delhi NCR
3918,Tata NEXON,Tata,2022,24551,Petrol,Manual,11916,675000.0,4,Delhi NCR
3919,Tata NEXON,Tata,2024,32526,Petrol,Manual,16266,950000.0,2,Delhi NCR
3920,Hyundai Creta,Hyundai,2018,132148,Diesel,Manual,28668,609000.0,8,Delhi NCR
3921,Honda City,Honda,2016,86579,Petrol,Manual,8275,372000.0,10,Delhi NCR
3922,Maruti Dzire,Maruti,2018,91912,Petrol,Manual,7855,445000.0,8,Delhi NCR
3923,Maruti Baleno,Maruti,2015,100633,Petrol,Manual,10033,381000.0,11,Delhi NCR
3924,Maruti Ciaz,Maruti,2017,107130,Diesel,Manual,10299,463000.0,9,Delhi NCR
3925,Maruti Baleno,Maruti,2016,59391,Petrol,Manual,7118,320000.0,10,Delhi NCR
3926,BMW X1,BMW,2017,167545,Diesel,Auto,110477,1250000.0,9,Delhi NCR
3927,Hyundai Creta,Hyundai,2018,169727,Diesel,Manual,36906,784000.0,8,Delhi NCR
3928,Maruti New Wagon-R,Maruti,2022,41940,Petrol,Manual,7502,425000.0,4,Delhi NCR
3929,Honda Amaze,Honda,2022,49521,Petrol,Manual,8950,507000.0,4,Delhi NCR
3930,KIA CARENS,KIA,2023,57192,Diesel,Auto,23971,1400000.0,3,Delhi NCR
3931,Maruti Vitara Brezza,Maruti,2017,60590,Diesel,Manual,39005,438999.99999999994,9,Delhi NCR
3932,Hyundai Elite i20,Hyundai,2018,101418,Petrol,Manual,9009,405000.0,8,Delhi NCR
3933,Tata Harrier,Tata,2019,69278,Diesel,Manual,27828,850000.0,7,Delhi NCR
3934,Tata PUNCH,Tata,2025,10940,Petrol,Auto,14143,826000.0,1,Delhi NCR
3935,Hyundai AURA,Hyundai,2023,2229,Petrol,Manual,11615,658000.0,3,Delhi NCR
3936,Tata NEXON,Tata,2023,44000,Petrol,Manual,14229,831000.0,3,Delhi NCR
3937,Honda WR-V,Honda,2017,82945,Diesel,Manual,38205,430000.0,9,Delhi NCR
3938,ISUZU D-MAX S-CAB,ISUZU,2019,110802,Diesel,Manual,20925,630000.0,7,Delhi NCR
3939,Honda Amaze,Honda,2017,55642,Diesel,Manual,31719,357000.0,9,Delhi NCR
3940,Honda WR-V,Honda,2020,63254,Petrol,Manual,10662,604000.0,6,Delhi NCR
3941,Hyundai NEW SANTRO,Hyundai,2019,39874,Petrol,Auto,6584,373000.0,7,Delhi NCR
3942,Hyundai VENUE,Hyundai,2024,10036,Petrol,Manual,14554,850000.0,2,Delhi NCR
3943,Honda City,Honda,2024,12320,Petrol,Manual,18150,1060000.0,2,Delhi NCR
3944,Mahindra XUV500,Mahindra,2016,102639,Diesel,Auto,18150,391000.0,10,Delhi NCR
3945,Maruti Baleno,Maruti,2018,100960,Petrol,Manual,8164,367000.0,8,Delhi NCR
3946,Maruti Eeco,Maruti,2018,93687,Petrol,Manual,4413,250000.0,8,Delhi NCR
3947,Tata ALTROZ,Tata,2024,48256,Petrol,Manual,11192,634000.0,2,Delhi NCR
3948,Hyundai Verna,Hyundai,2018,49640,Petrol,Manual,9921,562000.0,8,Delhi NCR
3949,Mahindra Thar,Mahindra,2022,8335,Petrol,Auto,24280,1418000.0,4,Delhi NCR
3950,Hyundai Creta,Hyundai,2017,105805,Diesel,Manual,49489,557000.0,9,Delhi NCR
3951,Maruti Ertiga,Maruti,2025,3144,Petrol,Manual,16609,969999.9999999999,1,Delhi NCR
3952,Maruti Baleno,Maruti,2018,149601,Petrol,Manual,8052,362000.0,8,Delhi NCR
3953,Ford Ecosport,Ford,2015,78380,Petrol,Auto,8084,307000.0,11,Delhi NCR
3954,Maruti Celerio,Maruti,2018,206748,Petrol,Manual,6718,302000.0,8,Delhi NCR
3955,Maruti Baleno,Maruti,2018,93048,Petrol,Auto,7043,399000.0,8,Delhi NCR
3956,Maruti Swift,Maruti,2016,93161,Diesel,Manual,7043,323000.0,10,Delhi NCR
3957,Toyota Glanza,Toyota,2022,28484,Petrol,Manual,12463,706000.0,4,Delhi NCR
3958,KIA SELTOS,KIA,2023,65709,Petrol,Manual,14965,874000.0,3,Delhi NCR
3959,Maruti Vitara Brezza,Maruti,2018,171793,Diesel,Auto,21842,463999.99999999994,8,Delhi NCR
3960,Hyundai Creta,Hyundai,2017,72265,Petrol,Auto,12473,638000.0,9,Delhi NCR
3961,Toyota Corolla Altis,Toyota,2017,79492,Petrol,Auto,14272,730000.0,9,Delhi NCR
3962,Maruti Eeco,Maruti,2018,163227,Petrol,Manual,6117,275000.0,8,Delhi NCR
3963,Tata Harrier,Tata,2020,83101,Diesel,Manual,28999,1122000.0,6,Delhi NCR
3964,Tata Hexa,Tata,2018,89988,Diesel,Auto,32245,685000.0,8,Delhi NCR
3965,Honda Amaze,Honda,2019,48906,Petrol,Manual,7626,432000.0,7,Delhi NCR
3966,Tata Tiago,Tata,2020,96334,Petrol,Manual,5984,339000.0,6,Delhi NCR
3967,Maruti Swift,Maruti,2022,53731,Petrol,Manual,7679,434999.99999999994,4,Delhi NCR
3968,Tata Tiago,Tata,2020,60237,Petrol,Manual,6408,363000.0,6,Delhi NCR
3969,Mahindra XUV500,Mahindra,2016,92527,Diesel,Manual,6408,576000.0,10,Delhi NCR
3970,Hyundai i10,Hyundai,2011,96442,Petrol,Manual,6408,66000.0,15,Delhi NCR
3971,Hyundai Grand i10,Hyundai,2018,77376,Petrol,Manual,5490,311000.0,8,Delhi NCR
3972,Ford Ecosport,Ford,2018,125911,Diesel,Manual,22548,479000.0,8,Delhi NCR
3973,Nissan MAGNITE,Nissan,2022,51593,Petrol,Manual,7149,405000.0,4,Delhi NCR
3974,Maruti Dzire,Maruti,2018,106000,Petrol,Auto,10010,450000.0,8,Delhi NCR
3975,Tata NEXON,Tata,2022,101190,Petrol,Manual,15260,686000.0,4,Delhi NCR
3976,Tata ALTROZ,Tata,2023,48147,Petrol,Manual,12180,690000.0,3,Delhi NCR
3977,Hyundai Grand i10,Hyundai,2017,78116,Petrol,Manual,6041,309000.0,9,Delhi NCR
3978,Maruti Vitara Brezza,Maruti,2017,105270,Diesel,Manual,43980,495000.0,9,Delhi NCR
3979,Ford Ecosport,Ford,2015,50382,Petrol,Auto,8690,330000.0,11,Delhi NCR
3980,Hyundai Elite i20,Hyundai,2015,77034,Petrol,Manual,8637,328000.0,11,Delhi NCR
3981,Maruti Baleno,Maruti,2016,39037,Petrol,Manual,8164,367000.0,10,Delhi NCR
3982,Ford Ecosport,Ford,2017,82556,Diesel,Manual,31719,357000.0,9,Delhi NCR
3983,Hyundai Elite i20,Hyundai,2019,76614,Petrol,Manual,7838,444000.00000000006,7,Delhi NCR
3984,Maruti Vitara Brezza,Maruti,2018,71765,Diesel,Manual,25702,546000.0,8,Delhi NCR
3985,Hyundai GRAND I10 NIOS,Hyundai,2020,65255,Petrol,Manual,8226,466000.0,6,Delhi NCR
3986,Maruti Ertiga,Maruti,2021,133838,Petrol,Manual,17394,800000.0,5,Delhi NCR
3987,Maruti Vitara Brezza,Maruti,2017,89893,Diesel,Manual,35095,395000.0,9,Delhi NCR
3988,Mahindra Thar,Mahindra,2017,87635,Diesel,Manual,45579,513000.0,9,Delhi NCR
3989,Maruti Swift,Maruti,2021,53260,Petrol,Manual,7714,437000.0,5,Delhi NCR
3990,Honda Jazz,Honda,2017,126894,Petrol,Auto,8742,393000.0,9,Delhi NCR
3991,Ford Ecosport,Ford,2017,116717,Diesel,Manual,29142,328000.0,9,Delhi NCR
3992,Toyota YARIS,Toyota,2018,91690,Petrol,Auto,9568,542000.0,8,Delhi NCR
3993,Ford Ecosport,Ford,2016,113085,Diesel,Manual,9568,294000.0,10,Delhi NCR
3994,Nissan MAGNITE,Nissan,2021,50868,Petrol,Manual,9444,535000.0,5,Delhi NCR
3995,Tata Curvv,Tata,2025,5760,Petrol,Manual,16266,950000.0,1,Delhi NCR
3996,Tata Tiago,Tata,2019,59121,Petrol,Manual,6302,357000.0,7,Delhi NCR
3997,Honda WR-V,Honda,2018,132266,Diesel,Manual,20053,426000.0,8,Delhi NCR
3998,Tata PUNCH,Tata,2022,44597,Petrol,Auto,10380,588000.0,4,Delhi NCR
3999,Maruti Ciaz,Maruti,2022,132077,Petrol,Manual,12234,550000.0,4,Delhi NCR
4000,Renault Kiger,Renault,2023,15187,Petrol,Manual,9409,533000.0,3,Delhi NCR
4001,Skoda KUSHAQ,Skoda,2021,39091,Petrol,Manual,16900,986999.9999999999,5,Delhi NCR
4002,Maruti Ciaz,Maruti,2018,101545,Petrol,Manual,11812,531000.0,8,Delhi NCR
4003,Honda City,Honda,2012,191878,Petrol,Manual,13949,157000.0,14,Delhi NCR
4004,Mahindra XUV500,Mahindra,2016,59003,Diesel,Manual,13949,573000.0,10,Delhi NCR
4005,Maruti Dzire,Maruti,2017,87521,Petrol,Auto,6999,358000.0,9,Delhi NCR
4006,KIA SELTOS,KIA,2019,167351,Diesel,Manual,27173,830000.0000000001,7,Delhi NCR
4007,Renault Duster,Renault,2016,80241,Diesel,Manual,27173,293000.0,10,Delhi NCR
4008,Tata Tiago,Tata,2019,86042,Petrol,Manual,5472,310000.0,7,Delhi NCR
4009,Maruti Alto,Maruti,2019,69918,Petrol,Manual,4113,233000.0,7,Delhi NCR
4010,Maruti Baleno,Maruti,2019,74718,Petrol,Manual,7220,409000.0,7,Delhi NCR
4011,MG HECTOR PLUS,MG,2024,24821,Petrol,Auto,30786,1798000.0,2,Delhi NCR
4012,Tata NEXON,Tata,2022,43820,Diesel,Manual,16864,886000.0,4,Delhi NCR
4013,Honda City,Honda,2023,12757,Petrol,Manual,16592,969000.0,3,Delhi NCR
4014,KIA SELTOS,KIA,2019,100641,Petrol,Manual,19612,902000.0,7,Delhi NCR
4015,Honda Jazz,Honda,2015,58388,Petrol,Auto,9085,345000.0,11,Delhi NCR
4016,Mahindra Thar,Mahindra,2022,40000,Diesel,Auto,24135,1268000.0,4,Delhi NCR
4017,Hyundai GRAND I10 NIOS,Hyundai,2022,31594,Petrol,Auto,10751,609000.0,4,Delhi NCR
4018,Hyundai Verna,Hyundai,2019,55200,Petrol,Auto,12710,720000.0,7,Delhi NCR
4019,Maruti Ciaz,Maruti,2017,80833,Petrol,Manual,9697,496000.0,9,Delhi NCR
4020,Toyota Innova Crysta,Toyota,2017,131610,Diesel,Manual,110477,1250000.0,9,Delhi NCR
4021,Maruti Dzire,Maruti,2018,87427,Diesel,Manual,21371,454000.0,8,Delhi NCR
4022,Honda Amaze,Honda,2018,128859,Diesel,Auto,19394,412000.0,8,Delhi NCR
4023,Maruti Baleno,Maruti,2023,67513,Petrol,Manual,11986,679000.0,3,Delhi NCR
4024,Maruti Ertiga,Maruti,2020,222395,Petrol,Manual,17084,768000.0,6,Delhi NCR
4025,Hyundai VENUE,Hyundai,2024,10,Petrol,Manual,13938,814000.0,2,Delhi NCR
4026,Maruti S Cross,Maruti,2019,79003,Diesel,Manual,17471,526000.0,7,Delhi NCR
4027,Hyundai Creta,Hyundai,2016,79827,Diesel,Manual,17471,450000.0,10,Delhi NCR
4028,Maruti Ertiga,Maruti,2015,32008,Petrol,Manual,11850,450000.0,11,Delhi NCR
4029,Maruti Vitara Brezza,Maruti,2018,144716,Diesel,Auto,18453,392000.0,8,Delhi NCR
4030,Tata Tiago,Tata,2021,42328,Petrol,Manual,8226,466000.0,5,Delhi NCR
4031,Maruti S Cross,Maruti,2016,81804,Diesel,Manual,8226,389000.0,10,Delhi NCR
4032,Mahindra XUV500,Mahindra,2017,43420,Diesel,Manual,48956,551000.0,9,Delhi NCR
4033,Honda Jazz,Honda,2016,56689,Petrol,Auto,10077,453000.0,10,Delhi NCR
4034,Maruti S PRESSO,Maruti,2021,57402,Petrol,Manual,5402,306000.0,5,Delhi NCR
4035,Toyota Etios Liva,Toyota,2012,182437,Petrol,Manual,11728,132000.0,14,Delhi NCR
4036,Honda CRV,Honda,2012,144078,Petrol,Auto,24700,278000.0,14,Delhi NCR
4037,Hyundai AURA,Hyundai,2023,54736,Petrol,Manual,10345,586000.0,3,Delhi NCR
4038,Tata TIGOR,Tata,2020,52578,Diesel,Manual,12819,487000.0,6,Delhi NCR
4039,Maruti Ertiga,Maruti,2023,45888,Petrol,Manual,16523,965000.0,3,Delhi NCR
4040,Honda Jazz,Honda,2015,74229,Petrol,Manual,7926,301000.0,11,Delhi NCR
4041,Maruti Swift,Maruti,2020,77600,Petrol,Auto,8156,462000.0,6,Delhi NCR
4042,Toyota Corolla Altis,Toyota,2014,58798,Petrol,Manual,15345,462000.0,12,Delhi NCR
4043,Maruti S Cross,Maruti,2017,189259,Diesel,Manual,39093,440000.00000000006,9,Delhi NCR
4044,Hyundai GRAND I10 NIOS,Hyundai,2021,70725,Petrol,Manual,7855,445000.0,5,Delhi NCR
4045,Renault Kwid,Renault,2022,30967,Petrol,Manual,5102,289000.0,4,Delhi NCR
4046,Honda City,Honda,2018,57223,Petrol,Auto,12480,707000.0,8,Delhi NCR
4047,Maruti IGNIS,Maruti,2022,40848,Petrol,Manual,7803,442000.0,4,Delhi NCR
4048,Mahindra XUV700,Mahindra,2022,138070,Petrol,Manual,29983,1379000.0,4,Delhi NCR
4049,Jeep Compass,Jeep,2017,78251,Petrol,Auto,15230,779000.0,9,Delhi NCR
4050,Maruti Baleno,Maruti,2021,38377,Petrol,Manual,9303,527000.0,5,Delhi NCR
4051,Hyundai Grand i10,Hyundai,2019,172289,Petrol,Manual,7563,340000.0,7,Delhi NCR
4052,Ford Ecosport,Ford,2019,66322,Diesel,Manual,20228,609000.0,7,Delhi NCR
4053,Tata Tiago,Tata,2021,38306,Petrol,Manual,5737,325000.0,5,Delhi NCR
4054,Tata Tiago,Tata,2019,53491,Petrol,Manual,5031,285000.0,7,Delhi NCR
4055,Hyundai VENUE,Hyundai,2019,34003,Petrol,Auto,12657,717000.0,7,Delhi NCR
4056,Tata TIGOR,Tata,2022,29147,Petrol,Manual,8544,484000.0,4,Delhi NCR
4057,Mahindra XUV300,Mahindra,2019,95569,Diesel,Auto,24944,751000.0,7,Delhi NCR
4058,Honda City,Honda,2016,150550,Petrol,Manual,8342,375000.0,10,Delhi NCR
4059,Hyundai Grand i10,Hyundai,2016,93597,Petrol,Auto,6696,301000.0,10,Delhi NCR
4060,Nissan MAGNITE,Nissan,2023,21149,Petrol,Manual,8526,483000.0,3,Delhi NCR
4061,Maruti Ciaz,Maruti,2016,44421,Diesel,Manual,8526,442000.0,10,Delhi NCR
4062,Hyundai Creta,Hyundai,2016,82729,Petrol,Manual,10166,457000.0,10,Delhi NCR
4063,Maruti New Wagon-R,Maruti,2022,21103,Petrol,Manual,7873,446000.0,4,Delhi NCR
4064,Tata NEXON,Tata,2022,178188,Diesel,Auto,16874,759000.0,4,Delhi NCR
4065,Toyota Innova Crysta,Toyota,2020,75156,Petrol,Auto,24211,1414000.0,6,Delhi NCR
4066,Hyundai Creta,Hyundai,2016,132000,Petrol,Manual,11656,524000.0,10,Delhi NCR
4067,Toyota Innova Crysta,Toyota,2017,50322,Petrol,Auto,22841,1200000.0,9,Delhi NCR
4068,Nissan MAGNITE,Nissan,2022,53722,Petrol,Manual,7732,438000.0,4,Delhi NCR
4069,Maruti Vitara Brezza,Maruti,2019,36917,Diesel,Manual,20991,632000.0,7,Delhi NCR
4070,Maruti Baleno,Maruti,2019,87530,Petrol,Manual,6867,389000.0,7,Delhi NCR
4071,Hyundai GRAND I10 NIOS,Hyundai,2022,39096,Petrol,Manual,9144,518000.0,4,Delhi NCR
4072,Maruti Baleno,Maruti,2020,32082,Petrol,Manual,9338,529000.0,6,Delhi NCR
4073,Honda City,Honda,2015,47981,Petrol,Manual,10112,384000.0,11,Delhi NCR
4074,Datsun Go,Datsun,2019,33131,Petrol,Manual,6426,364000.0,7,Delhi NCR
4075,Honda Amaze,Honda,2018,113953,Diesel,Auto,19441,413000.0,8,Delhi NCR
4076,Tata Tiago,Tata,2019,55000,Petrol,Manual,5649,320000.0,7,Delhi NCR
4077,Hyundai EXTER,Hyundai,2023,42781,Petrol,Manual,11651,660000.0,3,Delhi NCR
4078,Hyundai GRAND I10 NIOS,Hyundai,2022,52656,Petrol,Manual,9162,519000.00000000006,4,Delhi NCR
4079,Maruti Ciaz,Maruti,2018,46000,Petrol,Manual,8279,469000.00000000006,8,Delhi NCR
4080,Mahindra TUV300,Mahindra,2016,105030,Diesel,Manual,8279,355000.0,10,Delhi NCR
4081,Maruti S Cross,Maruti,2016,112553,Diesel,Manual,8279,513000.0,10,Delhi NCR
4082,Honda City,Honda,2016,57392,Petrol,Manual,9454,425000.0,10,Delhi NCR
4083,Toyota Etios,Toyota,2011,231680,Petrol,Manual,9454,90000.0,15,Delhi NCR
4084,Nissan Kicks,Nissan,2019,57316,Diesel,Manual,28221,861999.9999999999,7,Delhi NCR
4085,Renault Duster,Renault,2017,47843,Petrol,Auto,8367,428000.0,9,Delhi NCR
4086,Maruti Alto K10,Maruti,2022,3321,Petrol,Manual,7326,415000.00000000006,4,Delhi NCR
4087,Maruti Ciaz,Maruti,2018,34319,Petrol,Manual,11474,650000.0,8,Delhi NCR
4088,Ford Ecosport,Ford,2018,150922,Diesel,Manual,20901,444000.00000000006,8,Delhi NCR
4089,Honda BR-V,Honda,2018,34415,Diesel,Manual,32057,681000.0,8,Delhi NCR
4090,Maruti Alto K10,Maruti,2025,2630,Petrol,Manual,7485,424000.0,1,Delhi NCR
4091,Maruti Vitara Brezza,Maruti,2018,84756,Diesel,Manual,22784,484000.0,8,Delhi NCR
4092,Maruti New Wagon-R,Maruti,2021,41111,Petrol,Manual,6673,378000.0,5,Delhi NCR
4093,Maruti Baleno,Maruti,2022,59521,Petrol,Manual,10715,607000.0,4,Delhi NCR
4094,Tata Hexa,Tata,2018,82707,Diesel,Manual,38685,830000.0000000001,8,Delhi NCR
4095,Maruti Ciaz,Maruti,2017,130281,Diesel,Manual,32696,368000.0,9,Delhi NCR
4096,KIA SELTOS,KIA,2019,110745,Petrol,Auto,20655,950000.0,7,Delhi NCR
4097,Honda Jazz,Honda,2015,48367,Petrol,Auto,8954,340000.0,11,Delhi NCR
4098,Mahindra Scorpio,Mahindra,2021,61634,Diesel,Manual,24134,1110000.0,5,Delhi NCR
4099,Mahindra Thar,Mahindra,2023,19055,Diesel,Manual,26916,1572000.0,3,Delhi NCR
4100,Maruti Swift Dzire,Maruti,2017,89380,Petrol,Manual,6979,357000.0,9,Delhi NCR
4101,Maruti Alto K10,Maruti,2023,2452,Petrol,Manual,7485,424000.0,3,Delhi NCR
4102,Maruti Ciaz,Maruti,2016,74986,Petrol,Manual,9209,413999.99999999994,10,Delhi NCR
4103,Mahindra XUV500,Mahindra,2016,149169,Diesel,Auto,9209,463000.0,10,Delhi NCR
4104,Honda City,Honda,2016,85355,Petrol,Manual,10010,450000.0,10,Delhi NCR
4105,Maruti Ciaz,Maruti,2018,75371,Petrol,Manual,7485,424000.0,8,Delhi NCR
4106,Maruti New Wagon-R,Maruti,2020,63927,Petrol,Manual,5878,333000.0,6,Delhi NCR
4107,Hyundai Creta,Hyundai,2017,113381,Diesel,Manual,12902,580000.0,9,Delhi NCR
4108,Hyundai Creta,Hyundai,2017,66795,Petrol,Manual,9865,505000.0,9,Delhi NCR
4109,Maruti Dzire,Maruti,2017,119210,Diesel,Manual,33763,380000.0,9,Delhi NCR
4110,Skoda SLAVIA,Skoda,2022,31563,Petrol,Manual,15581,910000.0,4,Delhi NCR
4111,Tata NEXON,Tata,2023,11281,Petrol,Auto,16951,990000.0,3,Delhi NCR
4112,Honda Amaze,Honda,2017,56150,Petrol,Manual,6940,355000.0,9,Delhi NCR
4113,Maruti FRONX,Maruti,2024,34731,Petrol,Auto,12745,722000.0,2,Delhi NCR
4114,Maruti Ciaz,Maruti,2018,63279,Petrol,Auto,10486,594000.0,8,Delhi NCR
4115,Maruti S Cross,Maruti,2021,40093,Petrol,Auto,12057,683000.0,5,Delhi NCR
4116,Nissan Kicks,Nissan,2019,139411,Diesel,Manual,15777,475000.0,7,Delhi NCR
4117,Maruti Vitara Brezza,Maruti,2019,132808,Diesel,Auto,18268,550000.0,7,Delhi NCR
4118,Honda City,Honda,2017,94620,Petrol,Manual,9091,465000.00000000006,9,Delhi NCR
4119,Honda City,Honda,2015,131581,Petrol,Manual,9191,349000.0,11,Delhi NCR
4120,Maruti Ciaz,Maruti,2016,65686,Petrol,Manual,8720,392000.0,10,Delhi NCR
4121,Hyundai NEW SANTRO,Hyundai,2019,107500,Petrol,Manual,8186,368000.0,7,Delhi NCR
4122,Tata NEXON,Tata,2022,28200,Petrol,Auto,13698,800000.0,4,Delhi NCR
4123,Hyundai Creta,Hyundai,2019,81464,Petrol,Manual,10592,600000.0,7,Delhi NCR
4124,Hyundai GRAND I10 NIOS,Hyundai,2021,96711,Petrol,Manual,8032,455000.0,5,Delhi NCR
4125,Mahindra MARAZZO,Mahindra,2019,54922,Diesel,Manual,21589,650000.0,7,Delhi NCR
4126,Hyundai Creta,Hyundai,2021,80320,Diesel,Manual,20112,925000.0,5,Delhi NCR
4127,Tata Tiago,Tata,2018,39085,Petrol,Auto,5949,337000.0,8,Delhi NCR
4128,KIA SELTOS,KIA,2023,14836,Petrol,Auto,26386,1541000.0,3,Delhi NCR
4129,Hyundai VENUE,Hyundai,2020,21289,Petrol,Manual,13886,811000.0,6,Delhi NCR
4130,Ford Ecosport,Ford,2018,60032,Petrol,Manual,8526,483000.0,8,Delhi NCR
4131,Mahindra XUV700,Mahindra,2024,5207,Petrol,Auto,35101,2050000.0,2,Delhi NCR
4132,Tata NEXON,Tata,2023,30278,Petrol,Manual,16318,952999.9999999999,3,Delhi NCR
4133,Honda City,Honda,2018,106822,Petrol,Manual,10255,461000.00000000006,8,Delhi NCR
4134,Maruti S PRESSO,Maruti,2021,47422,Petrol,Manual,6178,350000.0,5,Delhi NCR
4135,Mahindra XUV500,Mahindra,2016,142139,Diesel,Manual,6178,462000.0,10,Delhi NCR
4136,Hyundai Grand i10,Hyundai,2017,75836,Petrol,Manual,5455,279000.0,9,Delhi NCR
4137,Hyundai Elite i20,Hyundai,2017,86223,Petrol,Manual,6940,355000.0,9,Delhi NCR
4138,Maruti Baleno,Maruti,2025,4416,Petrol,Manual,10786,611000.0,1,Delhi NCR
4139,Toyota Innova Crysta,Toyota,2017,140099,Diesel,Auto,97220,1100000.0,9,Delhi NCR
4140,Maruti Vitara Brezza,Maruti,2018,87431,Diesel,Auto,22784,484000.0,8,Delhi NCR
4141,Hyundai ALCAZAR,Hyundai,2022,78519,Diesel,Manual,24554,1290000.0,4,Delhi NCR
4142,KIA SELTOS,KIA,2019,117238,Diesel,Manual,28679,876000.0,7,Delhi NCR
4143,MG ASTOR,MG,2022,40643,Petrol,Manual,16318,952999.9999999999,4,Delhi NCR
4144,Maruti XL6,Maruti,2023,38761,Petrol,Manual,18835,1100000.0,3,Delhi NCR
4145,Mahindra TUV300,Mahindra,2018,108052,Diesel,Manual,16570,352000.0,8,Delhi NCR
4146,Maruti Ciaz,Maruti,2017,178072,Diesel,Manual,35984,405000.0,9,Delhi NCR
4147,Honda Jazz,Honda,2015,33088,Petrol,Auto,10323,392000.0,11,Delhi NCR
4148,Hyundai Creta,Hyundai,2018,51647,Petrol,Auto,14383,840000.0,8,Delhi NCR
4149,MG HECTOR,MG,2020,36688,Petrol,Auto,15153,885000.0,6,Delhi NCR
4150,Hyundai GRAND I10 NIOS,Hyundai,2023,50348,Petrol,Manual,9656,547000.0,3,Delhi NCR
4151,Maruti Ciaz,Maruti,2018,69218,Petrol,Manual,7326,415000.00000000006,8,Delhi NCR
4152,Maruti New Wagon-R,Maruti,2022,16105,Petrol,Manual,9497,538000.0,4,Delhi NCR
4153,Maruti Vitara Brezza,Maruti,2019,86517,Diesel,Manual,18700,563000.0,7,Delhi NCR
4154,Hyundai VENUE,Hyundai,2021,43265,Petrol,Manual,13946,790000.0,5,Delhi NCR
4155,Mahindra XUV500,Mahindra,2019,34950,Diesel,Manual,24911,750000.0,7,Delhi NCR
4156,MG HECTOR PLUS,MG,2023,18100,Petrol,Auto,25769,1505000.0,3,Delhi NCR
4157,Tata Hexa,Tata,2017,82783,Diesel,Auto,45224,509000.0,9,Delhi NCR
4158,Hyundai Verna,Hyundai,2016,113274,Diesel,Manual,45224,409999.99999999994,10,Delhi NCR
4159,Maruti Alto K10,Maruti,2012,85463,Petrol,Manual,94392,1068000.0,14,Delhi NCR
4160,Volvo S60,Volvo,2017,87621,Diesel,Auto,101639,1150000.0,9,Delhi NCR
4161,Tata NEXON,Tata,2023,27000,Petrol,Auto,13732,802000.0,3,Delhi NCR
4162,Hyundai VENUE,Hyundai,2019,47689,Petrol,Manual,10998,623000.0,7,Delhi NCR
4163,Maruti Baleno,Maruti,2020,40813,Petrol,Manual,9250,524000.0,6,Delhi NCR
4164,Mahindra XUV300,Mahindra,2020,39675,Diesel,Manual,14747,560000.0,6,Delhi NCR
4165,Tata NEXON,Tata,2023,39834,Petrol,Manual,14914,871000.0000000001,3,Delhi NCR
4166,Hyundai Creta,Hyundai,2020,148000,Diesel,Auto,26337,1019000.0,6,Delhi NCR
4167,Maruti New Wagon-R,Maruti,2020,56448,Petrol,Manual,7361,417000.0,6,Delhi NCR
4168,Hyundai Creta,Hyundai,2018,138130,Petrol,Manual,13347,600000.0,8,Delhi NCR
4169,Mahindra XUV700,Mahindra,2022,32193,Diesel,Manual,26648,1400000.0,4,Delhi NCR
4170,Hyundai VENUE,Hyundai,2022,51452,Petrol,Manual,11209,635000.0,4,Delhi NCR
4171,Maruti Ciaz,Maruti,2025,5150,Petrol,Manual,14725,860000.0,1,Delhi NCR
4172,Maruti XL6,Maruti,2023,75038,Petrol,Manual,17979,1050000.0,3,Delhi NCR
4173,Mahindra XUV700,Mahindra,2022,16370,Petrol,Manual,21403,1250000.0,4,Delhi NCR
4174,Maruti Swift,Maruti,2020,22720,Petrol,Manual,8014,454000.0,6,Delhi NCR
4175,Maruti Dzire,Maruti,2019,70599,Petrol,Manual,7767,440000.00000000006,7,Delhi NCR
4176,Toyota URBAN CRUISER,Toyota,2021,76765,Petrol,Manual,10715,607000.0,5,Delhi NCR
4177,Hyundai Creta,Hyundai,2022,39525,Petrol,Manual,17910,1046000.0000000001,4,Delhi NCR
4178,Mahindra Thar,Mahindra,2019,41337,Diesel,Manual,23150,697000.0,7,Delhi NCR
4179,Tata NEXON,Tata,2023,28220,Petrol,Manual,13381,758000.0,3,Delhi NCR
4180,Mahindra Thar,Mahindra,2021,74337,Petrol,Auto,20770,1213000.0,5,Delhi NCR
4181,Mahindra XUV500,Mahindra,2020,55215,Diesel,Manual,26724,1034000.0,6,Delhi NCR
4182,Hyundai Verna,Hyundai,2019,21719,Petrol,Manual,13240,750000.0,7,Delhi NCR
4183,Hyundai ALCAZAR,Hyundai,2022,67259,Diesel,Auto,24744,1300000.0,4,Delhi NCR
4184,Tata Hexa,Tata,2017,98902,Diesel,Auto,44691,503000.0,9,Delhi NCR
4185,Maruti Grand Vitara,Maruti,2024,10712,Petrol,Manual,19331,1129000.0,2,Delhi NCR
4186,Hyundai Elite i20,Hyundai,2017,113334,Petrol,Manual,7808,351000.0,9,Delhi NCR
4187,Maruti XL6,Maruti,2021,26185,Petrol,Auto,15410,900000.0,5,Delhi NCR
4188,Renault Kiger,Renault,2022,30312,Petrol,Auto,9215,522000.0,4,Delhi NCR
4189,MG HECTOR,MG,2019,136269,Diesel,Manual,24413,735000.0,7,Delhi NCR
4190,Maruti Dzire,Maruti,2021,31367,Petrol,Manual,8544,484000.0,5,Delhi NCR
4191,Honda BR-V,Honda,2020,40274,Petrol,Manual,13240,750000.0,6,Delhi NCR
4192,Maruti S Cross,Maruti,2018,79638,Diesel,Manual,24525,521000.0,8,Delhi NCR
4193,Renault Duster,Renault,2019,55798,Diesel,Manual,18334,552000.0,7,Delhi NCR
4194,Hyundai Verna,Hyundai,2018,56408,Petrol,Manual,17722,1035000.0,8,Delhi NCR
4195,Hyundai Creta,Hyundai,2018,103769,Diesel,Manual,28432,604000.0,8,Delhi NCR
4196,Maruti S PRESSO,Maruti,2022,29415,Petrol,Manual,7043,399000.0,4,Delhi NCR
4197,Hyundai Creta,Hyundai,2020,60278,Petrol,Manual,14999,876000.0,6,Delhi NCR
4198,Hyundai Creta,Hyundai,2016,154896,Diesel,Manual,14999,509000.0,10,Delhi NCR
4199,Honda City,Honda,2016,83034,Petrol,Manual,9120,409999.99999999994,10,Delhi NCR
4200,MG HECTOR,MG,2024,7004,Petrol,Manual,24999,1460000.0,2,Delhi NCR
4201,Tata NEXON,Tata,2018,70968,Diesel,Auto,21183,450000.0,8,Delhi NCR
4202,Tata NEXON,Tata,2023,29721,Diesel,Manual,14034,795000.0,3,Delhi NCR
4203,Mahindra XUV500,Mahindra,2016,77655,Diesel,Manual,14034,556000.0,10,Delhi NCR
4204,Maruti Baleno,Maruti,2018,58485,Petrol,Manual,7573,429000.0,8,Delhi NCR
4205,Hyundai Creta,Hyundai,2017,44707,Petrol,Manual,10850,555000.0,9,Delhi NCR
4206,Maruti Vitara Brezza,Maruti,2020,67542,Petrol,Auto,11933,676000.0,6,Delhi NCR
4207,Maruti Swift,Maruti,2019,157114,Petrol,Manual,9743,438000.0,7,Delhi NCR
4208,Maruti Ciaz,Maruti,2017,155152,Diesel,Manual,30742,346000.0,9,Delhi NCR
4209,Maruti XL6,Maruti,2024,17795,Petrol,Manual,18064,1055000.0,2,Delhi NCR
4210,Maruti Baleno,Maruti,2016,86223,Petrol,Manual,7207,324000.0,10,Delhi NCR
4211,Hyundai Creta,Hyundai,2022,42313,Diesel,Manual,22536,1184000.0,4,Delhi NCR
4212,Tata NEXON,Tata,2023,83654,Diesel,Manual,14554,850000.0,3,Delhi NCR
4213,Maruti Ciaz,Maruti,2016,148618,Diesel,Manual,14554,325000.0,10,Delhi NCR
4214,Honda City,Honda,2015,78917,Petrol,Auto,10060,382000.0,11,Delhi NCR
4215,Mahindra XUV500,Mahindra,2019,44097,Diesel,Manual,30905,944000.0,7,Delhi NCR
4216,Maruti New Wagon-R,Maruti,2021,57488,Petrol,Manual,7238,409999.99999999994,5,Delhi NCR
4217,Honda Amaze,Honda,2019,127796,Petrol,Auto,10700,480999.99999999994,7,Delhi NCR
4218,Maruti XL6,Maruti,2023,30006,Petrol,Manual,19348,1130000.0,3,Delhi NCR
4219,Maruti Baleno,Maruti,2018,27391,Petrol,Auto,7644,433000.0,8,Delhi NCR
4220,Jeep Compass,Jeep,2018,57239,Petrol,Auto,12975,735000.0,8,Delhi NCR
4221,Maruti Dzire,Maruti,2021,133061,Petrol,Manual,8408,378000.0,5,Delhi NCR
4222,Hyundai Elite i20,Hyundai,2016,83735,Petrol,Manual,8675,390000.0,10,Delhi NCR
4223,Hyundai Creta,Hyundai,2016,32723,Petrol,Manual,11523,518000.0,10,Delhi NCR
4224,Mahindra Thar,Mahindra,2022,20272,Petrol,Manual,18715,1093000.0,4,Delhi NCR
4225,Maruti Ertiga,Maruti,2021,43800,Petrol,Manual,15410,900000.0,5,Delhi NCR
4226,MG HECTOR PLUS,MG,2024,8112,Petrol,Auto,29023,1695000.0,2,Delhi NCR
4227,MG HECTOR,MG,2021,96193,Petrol,Manual,16403,958000.0,5,Delhi NCR
4228,Honda City,Honda,2015,115298,Petrol,Auto,10560,401000.0,11,Delhi NCR
4229,KIA SELTOS,KIA,2020,140575,Petrol,Manual,15015,675000.0,6,Delhi NCR
4230,Toyota URBAN CRUISER,Toyota,2021,36271,Petrol,Manual,12004,680000.0,5,Delhi NCR
4231,Hyundai Verna,Hyundai,2018,109629,Diesel,Auto,29186,620000.0,8,Delhi NCR
4232,Mahindra XUV500,Mahindra,2018,66000,Diesel,Auto,33422,710000.0,8,Delhi NCR
4233,KIA SONET,KIA,2020,51393,Petrol,Manual,12869,729000.0,6,Delhi NCR
4234,Skoda SLAVIA,Skoda,2022,46677,Petrol,Manual,13732,802000.0,4,Delhi NCR
4235,Maruti Vitara Brezza,Maruti,2019,145531,Diesel,Auto,14946,450000.0,7,Delhi NCR
4236,Mahindra Thar,Mahindra,2023,19566,Petrol,Auto,22311,1303000.0,3,Delhi NCR
4237,Renault Kwid,Renault,2024,4683,Petrol,Manual,7326,415000.00000000006,2,Delhi NCR
4238,Maruti S Cross,Maruti,2018,152223,Diesel,Manual,18217,387000.0,8,Delhi NCR
4239,Hyundai Creta,Hyundai,2018,91417,Petrol,Auto,14143,826000.0,8,Delhi NCR
4240,Skoda KUSHAQ,Skoda,2022,73280,Petrol,Manual,16609,969999.9999999999,4,Delhi NCR
4241,Hyundai Verna,Hyundai,2018,58763,Petrol,Auto,12304,697000.0,8,Delhi NCR
4242,Jeep Compass,Jeep,2018,101251,Diesel,Manual,30253,643000.0,8,Delhi NCR
4243,Maruti Baleno,Maruti,2018,126827,Diesel,Manual,17935,381000.0,8,Delhi NCR
4244,KIA SELTOS,KIA,2020,147955,Diesel,Auto,27700,1274000.0,6,Delhi NCR
4245,Hyundai Grand i10,Hyundai,2018,58997,Diesel,Manual,22784,484000.0,8,Delhi NCR
4246,Honda City,Honda,2015,192430,Petrol,Auto,11745,446000.0,11,Delhi NCR
4247,Maruti New Wagon-R,Maruti,2020,107829,Petrol,Manual,7830,352000.0,6,Delhi NCR
4248,Maruti Dzire,Maruti,2019,22184,Petrol,Manual,8138,461000.00000000006,7,Delhi NCR
4249,Maruti Ciaz,Maruti,2018,75214,Petrol,Manual,8615,488000.0,8,Delhi NCR
4250,Honda Amaze,Honda,2025,4774,Petrol,Manual,13698,800000.0,1,Delhi NCR
4251,Maruti Swift,Maruti,2021,48577,Petrol,Auto,8544,484000.0,5,Delhi NCR
4252,Hyundai Creta,Hyundai,2017,69916,Petrol,Auto,13724,702000.0,9,Delhi NCR
4253,Maruti Grand Vitara,Maruti,2024,13683,Petrol,Manual,19194,1121000.0,2,Delhi NCR
4254,Maruti Ertiga,Maruti,2012,25620,Petrol,Manual,28254,318000.0,14,Delhi NCR
4255,Maruti Grand Vitara,Maruti,2024,22674,Hybrid,Auto,26968,1575000.0,2,Delhi NCR
4256,Maruti Grand Vitara,Maruti,2023,20748,Petrol,Manual,15205,888000.0000000001,3,Delhi NCR
4257,Ford Ecosport,Ford,2015,35960,Petrol,Auto,10402,395000.0,11,Delhi NCR
4258,Honda City,Honda,2015,55889,Petrol,Auto,11640,442000.0,11,Delhi NCR
4259,Maruti Baleno,Maruti,2019,41305,Petrol,Manual,7449,422000.0,7,Delhi NCR
4260,Maruti Celerio,Maruti,2018,85564,Petrol,Manual,6055,343000.0,8,Delhi NCR
4261,Maruti Alto K10,Maruti,2017,25221,Petrol,Manual,5650,289000.0,9,Delhi NCR
4262,KIA SELTOS,KIA,2022,27810,Petrol,Manual,24365,1423000.0,4,Delhi NCR
4263,Maruti XL6,Maruti,2023,15206,Petrol,Auto,22088,1290000.0,3,Delhi NCR
4264,Tata Tiago,Tata,2020,86093,Petrol,Manual,5737,325000.0,6,Delhi NCR
4265,KIA SONET,KIA,2023,19757,Petrol,Manual,16027,936000.0,3,Delhi NCR
4266,Honda City,Honda,2014,106438,Petrol,Manual,10828,326000.0,12,Delhi NCR
4267,Toyota Etios,Toyota,2016,103592,Petrol,Manual,6607,297000.0,10,Delhi NCR
4268,Hyundai Creta,Hyundai,2017,160413,Diesel,Auto,42914,483000.0,9,Delhi NCR
4269,Maruti New Wagon-R,Maruti,2022,81352,Petrol,Manual,7502,425000.0,4,Delhi NCR
4270,Hyundai Verna,Hyundai,2016,57677,Petrol,Manual,9298,418000.0,10,Delhi NCR
4271,Volkswagen Vento,Volkswagen,2019,55073,Petrol,Auto,11513,652000.0,7,Delhi NCR
4272,MG ASTOR,MG,2022,24344,Petrol,Auto,16078,939000.0,4,Delhi NCR
4273,Renault Duster,Renault,2018,45985,Petrol,Auto,9621,545000.0,8,Delhi NCR
4274,Tata NEXON,Tata,2019,17342,Petrol,Auto,10256,581000.0,7,Delhi NCR
4275,Hyundai Creta,Hyundai,2016,127698,Diesel,Manual,10256,469000.00000000006,10,Delhi NCR
4276,Maruti Dzire,Maruti,2019,23940,Petrol,Manual,17722,1035000.0,7,Delhi NCR
4277,Hyundai GRAND I10 NIOS,Hyundai,2020,111047,Petrol,Manual,9921,446000.0,6,Delhi NCR
4278,KIA SONET,KIA,2020,40364,Petrol,Manual,11916,675000.0,6,Delhi NCR
4279,Mahindra XUV500,Mahindra,2020,52973,Diesel,Manual,19750,750000.0,6,Delhi NCR
4280,Mahindra XUV500,Mahindra,2017,65753,Diesel,Auto,55708,627000.0,9,Delhi NCR
4281,Hyundai Creta,Hyundai,2016,221930,Diesel,Manual,55708,475000.0,10,Delhi NCR
4282,Hyundai GRAND I10 NIOS,Hyundai,2022,30633,Petrol,Manual,8209,465000.00000000006,4,Delhi NCR
4283,MG ASTOR,MG,2022,71826,Petrol,Auto,16609,969999.9999999999,4,Delhi NCR
4284,KIA SONET,KIA,2023,16821,Petrol,Manual,17773,1038000.0000000001,3,Delhi NCR
4285,Renault Duster,Renault,2017,102889,Diesel,Manual,33407,376000.0,9,Delhi NCR
4286,Hyundai Creta,Hyundai,2016,163072,Diesel,Auto,33407,441000.0,10,Delhi NCR
4287,Maruti Swift,Maruti,2022,25424,Petrol,Manual,12551,711000.0,4,Delhi NCR
4288,Hyundai Creta,Hyundai,2019,55110,Petrol,Manual,14006,818000.0,7,Delhi NCR
4289,Ford Ecosport,Ford,2018,205903,Diesel,Manual,16099,342000.0,8,Delhi NCR
4290,Mahindra XUV500,Mahindra,2018,95104,Diesel,Auto,32951,700000.0,8,Delhi NCR
4291,Hyundai VENUE,Hyundai,2021,43435,Petrol,Manual,14229,831000.0,5,Delhi NCR
4292,Mahindra Thar,Mahindra,2023,54438,Petrol,Manual,21403,1250000.0,3,Delhi NCR
4293,Mahindra Thar,Mahindra,2021,44978,Petrol,Auto,18835,1100000.0,5,Delhi NCR
4294,KIA SONET,KIA,2021,42408,Diesel,Manual,15527,698000.0,5,Delhi NCR
4295,Mahindra XUV500,Mahindra,2016,83388,Diesel,Auto,15527,577000.0,10,Delhi NCR
4296,KIA SELTOS,KIA,2019,68083,Petrol,Manual,16609,969999.9999999999,7,Delhi NCR
4297,Ford Ecosport,Ford,2018,107301,Diesel,Manual,20901,444000.00000000006,8,Delhi NCR
4298,Honda City,Honda,2019,68000,Petrol,Manual,12657,717000.0,7,Delhi NCR
4299,Hyundai NEW SANTRO,Hyundai,2020,82203,Petrol,Manual,6320,358000.0,6,Delhi NCR
4300,Renault Duster,Renault,2017,81362,Diesel,Manual,35184,396000.0,9,Delhi NCR
4301,Tata Tiago,Tata,2019,38643,Petrol,Manual,6938,393000.0,7,Delhi NCR
4302,Maruti Vitara Brezza,Maruti,2019,19496,Diesel,Manual,22320,672000.0,7,Delhi NCR
4303,Maruti Vitara Brezza,Maruti,2016,67359,Diesel,Manual,22320,430000.0,10,Delhi NCR
4304,Maruti Vitara Brezza,Maruti,2020,102072,Diesel,Auto,15800,600000.0,6,Delhi NCR
4305,MG COMET,MG,2024,19780,Electric,Auto,10980,622000.0,2,Delhi NCR
4306,Ford Ecosport,Ford,2018,69572,Diesel,Manual,26549,564000.0,8,Delhi NCR
4307,KIA SELTOS,KIA,2023,26528,Petrol,Manual,22413,1309000.0,3,Delhi NCR
4308,Mahindra XUV700,Mahindra,2022,45911,Diesel,Manual,26020,1367000.0,4,Delhi NCR
4309,Maruti Ertiga,Maruti,2020,140170,Petrol,Manual,17394,800000.0,6,Delhi NCR
4310,Mahindra XUV300,Mahindra,2021,70691,Petrol,Manual,10503,595000.0,5,Delhi NCR
4311,KIA SELTOS,KIA,2019,100566,Petrol,Manual,15015,675000.0,7,Delhi NCR
4312,Jeep Compass,Jeep,2018,85212,Diesel,Manual,45349,973000.0,8,Delhi NCR
4313,Honda WR-V,Honda,2017,189032,Petrol,Manual,8853,398000.0,9,Delhi NCR
4314,Mercedes Benz C Class,Mercedes,2011,68784,Petrol,Auto,8853,400000.0,15,Delhi NCR
4315,Toyota Corolla Altis,Toyota,2016,90000,Petrol,Auto,12390,557000.0,10,Delhi NCR
4316,Mahindra Thar,Mahindra,2023,38720,Diesel,Manual,19348,1130000.0,3,Delhi NCR
4317,Hyundai Elite i20,Hyundai,2016,97243,Petrol,Manual,7496,337000.0,10,Delhi NCR
4318,Honda WR-V,Honda,2017,49403,Petrol,Manual,9482,484999.99999999994,9,Delhi NCR
4319,Mahindra XUV500,Mahindra,2016,256638,Diesel,Manual,9482,418000.0,10,Delhi NCR
4320,Mahindra BOLERO NEO,Mahindra,2023,15528,Diesel,Manual,16129,942000.0,3,Delhi NCR
4321,Maruti S Cross,Maruti,2018,103452,Diesel,Manual,23443,498000.00000000006,8,Delhi NCR
4322,Maruti New Wagon-R,Maruti,2025,11630,Petrol,Manual,9338,529000.0,1,Delhi NCR
4323,Maruti BREZZA,Maruti,2022,42467,Petrol,Manual,14143,826000.0,4,Delhi NCR
4324,Maruti New Wagon-R,Maruti,2021,130309,Petrol,Manual,7563,340000.0,5,Delhi NCR
4325,Mahindra XUV700,Mahindra,2022,109300,Diesel,Manual,25504,1173000.0,4,Delhi NCR
4326,Mercedes Benz C Class,Mercedes,2012,65636,Petrol,Auto,45224,509000.0,14,Delhi NCR
4327,Mahindra Thar Roxx,Mahindra,2025,23220,Diesel,Auto,33817,1975000.0,1,Delhi NCR
4328,Hyundai Creta,Hyundai,2021,123977,Diesel,Manual,24460,1125000.0,5,Delhi NCR
4329,Maruti New Wagon-R,Maruti,2021,17648,Petrol,Manual,7838,444000.00000000006,5,Delhi NCR
4330,Toyota Innova Crysta,Toyota,2017,163509,Diesel,Auto,115603,1308000.0,9,Delhi NCR
4331,Hyundai Creta,Hyundai,2017,85003,Diesel,Manual,46734,526000.0,9,Delhi NCR
4332,Maruti Vitara Brezza,Maruti,2020,79022,Petrol,Manual,10715,607000.0,6,Delhi NCR
4333,Toyota Corolla Altis,Toyota,2014,165221,Petrol,Manual,10130,305000.0,12,Delhi NCR
4334,Maruti Ciaz,Maruti,2019,48507,Petrol,Manual,9621,545000.0,7,Delhi NCR
4335,Hyundai VENUE,Hyundai,2021,51076,Petrol,Manual,11192,634000.0,5,Delhi NCR
4336,Skoda KUSHAQ,Skoda,2023,38355,Petrol,Auto,19502,1139000.0,3,Delhi NCR
4337,Hyundai Creta,Hyundai,2021,42031,Petrol,Auto,18698,1092000.0,5,Delhi NCR
4338,Honda City,Honda,2019,113897,Petrol,Manual,12056,542000.0,7,Delhi NCR
4339,Maruti S Cross,Maruti,2018,160410,Diesel,Manual,23537,500000.0,8,Delhi NCR
4340,Mahindra Thar,Mahindra,2021,49096,Petrol,Auto,17122,1000000.0,5,Delhi NCR
4341,Maruti XL6,Maruti,2025,25585,Petrol,Manual,19451,1136000.0,1,Delhi NCR
4342,Toyota Innova Crysta,Toyota,2017,180337,Diesel,Manual,84139,952000.0,9,Delhi NCR
4343,Hyundai ALCAZAR,Hyundai,2022,27577,Petrol,Manual,23543,1375000.0,4,Delhi NCR
4344,Maruti Baleno,Maruti,2022,51387,Petrol,Manual,8900,504000.0,4,Delhi NCR
4345,Hyundai Creta,Hyundai,2016,137001,Diesel,Auto,8900,488000.0,10,Delhi NCR
4346,Nissan MAGNITE,Nissan,2023,24273,Petrol,Auto,14554,850000.0,3,Delhi NCR
4347,MG HECTOR,MG,2021,57355,Petrol,Auto,16609,969999.9999999999,5,Delhi NCR
4348,Maruti Ciaz,Maruti,2022,42837,Petrol,Auto,13963,791000.0,4,Delhi NCR
4349,Maruti Celerio,Maruti,2018,26569,Petrol,Auto,6355,360000.0,8,Delhi NCR
4350,Maruti Baleno,Maruti,2019,43600,Petrol,Manual,8209,465000.00000000006,7,Delhi NCR
4351,Hyundai Creta,Hyundai,2024,33999,Diesel,Manual,20633,1205000.0,2,Delhi NCR
4352,KIA SELTOS,KIA,2020,104716,Petrol,Manual,20307,934000.0,6,Delhi NCR
4353,Hyundai Creta,Hyundai,2020,23576,Petrol,Manual,14708,859000.0,6,Delhi NCR
4354,Jeep Compass,Jeep,2019,90765,Diesel,Manual,24413,735000.0,7,Delhi NCR
4355,KIA SELTOS,KIA,2020,76372,Diesel,Manual,23907,925000.0,6,Delhi NCR
4356,Maruti Ertiga,Maruti,2017,167885,Diesel,Manual,40249,453000.0,9,Delhi NCR
4357,Honda WR-V,Honda,2019,166277,Diesel,Manual,15777,475000.0,7,Delhi NCR
4358,Honda City,Honda,2019,60500,Petrol,Auto,12357,700000.0,7,Delhi NCR
4359,Maruti Swift,Maruti,2019,96604,Diesel,Manual,16275,490000.00000000006,7,Delhi NCR
4360,Skoda KUSHAQ,Skoda,2022,60933,Petrol,Manual,18116,1058000.0,4,Delhi NCR
4361,Toyota Etios,Toyota,2016,96741,Diesel,Manual,18116,403000.0,10,Delhi NCR
4362,Maruti Ciaz,Maruti,2019,52066,Petrol,Manual,10256,581000.0,7,Delhi NCR
4363,Audi Q3,Audi,2015,71000,Diesel,Auto,31102,950000.0,11,Delhi NCR
4364,KIA SELTOS,KIA,2019,52557,Diesel,Manual,25907,780000.0,7,Delhi NCR
4365,Hyundai Creta,Hyundai,2018,231459,Diesel,Manual,27585,586000.0,8,Delhi NCR
4366,Ford Ecosport,Ford,2016,34019,Petrol,Auto,9343,420000.0,10,Delhi NCR
4367,Hyundai Creta,Hyundai,2017,150415,Diesel,Auto,48245,543000.0,9,Delhi NCR
4368,Hyundai VENUE,Hyundai,2019,42306,Petrol,Auto,12286,696000.0,7,Delhi NCR
4369,Renault Duster,Renault,2017,92704,Diesel,Auto,35540,400000.0,9,Delhi NCR
4370,Tata Hexa,Tata,2018,85212,Diesel,Auto,33610,714000.0,8,Delhi NCR
4371,Tata NEXON,Tata,2018,56750,Diesel,Auto,21654,459999.99999999994,8,Delhi NCR
4372,Hyundai Creta,Hyundai,2022,39481,Petrol,Manual,14982,875000.0,4,Delhi NCR
4373,Ssangyong Rexton,Ssangyong,2018,106150,Diesel,Auto,39943,857000.0,8,Delhi NCR
4374,Hyundai i20,Hyundai,2014,46500,Petrol,Manual,8403,252999.99999999997,12,Delhi NCR
4375,Tata Safari,Tata,2022,43429,Diesel,Auto,29065,1527000.0,4,Delhi NCR
4376,Honda Jazz,Honda,2017,55957,Petrol,Auto,6940,355000.0,9,Delhi NCR
4377,MG ASTOR,MG,2022,39327,Petrol,Auto,18715,1093000.0,4,Delhi NCR
4378,Maruti New Wagon-R,Maruti,2020,69086,Petrol,Manual,6885,390000.0,6,Delhi NCR
4379,Mahindra SCORPIO CLASSIC,Mahindra,2024,24162,Diesel,Manual,26694,1559000.0,2,Delhi NCR
4380,Maruti Baleno,Maruti,2022,3450,Petrol,Manual,11174,633000.0,4,Delhi NCR
4381,Hyundai Verna,Hyundai,2022,26810,Petrol,Auto,17996,1051000.0,4,Delhi NCR
4382,Tata Safari,Tata,2022,37192,Diesel,Auto,29027,1525000.0,4,Delhi NCR
4383,Tata ALTROZ,Tata,2023,31156,Petrol,Manual,11104,629000.0,3,Delhi NCR
4384,Mahindra XUV700,Mahindra,2022,19420,Petrol,Manual,22910,1338000.0,4,Delhi NCR
4385,Maruti IGNIS,Maruti,2021,33891,Petrol,Manual,8279,469000.00000000006,5,Delhi NCR
4386,KIA SONET,KIA,2022,45789,Petrol,Manual,13063,740000.0,4,Delhi NCR
4387,Hyundai Creta,Hyundai,2018,96619,Petrol,Manual,11298,640000.0,8,Delhi NCR
4388,KIA CARENS,KIA,2022,25292,Petrol,Manual,24691,1442000.0,4,Delhi NCR
4389,Honda City,Honda,2011,132531,Petrol,Manual,24691,400000.0,15,Delhi NCR
4390,KIA SONET,KIA,2021,56359,Petrol,Manual,10945,620000.0,5,Delhi NCR
4391,Hyundai Creta,Hyundai,2020,47105,Petrol,Auto,20547,1200000.0,6,Delhi NCR
4392,Tata Safari,Tata,2021,35274,Diesel,Auto,35984,1655000.0,5,Delhi NCR
4393,KIA SELTOS,KIA,2020,103653,Diesel,Auto,19750,750000.0,6,Delhi NCR
4394,Mahindra XUV700,Mahindra,2024,12858,Diesel,Auto,41094,2400000.0,2,Delhi NCR
4395,Maruti Vitara Brezza,Maruti,2018,65028,Diesel,Manual,28244,600000.0,8,Delhi NCR
4396,Hyundai Creta,Hyundai,2019,104096,Petrol,Manual,12234,550000.0,7,Delhi NCR
4397,Hyundai VENUE,Hyundai,2019,45166,Petrol,Auto,11792,668000.0,7,Delhi NCR
4398,Hyundai Creta,Hyundai,2021,112474,Diesel,Manual,19938,917000.0,5,Delhi NCR
4399,KIA SELTOS,KIA,2021,110031,Diesel,Auto,26091,1200000.0,5,Delhi NCR
4400,Maruti Grand Vitara,Maruti,2023,18446,Petrol,Manual,17208,1005000.0000000001,3,Delhi NCR
4401,Hyundai GRAND I10 NIOS,Hyundai,2022,26309,Petrol,Manual,8773,497000.0,4,Delhi NCR
4402,Hyundai Verna,Hyundai,2018,118483,Diesel,Manual,29091,618000.0,8,Delhi NCR
4403,Maruti Ciaz,Maruti,2018,106042,Petrol,Manual,10766,484000.0,8,Delhi NCR
4404,Nissan MAGNITE,Nissan,2021,73919,Petrol,Manual,8209,465000.00000000006,5,Delhi NCR
4405,Maruti Ciaz,Maruti,2014,126942,Petrol,Manual,9998,301000.0,12,Delhi NCR
4406,Tata Safari,Tata,2022,96760,Diesel,Manual,28475,1496000.0,4,Delhi NCR
4407,Mahindra Thar,Mahindra,2023,51840,Diesel,Manual,17979,1050000.0,3,Delhi NCR
4408,Honda Amaze,Honda,2021,48996,Petrol,Manual,11474,650000.0,5,Delhi NCR
4409,Mahindra XUV700,Mahindra,2022,32994,Petrol,Auto,29947,1748999.9999999998,4,Delhi NCR
4410,Mahindra Thar,Mahindra,2023,8805,Petrol,Auto,20067,1172000.0,3,Delhi NCR
4411,Hyundai Creta,Hyundai,2021,38503,Petrol,Manual,16420,959000.0,5,Delhi NCR
4412,Hyundai Creta,Hyundai,2016,105239,Diesel,Auto,16420,860000.0,10,Delhi NCR
4413,Hyundai Creta,Hyundai,2020,130155,Diesel,Auto,34504,1335000.0,6,Delhi NCR
4414,MG HECTOR,MG,2019,65612,Diesel,Manual,26273,791000.0,7,Delhi NCR
4415,MG ASTOR,MG,2023,23494,Petrol,Auto,17979,1050000.0,3,Delhi NCR
4416,Hyundai Creta,Hyundai,2019,44379,Petrol,Auto,13240,750000.0,7,Delhi NCR
4417,Maruti Vitara Brezza,Maruti,2016,153201,Diesel,Manual,13240,345000.0,10,Delhi NCR
4418,KIA SELTOS,KIA,2020,67781,Petrol,Auto,18013,1052000.0,6,Delhi NCR
4419,Toyota Innova Crysta,Toyota,2017,145112,Diesel,Auto,129833,1469000.0,9,Delhi NCR
4420,Mahindra XUV300,Mahindra,2020,140396,Diesel,Auto,17407,661000.0,6,Delhi NCR
4421,MG HECTOR,MG,2019,50441,Diesel,Manual,25243,760000.0,7,Delhi NCR
4422,Mahindra XUV 3XO,Mahindra,2024,22280,Petrol,Manual,17157,1002000.0,2,Delhi NCR
4423,Ford Ecosport,Ford,2019,99403,Diesel,Manual,16541,498000.00000000006,7,Delhi NCR
4424,Hyundai Creta,Hyundai,2017,169950,Diesel,Manual,46557,524000.0,9,Delhi NCR
4425,Renault Kiger,Renault,2021,30316,Petrol,Manual,10150,575000.0,5,Delhi NCR
4426,Hyundai Creta,Hyundai,2021,34339,Diesel,Manual,22264,1024000.0,5,Delhi NCR
4427,Tata Safari,Tata,2021,84909,Diesel,Auto,30439,1400000.0,5,Delhi NCR
4428,Mahindra MARAZZO,Mahindra,2019,121332,Diesel,Manual,17139,516000.0,7,Delhi NCR
4429,Mahindra XUV300,Mahindra,2021,77446,Petrol,Manual,10221,579000.0,5,Delhi NCR
4430,Mahindra SCORPIO-N,Mahindra,2023,72914,Diesel,Auto,28303,1653000.0,3,Delhi NCR
4431,Tata Hexa,Tata,2018,88105,Diesel,Auto,28244,600000.0,8,Delhi NCR
4432,Maruti Dzire,Maruti,2019,78880,Petrol,Manual,8473,480000.0,7,Delhi NCR
4433,KIA SONET,KIA,2020,29604,Petrol,Manual,12798,725000.0,6,Delhi NCR
4434,Tata Harrier,Tata,2020,61657,Diesel,Manual,28430,1100000.0,6,Delhi NCR
4435,Toyota Innova Crysta,Toyota,2022,23300,Petrol,Auto,31420,1835000.0000000002,4,Delhi NCR
4436,Maruti Vitara Brezza,Maruti,2019,124463,Diesel,Auto,13881,624000.0,7,Delhi NCR
4437,Ford Endeavour,Ford,2016,130000,Diesel,Auto,13881,1186000.0,10,Delhi NCR
4438,Honda City,Honda,2015,110974,Petrol,Auto,11376,432000.0,11,Delhi NCR
4439,Renault Duster,Renault,2021,34808,Petrol,Manual,13875,786000.0,5,Delhi NCR
4440,Mahindra XUV700,Mahindra,2022,46479,Diesel,Auto,33538,1762000.0,4,Delhi NCR
4441,Hyundai VENUE,Hyundai,2022,35340,Petrol,Manual,11474,650000.0,4,Delhi NCR
4442,Maruti Baleno,Maruti,2018,64183,Petrol,Manual,6708,380000.0,8,Delhi NCR
4443,Honda WR-V,Honda,2018,49669,Petrol,Manual,8385,475000.0,8,Delhi NCR
4444,Hyundai Verna,Hyundai,2021,23119,Petrol,Manual,14554,850000.0,5,Delhi NCR
4445,Hyundai Creta,Hyundai,2022,33960,Petrol,Auto,19691,1150000.0,4,Delhi NCR
4446,Maruti Ertiga,Maruti,2021,21451,Petrol,Manual,16095,940000.0,5,Delhi NCR
4447,Hyundai NEW I20 N LINE,Hyundai,2024,6791,Petrol,Manual,13698,800000.0,2,Delhi NCR
4448,Tata PUNCH,Tata,2023,17646,Petrol,Manual,10044,569000.0,3,Delhi NCR
4449,Hyundai VENUE,Hyundai,2019,92769,Diesel,Manual,22220,669000.0,7,Delhi NCR
4450,Hyundai Elite i20,Hyundai,2016,60430,Petrol,Manual,8520,383000.0,10,Delhi NCR
4451,Honda WR-V,Honda,2017,124921,Diesel,Manual,38649,434999.99999999994,9,Delhi NCR
4452,Maruti New Wagon-R,Maruti,2021,93650,Petrol,Manual,7555,428000.0,5,Delhi NCR
4453,Ford Ecosport,Ford,2018,122825,Diesel,Manual,21183,450000.0,8,Delhi NCR
4454,KIA CARENS,KIA,2022,51155,Petrol,Manual,17465,1019999.9999999999,4,Delhi NCR
4455,Maruti Ciaz,Maruti,2018,48669,Petrol,Manual,11633,659000.0,8,Delhi NCR
4456,Honda City,Honda,2022,30553,Petrol,Auto,18424,1076000.0,4,Delhi NCR
4457,Hyundai Creta,Hyundai,2018,177741,Diesel,Manual,22313,474000.0,8,Delhi NCR
4458,Maruti Swift,Maruti,2022,38566,Petrol,Auto,10256,581000.0,4,Delhi NCR
4459,Nissan MAGNITE,Nissan,2023,27721,Petrol,Manual,8438,478000.0,3,Delhi NCR
4460,Hyundai VENUE,Hyundai,2023,10004,Petrol,Manual,13345,756000.0,3,Delhi NCR
4461,Maruti Vitara Brezza,Maruti,2019,39544,Diesel,Auto,23084,695000.0,7,Delhi NCR
4462,Tata ALTROZ,Tata,2023,22935,Petrol,Manual,11563,655000.0,3,Delhi NCR
4463,Mahindra XUV300,Mahindra,2019,130466,Diesel,Manual,16607,500000.0,7,Delhi NCR
4464,Renault Duster,Renault,2018,88317,Petrol,Auto,7750,438999.99999999994,8,Delhi NCR
4465,Ford Ecosport,Ford,2018,99420,Petrol,Auto,8103,459000.0,8,Delhi NCR
4466,Tata Tiago,Tata,2019,53588,Diesel,Manual,11359,342000.0,7,Delhi NCR
4467,Tata ALTROZ,Tata,2023,50512,Petrol,Manual,10786,611000.0,3,Delhi NCR
4468,Mahindra XUV500,Mahindra,2019,52672,Diesel,Manual,32673,998000.0,7,Delhi NCR
4469,Maruti XL6,Maruti,2021,51818,Petrol,Manual,14554,850000.0,5,Delhi NCR
4470,Honda City,Honda,2019,69596,Petrol,Auto,11298,640000.0,7,Delhi NCR
4471,Ford Ecosport,Ford,2018,86409,Diesel,Manual,20336,432000.0,8,Delhi NCR
4472,Honda City,Honda,2020,21832,Petrol,Auto,16095,940000.0,6,Delhi NCR
4473,Mahindra XUV300,Mahindra,2019,94672,Diesel,Manual,17271,520000.0,7,Delhi NCR
4474,Toyota Corolla Altis,Toyota,2016,130110,Petrol,Auto,10566,475000.0,10,Delhi NCR
4475,Maruti New Wagon-R,Maruti,2023,43178,Petrol,Manual,7344,416000.0,3,Delhi NCR
4476,Honda City,Honda,2019,73007,Petrol,Auto,11439,648000.0,7,Delhi NCR
4477,MG HECTOR,MG,2021,95683,Petrol,Auto,16266,950000.0,5,Delhi NCR
4478,Hyundai Creta,Hyundai,2016,65224,Petrol,Manual,10855,488000.0,10,Delhi NCR
4479,Maruti Ciaz,Maruti,2020,99800,Petrol,Auto,11298,640000.0,6,Delhi NCR
4480,Hyundai Creta,Hyundai,2019,91276,Diesel,Auto,25741,775000.0,7,Delhi NCR
4481,Mahindra Thar,Mahindra,2021,11712,Petrol,Auto,18116,1058000.0,5,Delhi NCR
4482,Toyota URBAN CRUISER HYRYDER,Toyota,2022,74844,Hybrid,Auto,25084,1465000.0,4,Delhi NCR
4483,Tata Safari,Tata,2021,76331,Diesel,Auto,33918,1560000.0,5,Delhi NCR
4484,Maruti New Wagon-R,Maruti,2020,92247,Petrol,Manual,6390,362000.0,6,Delhi NCR
4485,Maruti Celerio,Maruti,2018,77567,Petrol,Manual,6196,351000.0,8,Delhi NCR
4486,Mahindra Thar,Mahindra,2022,15847,Diesel,Auto,29084,1528000.0,4,Delhi NCR
4487,Toyota URBAN CRUISER,Toyota,2022,79305,Petrol,Manual,11757,666000.0,4,Delhi NCR
4488,KIA SELTOS,KIA,2023,120844,Diesel,Manual,20655,950000.0,3,Delhi NCR
4489,Tata Tiago,Tata,2019,35700,Petrol,Manual,18287,1068000.0,7,Delhi NCR
4490,Hyundai Creta,Hyundai,2016,79700,Petrol,Manual,11122,500000.0,10,Delhi NCR
4491,Maruti Dzire,Maruti,2019,59682,Petrol,Manual,8067,457000.0,7,Delhi NCR
4492,Maruti Alto K10,Maruti,2019,136460,Petrol,Manual,5761,259000.0,7,Delhi NCR
4493,Maruti Baleno,Maruti,2018,65603,Diesel,Manual,18170,386000.0,8,Delhi NCR
4494,Hyundai Elite i20,Hyundai,2017,55866,Petrol,Manual,7957,407000.0,9,Delhi NCR
4495,Maruti New Wagon-R,Maruti,2024,40922,Petrol,Manual,8985,509000.0,2,Delhi NCR
4496,Hyundai Creta,Hyundai,2019,142097,Diesel,Auto,21589,650000.0,7,Delhi NCR
4497,Mahindra XUV500,Mahindra,2020,118253,Diesel,Auto,23778,919999.9999999999,6,Delhi NCR
4498,Hyundai VENUE,Hyundai,2021,78256,Petrol,Manual,10945,620000.0,5,Delhi NCR
4499,Hyundai AURA,Hyundai,2024,33009,Petrol,Manual,12410,703000.0,2,Delhi NCR
4500,Maruti Baleno,Maruti,2019,35988,Petrol,Auto,8650,490000.00000000006,7,Delhi NCR
4501,KIA SELTOS,KIA,2021,105063,Diesel,Manual,19155,881000.0,5,Delhi NCR
4502,Hyundai VENUE,Hyundai,2021,39551,Petrol,Manual,12639,716000.0,5,Delhi NCR
4503,Ford Ecosport,Ford,2016,152247,Petrol,Auto,8342,375000.0,10,Delhi NCR
4504,Maruti Swift,Maruti,2020,62580,Petrol,Manual,8862,501999.99999999994,6,Delhi NCR
4505,KIA SONET,KIA,2021,114738,Diesel,Manual,19438,894000.0,5,Delhi NCR
4506,Maruti Ertiga,Maruti,2016,38632,Diesel,Manual,19438,540000.0,10,Delhi NCR
4507,Ford Ecosport,Ford,2019,114196,Petrol,Manual,10010,450000.0,7,Delhi NCR
4508,Maruti Vitara Brezza,Maruti,2019,82413,Diesel,Manual,15511,467000.0,7,Delhi NCR
4509,Mahindra Thar Roxx,Mahindra,2025,12544,Petrol,Auto,38988,2277000.0,1,Delhi NCR
4510,Tata Harrier,Tata,2019,182986,Diesel,Manual,30742,939000.0,7,Delhi NCR
4511,Honda City,Honda,2013,45128,Petrol,Manual,15675,333000.0,13,Delhi NCR
4512,Maruti Vitara Brezza,Maruti,2018,80613,Diesel,Manual,25184,535000.0,8,Delhi NCR
4513,Hyundai VENUE,Hyundai,2020,68470,Petrol,Manual,11986,679000.0,6,Delhi NCR
4514,Maruti Ertiga,Maruti,2016,109894,Petrol,Manual,11189,503000.0,10,Delhi NCR
4515,Maruti New Wagon-R,Maruti,2023,21416,Petrol,Manual,8473,480000.0,3,Delhi NCR
4516,Maruti Swift,Maruti,2021,86724,Petrol,Auto,9215,522000.0,5,Delhi NCR
4517,Tata Safari,Tata,2022,46976,Diesel,Auto,29674,1559000.0,4,Delhi NCR
4518,Hyundai VENUE,Hyundai,2021,72475,Petrol,Auto,13328,755000.0,5,Delhi NCR
4519,KIA SONET,KIA,2022,45737,Petrol,Manual,13593,770000.0,4,Delhi NCR
4520,Mahindra XUV500,Mahindra,2017,56678,Diesel,Manual,60328,679000.0,9,Delhi NCR
4521,Tata NEXON,Tata,2017,121332,Diesel,Manual,38560,434000.0,9,Delhi NCR
4522,Maruti Grand Vitara,Maruti,2023,18965,Petrol,Manual,16266,950000.0,3,Delhi NCR
4523,Hyundai Creta,Hyundai,2020,51768,Diesel,Manual,23416,906000.0,6,Delhi NCR
4524,Hyundai Creta,Hyundai,2017,145878,Petrol,Manual,10010,450000.0,9,Delhi NCR
4525,Honda CRV,Honda,2012,164470,Petrol,Auto,23012,259000.0,14,Delhi NCR
4526,Tata PUNCH,Tata,2024,51897,Petrol,Manual,10980,622000.0,2,Delhi NCR
4527,Hyundai VENUE,Hyundai,2019,35617,Petrol,Auto,11563,655000.0,7,Delhi NCR
4528,Maruti New Wagon-R,Maruti,2021,25081,Petrol,Manual,7926,449000.0,5,Delhi NCR
4529,Hyundai VENUE,Hyundai,2019,59507,Petrol,Auto,11474,650000.0,7,Delhi NCR
4530,MG HECTOR PLUS,MG,2023,30001,Diesel,Manual,31009,1811000.0,3,Delhi NCR
4531,Hyundai Creta,Hyundai,2018,167734,Diesel,Auto,20721,952999.9999999999,8,Delhi NCR
4532,Hyundai Creta,Hyundai,2019,93772,Diesel,Manual,21423,645000.0,7,Delhi NCR
4533,KIA SONET,KIA,2022,44538,Petrol,Manual,13575,769000.0,4,Delhi NCR
4534,Hyundai Creta,Hyundai,2016,40757,Petrol,Auto,13347,600000.0,10,Delhi NCR
4535,Maruti New Wagon-R,Maruti,2020,76969,Petrol,Manual,6426,364000.0,6,Delhi NCR
4536,Hyundai Verna,Hyundai,2023,42163,Petrol,Auto,20838,1217000.0,3,Delhi NCR
4537,Maruti S Cross,Maruti,2018,62717,Diesel,Manual,25043,532000.0,8,Delhi NCR
4538,KIA CARENS,KIA,2023,82535,Diesel,Manual,19057,1113000.0,3,Delhi NCR
4539,Renault Duster,Renault,2016,95438,Diesel,Manual,19057,319000.0,10,Delhi NCR
4540,Tata NEXON,Tata,2024,4148,Petrol,Manual,15205,888000.0000000001,2,Delhi NCR
4541,KIA SONET,KIA,2021,119429,Diesel,Manual,21090,969999.9999999999,5,Delhi NCR
4542,Mahindra SCORPIO-N,Mahindra,2023,27532,Petrol,Auto,30735,1795000.0,3,Delhi NCR
4543,KIA SONET,KIA,2020,30540,Diesel,Manual,20676,800000.0,6,Delhi NCR
4544,Honda Amaze,Honda,2025,3247,Petrol,Manual,15410,900000.0,1,Delhi NCR
4545,Tata Tiago,Tata,2018,20105,Petrol,Auto,7344,416000.0,8,Delhi NCR
4546,Tata NEXON,Tata,2017,67915,Diesel,Manual,42203,475000.0,9,Delhi NCR
4547,KIA SELTOS,KIA,2020,50563,Petrol,Auto,16095,940000.0,6,Delhi NCR
4548,Maruti Vitara Brezza,Maruti,2017,45633,Diesel,Manual,44780,504000.0,9,Delhi NCR
4549,Hyundai VENUE N LINE,Hyundai,2023,22813,Petrol,Auto,16146,943000.0,3,Delhi NCR
4550,Hyundai VENUE,Hyundai,2020,93777,Diesel,Manual,18197,691000.0,6,Delhi NCR
4551,Hyundai Creta,Hyundai,2019,119532,Petrol,Manual,15126,680000.0,7,Delhi NCR
4552,KIA SELTOS,KIA,2024,33974,Petrol,Manual,22807,1332000.0,2,Delhi NCR
4553,Mahindra Thar,Mahindra,2022,58049,Diesel,Auto,26572,1396000.0,4,Delhi NCR
4554,Hyundai Creta,Hyundai,2024,27807,Petrol,Manual,17893,1044999.9999999999,2,Delhi NCR
4555,Mahindra Thar,Mahindra,2022,75666,Diesel,Auto,25487,1339000.0,4,Delhi NCR
4556,Toyota Corolla Altis,Toyota,2014,85920,Petrol,Manual,11725,353000.0,12,Delhi NCR
4557,Maruti Ciaz,Maruti,2014,103924,Petrol,Manual,9964,300000.0,12,Delhi NCR
4558,KIA SELTOS,KIA,2021,125903,Petrol,Manual,22656,1042000.0,5,Delhi NCR
4559,Tata ALTROZ,Tata,2023,32906,Petrol,Manual,12445,705000.0,3,Delhi NCR
