,Car Name,Brand,Year of Manufacture,Distance Driven,Fuel Type,Transmission Type,EMI,Price
0,Maruti New Wagon-R,Maruti,2019,"74,374 km",Petrol,Manual,"EMI ₹5,719/m*",₹3.24 lakh
1,Maruti Swift Dzire,Maruti,2014,"74,621 km",Petrol,Manual,"EMI ₹8,757/m*",₹2.64 lakh
2,KIA SONET,KIA,2020,"90,869 km",Petrol,Manual,"EMI ₹10,494/m*",₹5.94 lakh
3,Renault Kiger,Renault,2024,"8,350 km",Petrol,Auto,"EMI ₹10,446/m*",₹5.92 lakh
4,MG ASTOR,MG,2023,"48,521 km",Petrol,Auto,"EMI ₹15,858/m*",₹9.26 lakh
5,Mahindra XUV700,Mahindra,2023,"25,176 km",Petrol,Manual,"EMI ₹22,883/m*",₹13.36 lakh
6,Renault Duster,Renault,2021,"47,541 km",Petrol,Auto,"EMI ₹13,409/m*",₹7.60 lakh
7,MG HECTOR,MG,2019,"52,206 km",Petrol,Auto,"EMI ₹17,379/m*",₹10.15 lakh
8,MG HECTOR,MG,2023,"15,809 km",Petrol,Auto,"EMI ₹25,512/m*",₹14.90 lakh
9,KIA SELTOS,KIA,2020,"16,459 km",Petrol,Manual,"EMI ₹16,266/m*",₹9.50 lakh
10,Toyota Fortuner,Toyota,2020,"48,819 km",Diesel,Auto,"EMI ₹71,075/m*",₹27.50 lakh
11,Renault Kiger,Renault,2022,"57,927 km",Petrol,Manual,"EMI ₹6,532/m*",₹3.70 lakh
12,Maruti Vitara Brezza,Maruti,2021,"52,923 km",Petrol,Manual,"EMI ₹8,643/m*",₹4.90 lakh
13,Tata Safari,Tata,2021,"43,449 km",Diesel,Auto,"EMI ₹28,265/m*",₹13.00 lakh
14,Volkswagen VIRTUS,Volkswagen,2022,"47,712 km",Petrol,Manual,"EMI ₹12,198/m*",₹6.91 lakh
15,Renault Kwid,Renault,2017,"75,770 km",Petrol,Manual,"EMI ₹3,128/m*",₹1.60 lakh
16,Maruti Baleno,Maruti,2023,"47,454 km",Petrol,Manual,"EMI ₹8,473/m*",₹4.80 lakh
17,Renault Kwid,Renault,2019,"63,301 km",Petrol,Manual,"EMI ₹3,495/m*",₹1.98 lakh
18,Maruti Swift,Maruti,2016,"48,436 km",Petrol,Manual,"EMI ₹5,806/m*",₹2.61 lakh
19,Nissan MAGNITE,Nissan,2023,"60,570 km",Petrol,Manual,"EMI ₹6,814/m*",₹3.86 lakh
20,Mahindra Thar,Mahindra,2022,"30,690 km",Petrol,Manual,"EMI ₹20,119/m*",₹11.75 lakh
21,Maruti Alto 800,Maruti,2017,"29,630 km",Petrol,Manual,"EMI ₹3,548/m*",₹1.81 lakh
22,Tata Harrier,Tata,2020,"84,776 km",Diesel,Manual,"EMI ₹20,728/m*",₹8.02 lakh
23,Mahindra XUV700,Mahindra,2022,"41,024 km",Petrol,Manual,"EMI ₹23,115/m*",₹13.50 lakh
24,Mahindra Scorpio,Mahindra,2019,"35,267 km",Diesel,Manual,"EMI ₹28,745/m*",₹8.78 lakh
25,Toyota Fortuner,Toyota,2023,"83,352 km",Diesel,Auto,"EMI ₹55,477/m*",₹32.40 lakh
26,Toyota Fortuner,Toyota,2018,"1,58,439 km",Diesel,Manual,"EMI ₹77,276/m*",₹16.58 lakh
27,Hyundai Verna,Hyundai,2019,"51,996 km",Petrol,Auto,"EMI ₹12,304/m*",₹6.97 lakh
28,Tata PUNCH,Tata,2023,"46,004 km",Petrol,Manual,"EMI ₹8,543/m*",₹4.84 lakh
29,Hyundai Creta,Hyundai,2020,"88,094 km",Diesel,Manual,"EMI ₹18,987/m*",₹7.21 lakh
30,Volkswagen Polo,Volkswagen,2021,"58,213 km",Petrol,Manual,"EMI ₹7,997/m*",₹4.53 lakh
31,Hyundai Verna,Hyundai,2018,"52,177 km",Petrol,Manual,"EMI ₹9,568/m*",₹5.42 lakh
32,KIA SELTOS,KIA,2023,"43,943 km",Diesel,Manual,"EMI ₹14,451/m*",₹8.44 lakh
33,Maruti Wagon R 1.0,Maruti,2013,"98,532 km",Petrol,Manual,"EMI ₹5,790/m*",₹1.23 lakh
34,Tata Safari,Tata,2021,"64,038 km",Diesel,Manual,"EMI ₹24,786/m*",₹11.40 lakh
35,Hyundai Tucson,Hyundai,2024,"14,376 km",Petrol,Auto,"EMI ₹43,662/m*",₹25.50 lakh
36,BMW 3 Series,BMW,2019,"69,884 km",Diesel,Auto,"EMI ₹76,936/m*",₹23.50 lakh
37,KIA CARNIVAL,KIA,2025,"10,558 km",Diesel,Auto,"EMI ₹107,015/m*",₹62.50 lakh
38,Maruti Baleno,Maruti,2015,"53,068 km",Petrol,Manual,"EMI ₹6,794/m*",₹2.58 lakh
39,Mahindra XUV 3XO,Mahindra,2024,"14,838 km",Diesel,Auto,"EMI ₹14,777/m*",₹8.63 lakh
40,Maruti Swift,Maruti,2014,"61,207 km",Petrol,Manual,"EMI ₹6,477/m*",₹1.95 lakh
41,Tata ALTROZ,Tata,2022,"45,910 km",Petrol,Manual,"EMI ₹6,708/m*",₹3.80 lakh
42,Tata NEXON EV,Tata,2024,"29,329 km",Electric,Auto,"EMI ₹25,256/m*",₹14.75 lakh
43,Skoda Kodiaq,Skoda,2023,"60,781 km",Petrol,Auto,"EMI ₹44,518/m*",₹26.00 lakh
44,Mahindra BE 6e,Mahindra,2025,"3,651 km",Electric,Auto,"EMI ₹41,094/m*",₹24.00 lakh
45,Hyundai ALCAZAR,Hyundai,2024,"4,227 km",Petrol,Auto,"EMI ₹32,105/m*",₹18.75 lakh
46,Maruti Swift,Maruti,2019,"47,053 km",Petrol,Manual,"EMI ₹6,620/m*",₹3.75 lakh
47,Mahindra XUV700,Mahindra,2024,"20,913 km",Diesel,Auto,"EMI ₹39,382/m*",₹23.00 lakh
48,Honda Amaze,Honda,2021,"39,068 km",CNG,Manual,"EMI ₹10,429/m*",₹5.91 lakh
49,Hyundai Verna,Hyundai,2024,"31,194 km",Petrol,Manual,"EMI ₹17,367/m*",₹10.14 lakh
50,Volkswagen Polo,Volkswagen,2020,"33,751 km",Petrol,Manual,"EMI ₹6,814/m*",₹3.86 lakh
51,Hyundai EXTER,Hyundai,2024,"10,309 km",Petrol,Auto,"EMI ₹14,982/m*",₹8.75 lakh
52,Mahindra XUV300,Mahindra,2020,"76,769 km",Petrol,Manual,"EMI ₹7,523/m*",₹4.26 lakh
53,Audi A6,Audi,2021,"31,259 km",Petrol,Auto,"EMI ₹58,216/m*",₹34.00 lakh
54,Maruti Swift,Maruti,2018,"64,451 km",Petrol,Manual,"EMI ₹6,373/m*",₹3.61 lakh
55,Mahindra SCORPIO-N,Mahindra,2023,"43,965 km",Diesel,Auto,"EMI ₹31,677/m*",₹18.50 lakh
56,Skoda Superb,Skoda,2021,"33,492 km",Petrol,Auto,"EMI ₹44,518/m*",₹26.00 lakh
57,MG HECTOR PLUS,MG,2024,"24,606 km",Petrol,Auto,"EMI ₹31,677/m*",₹18.50 lakh
58,Honda WR-V,Honda,2021,"68,250 km",Diesel,Manual,"EMI ₹11,278/m*",₹5.07 lakh
59,Jeep Compass,Jeep,2019,"50,367 km",Petrol,Auto,"EMI ₹15,410/m*",₹9.00 lakh
60,MG GLOSTER,MG,2022,"8,603 km",Diesel,Auto,"EMI ₹59,006/m*",₹31.00 lakh
61,Skoda Superb,Skoda,2017,"36,581 km",Petrol,Auto,"EMI ₹24,268/m*",₹12.75 lakh
62,Datsun Redi Go,Datsun,2020,"25,838 km",Petrol,Manual,"EMI ₹3,283/m*",₹1.86 lakh
63,Mahindra SCORPIO-N,Mahindra,2023,"79,841 km",Diesel,Manual,"EMI ₹29,091/m*",₹16.99 lakh
64,Tata NEXON,Tata,2018,"72,470 km",Petrol,Manual,"EMI ₹5,825/m*",₹3.30 lakh
65,Hyundai VENUE,Hyundai,2022,"78,722 km",Petrol,Manual,"EMI ₹10,367/m*",₹5.87 lakh
66,Mercedes Benz GLC CLASS,Mercedes,2021,"27,513 km",Petrol,Auto,"EMI ₹67,634/m*",₹39.50 lakh
67,Hyundai Tucson,Hyundai,2023,"19,023 km",Diesel,Auto,"EMI ₹45,374/m*",₹26.50 lakh
68,Hyundai Tucson,Hyundai,2022,"17,916 km",Petrol,Auto,"EMI ₹40,238/m*",₹23.50 lakh
69,Honda Amaze,Honda,2022,"44,853 km",Petrol,Manual,"EMI ₹7,767/m*",₹4.40 lakh
70,Volkswagen Polo,Volkswagen,2019,"39,462 km",Petrol,Auto,"EMI ₹9,977/m*",₹5.65 lakh
71,Renault Kiger,Renault,2022,"83,215 km",Petrol,Manual,"EMI ₹6,390/m*",₹3.62 lakh
72,Volkswagen TAIGUN,Volkswagen,2022,"62,917 km",Petrol,Manual,"EMI ₹11,704/m*",₹6.63 lakh
73,Honda Amaze,Honda,2019,"47,426 km",Petrol,Auto,"EMI ₹7,079/m*",₹4.01 lakh
74,Honda City,Honda,2020,"89,920 km",Petrol,Auto,"EMI ₹9,727/m*",₹5.51 lakh
75,Maruti Swift,Maruti,2024,"42,012 km",Petrol,Manual,"EMI ₹9,780/m*",₹5.54 lakh
76,BMW X1,BMW,2018,"69,892 km",Diesel,Auto,"EMI ₹76,903/m*",₹16.50 lakh
77,Maruti Celerio,Maruti,2014,"92,764 km",Petrol,Manual,"EMI ₹4,650/m*",₹1.40 lakh
78,Honda Civic,Honda,2019,"70,935 km",Petrol,Auto,"EMI ₹16,181/m*",₹9.45 lakh
79,Maruti Alto K10,Maruti,2018,"67,276 km",Petrol,Manual,"EMI ₹3,601/m*",₹2.04 lakh
80,BMW 3 Series,BMW,2017,"29,226 km",Diesel,Auto,"EMI ₹172,344/m*",₹19.50 lakh
81,ISUZU D-Max V Cross,ISUZU,2022,"46,876 km",Diesel,Auto,"EMI ₹39,020/m*",₹20.50 lakh
82,KIA SONET,KIA,2024,"14,386 km",Petrol,Auto,"EMI ₹18,407/m*",₹10.75 lakh
83,Honda Amaze,Honda,2014,"91,353 km",Petrol,Manual,"EMI ₹5,348/m*",₹1.61 lakh
84,Hyundai Elite i20,Hyundai,2017,"74,204 km",Petrol,Manual,"EMI ₹6,354/m*",₹3.25 lakh
85,Hyundai Verna,Hyundai,2019,"75,966 km",Petrol,Manual,"EMI ₹10,661/m*",₹6.04 lakh
86,Hyundai Verna,Hyundai,2018,"24,996 km",Petrol,Manual,"EMI ₹8,584/m*",₹4.86 lakh
87,Ford Ecosport,Ford,2018,"26,424 km",Diesel,Manual,"EMI ₹23,772/m*",₹5.05 lakh
88,Ford New Figo,Ford,2021,"21,674 km",Petrol,Manual,"EMI ₹6,916/m*",₹3.92 lakh
89,KIA SELTOS,KIA,2019,"76,363 km",Petrol,Manual,"EMI ₹16,640/m*",₹9.72 lakh
90,Hyundai NEW I20,Hyundai,2022,"19,259 km",Petrol,Manual,"EMI ₹9,356/m*",₹5.30 lakh
91,KIA SONET,KIA,2020,"38,236 km",Petrol,Manual,"EMI ₹9,938/m*",₹5.63 lakh
92,Tata Tiago,Tata,2023,"30,462 km",Petrol,Manual,"EMI ₹6,708/m*",₹3.80 lakh
93,Audi A3,Audi,2018,"24,077 km",Petrol,Auto,"EMI ₹27,396/m*",₹16.00 lakh
94,KIA SELTOS,KIA,2020,"69,741 km",Petrol,Manual,"EMI ₹11,580/m*",₹6.56 lakh
95,Honda WR-V,Honda,2018,"37,015 km",Petrol,Manual,"EMI ₹6,584/m*",₹3.73 lakh
96,ISUZU D-Max V Cross,ISUZU,2018,"1,14,493 km",Diesel,Manual,"EMI ₹58,260/m*",₹12.50 lakh
97,Maruti Ertiga,Maruti,2024,"18,586 km",CNG,Manual,"EMI ₹15,753/m*",₹9.20 lakh
98,Skoda KUSHAQ,Skoda,2025,"20,617 km",Petrol,Manual,"EMI ₹12,992/m*",₹7.36 lakh
99,Hyundai VENUE,Hyundai,2021,"34,800 km",Petrol,Manual,"EMI ₹9,903/m*",₹5.61 lakh
100,Tata ALTROZ,Tata,2021,"73,822 km",Diesel,Manual,"EMI ₹15,122/m*",₹6.80 lakh
101,Tata NEXON,Tata,2022,"24,704 km",Petrol,Manual,"EMI ₹10,314/m*",₹5.84 lakh
102,Mercedes Benz S Class,Mercedes,2014,"54,082 km",Diesel,Auto,"EMI ₹10,314/m*",₹27.50 lakh
103,Maruti Alto 800,Maruti,2013,"17,608 km",Petrol,Manual,"EMI ₹5,884/m*",₹1.25 lakh
104,Mahindra Kuv100,Mahindra,2018,"68,537 km",Diesel,Manual,"EMI ₹12,554/m*",₹2.67 lakh
105,Ford Ecosport,Ford,2019,"28,638 km",Petrol,Manual,"EMI ₹8,826/m*",₹5.00 lakh
106,Toyota Camry,Toyota,2024,"5,399 km",Hybrid,Auto,"EMI ₹66,778/m*",₹39.00 lakh
107,KIA SELTOS,KIA,2019,"36,269 km",Petrol,Manual,"EMI ₹13,336/m*",₹7.55 lakh
108,Maruti Swift,Maruti,2021,"30,386 km",Petrol,Manual,"EMI ₹9,356/m*",₹5.30 lakh
109,Toyota Camry,Toyota,2023,"15,756 km",Hybrid,Auto,"EMI ₹59,757/m*",₹34.90 lakh
110,Maruti Swift Dzire,Maruti,2021,"57,071 km",CNG,Manual,"EMI ₹7,750/m*",₹4.39 lakh
111,KIA SELTOS,KIA,2022,"39,349 km",Diesel,Manual,"EMI ₹20,238/m*",₹10.63 lakh
112,Hyundai Creta,Hyundai,2017,"72,611 km",Petrol,Manual,"EMI ₹8,307/m*",₹4.25 lakh
113,MG HECTOR,MG,2020,"66,365 km",Petrol,Auto,"EMI ₹13,628/m*",₹7.72 lakh
114,Maruti Alto K10,Maruti,2017,"66,405 km",Petrol,Manual,"EMI ₹3,793/m*",₹1.94 lakh
115,Skoda SLAVIA,Skoda,2022,"39,259 km",Petrol,Manual,"EMI ₹12,904/m*",₹7.31 lakh
116,Tata Safari,Tata,2022,"66,510 km",Diesel,Manual,"EMI ₹18,844/m*",₹9.90 lakh
117,MG HECTOR,MG,2021,"73,136 km",Diesel,Manual,"EMI ₹18,655/m*",₹8.58 lakh
118,Volkswagen Polo,Volkswagen,2016,"62,351 km",Petrol,Manual,"EMI ₹6,028/m*",₹2.71 lakh
119,Hyundai Grand i10,Hyundai,2018,"94,763 km",Petrol,Manual,"EMI ₹4,784/m*",₹2.71 lakh
120,Maruti Swift,Maruti,2018,"59,746 km",Petrol,Auto,"EMI ₹7,059/m*",₹4.00 lakh
121,Maruti Swift,Maruti,2019,"36,634 km",Petrol,Auto,"EMI ₹8,597/m*",₹4.87 lakh
122,Ford Ecosport,Ford,2017,"83,374 km",Petrol,Manual,"EMI ₹7,058/m*",₹3.61 lakh
123,Nissan MAGNITE,Nissan,2021,"33,810 km",Petrol,Manual,"EMI ₹7,520/m*",₹4.26 lakh
124,Hyundai i10,Hyundai,2012,"1,00,643 km",Petrol,Manual,"EMI ₹8,672/m*",₹0.98 lakh
125,Skoda KUSHAQ,Skoda,2022,"64,116 km",Petrol,Manual,"EMI ₹12,904/m*",₹7.31 lakh
126,Renault Duster,Renault,2017,"85,995 km",Petrol,Auto,"EMI ₹7,429/m*",₹3.80 lakh
127,Ford Ecosport,Ford,2016,"72,113 km",Petrol,Manual,"EMI ₹6,184/m*",₹2.78 lakh
128,Maruti Vitara Brezza,Maruti,2022,"38,066 km",Petrol,Manual,"EMI ₹10,495/m*",₹5.95 lakh
129,Mahindra XUV700,Mahindra,2024,"12,231 km",Petrol,Auto,"EMI ₹31,248/m*",₹18.25 lakh
130,Maruti Swift,Maruti,2017,"29,091 km",Petrol,Manual,"EMI ₹5,613/m*",₹2.87 lakh
131,Maruti Baleno,Maruti,2017,"54,849 km",Petrol,Manual,"EMI ₹5,748/m*",₹2.94 lakh
132,Hyundai Creta,Hyundai,2023,"37,322 km",Petrol,Manual,"EMI ₹17,102/m*",₹9.99 lakh
133,Maruti Wagon R 1.0,Maruti,2018,"57,443 km",Petrol,Manual,"EMI ₹3,919/m*",₹2.22 lakh
134,Hyundai VENUE,Hyundai,2021,"53,312 km",Petrol,Manual,"EMI ₹9,427/m*",₹5.34 lakh
135,Ford Ecosport,Ford,2019,"59,310 km",Petrol,Manual,"EMI ₹8,314/m*",₹4.71 lakh
136,Honda City,Honda,2020,"78,966 km",Petrol,Manual,"EMI ₹13,769/m*",₹7.80 lakh
137,Hyundai Verna,Hyundai,2021,"37,722 km",Petrol,Manual,"EMI ₹13,769/m*",₹7.80 lakh
138,Hyundai Verna,Hyundai,2018,"25,871 km",Petrol,Manual,"EMI ₹10,309/m*",₹5.84 lakh
139,Maruti Alto,Maruti,2020,"6,421 km",Petrol,Manual,"EMI ₹4,424/m*",₹2.51 lakh
140,Maruti Swift,Maruti,2016,"57,222 km",Petrol,Manual,"EMI ₹6,028/m*",₹2.71 lakh
141,Hyundai Verna,Hyundai,2014,"27,848 km",Petrol,Auto,"EMI ₹10,874/m*",₹3.27 lakh
142,Tata ALTROZ,Tata,2021,"42,989 km",Petrol,Manual,"EMI ₹6,796/m*",₹3.85 lakh
143,Hyundai Elite i20,Hyundai,2017,"79,297 km",Petrol,Manual,"EMI ₹7,459/m*",₹3.82 lakh
144,Toyota Innova Crysta,Toyota,2018,"92,199 km",Petrol,Manual,"EMI ₹16,720/m*",₹9.76 lakh
145,Tata NEXON,Tata,2024,"20,901 km",CNG,Manual,"EMI ₹13,773/m*",₹7.80 lakh
146,Volkswagen Vento,Volkswagen,2016,"83,034 km",Petrol,Auto,"EMI ₹7,919/m*",₹3.56 lakh
147,Hyundai VENUE,Hyundai,2019,"46,131 km",Petrol,Manual,"EMI ₹8,082/m*",₹4.58 lakh
148,Renault Kiger,Renault,2022,"25,917 km",Petrol,Manual,"EMI ₹8,175/m*",₹4.63 lakh
149,Honda City,Honda,2022,"87,931 km",CNG,Auto,"EMI ₹14,588/m*",₹8.52 lakh
150,Hyundai Eon,Hyundai,2016,"53,770 km",Petrol,Manual,"EMI ₹3,448/m*",₹1.55 lakh
151,Hyundai Verna,Hyundai,2018,"78,038 km",Petrol,Manual,"EMI ₹9,356/m*",₹5.30 lakh
152,Renault TRIBER,Renault,2021,"52,312 km",Petrol,Manual,"EMI ₹6,660/m*",₹3.77 lakh
153,Renault Kwid,Renault,2016,"41,281 km",Petrol,Manual,"EMI ₹3,314/m*",₹1.49 lakh
154,MG HECTOR,MG,2019,"59,525 km",Petrol,Manual,"EMI ₹13,840/m*",₹7.84 lakh
155,KIA SELTOS,KIA,2019,"74,448 km",Petrol,Manual,"EMI ₹12,304/m*",₹6.97 lakh
156,Toyota Innova Crysta,Toyota,2017,"61,710 km",Petrol,Auto,"EMI ₹18,787/m*",₹9.87 lakh
157,Tata Harrier,Tata,2024,"19,734 km",Diesel,Auto,"EMI ₹37,669/m*",₹22.00 lakh
158,Hyundai Creta,Hyundai,2018,"60,320 km",Petrol,Auto,"EMI ₹10,433/m*",₹5.91 lakh
159,Maruti Vitara Brezza,Maruti,2021,"82,149 km",Petrol,Manual,"EMI ₹10,239/m*",₹5.80 lakh
160,Toyota Corolla Altis,Toyota,2018,"48,588 km",Petrol,Auto,"EMI ₹14,194/m*",₹8.29 lakh
161,Maruti Alto 800,Maruti,2019,"45,382 km",CNG,Manual,"EMI ₹4,790/m*",₹2.45 lakh
162,Jeep Compass,Jeep,2019,"71,588 km",Petrol,Auto,"EMI ₹13,291/m*",₹7.53 lakh
163,KIA SELTOS,KIA,2020,"95,398 km",Petrol,Manual,"EMI ₹10,962/m*",₹6.21 lakh
164,Maruti Baleno,Maruti,2018,"52,863 km",Petrol,Manual,"EMI ₹5,984/m*",₹3.39 lakh
165,Tata Tiago,Tata,2020,"34,367 km",Petrol,Manual,"EMI ₹6,655/m*",₹3.77 lakh
166,Datsun Go,Datsun,2020,"70,667 km",Petrol,Manual,"EMI ₹4,078/m*",₹2.31 lakh
167,Tata PUNCH,Tata,2023,"2,591 km",Petrol,Manual,"EMI ₹9,495/m*",₹5.38 lakh
168,KIA SONET,KIA,2021,"45,633 km",Petrol,Auto,"EMI ₹12,322/m*",₹6.98 lakh
169,Mahindra XUV300,Mahindra,2021,"1,18,148 km",Petrol,Manual,"EMI ₹10,900/m*",₹4.90 lakh
170,Hyundai Elite i20,Hyundai,2019,"36,435 km",Petrol,Manual,"EMI ₹7,167/m*",₹4.06 lakh
171,Maruti Baleno,Maruti,2020,"98,253 km",Petrol,Manual,"EMI ₹7,705/m*",₹4.36 lakh
172,Volkswagen TAIGUN,Volkswagen,2022,"17,892 km",Petrol,Auto,"EMI ₹15,068/m*",₹8.80 lakh
173,Toyota Urban Cruiser Taisor,Toyota,2024,"1,840 km",Petrol,Manual,"EMI ₹16,027/m*",₹9.36 lakh
174,Honda City,Honda,2018,"48,398 km",Petrol,Manual,"EMI ₹8,103/m*",₹4.59 lakh
175,Maruti Ertiga,Maruti,2021,"89,102 km",Petrol,Manual,"EMI ₹11,951/m*",₹6.77 lakh
176,Maruti Baleno,Maruti,2017,"76,921 km",Petrol,Manual,"EMI ₹7,163/m*",₹3.66 lakh
177,Ford Ecosport,Ford,2019,"33,076 km",Petrol,Manual,"EMI ₹9,056/m*",₹5.13 lakh
178,Honda City,Honda,2016,"86,668 km",Petrol,Manual,"EMI ₹8,595/m*",₹3.86 lakh
179,Honda Brio,Honda,2014,"70,678 km",Petrol,Manual,"EMI ₹6,677/m*",₹2.01 lakh
180,Renault Kwid,Renault,2024,"19,926 km",Petrol,Manual,"EMI ₹7,823/m*",₹4.43 lakh
181,Maruti Alto K10,Maruti,2019,"74,835 km",Petrol,Manual,"EMI ₹4,396/m*",₹2.49 lakh
182,Renault TRIBER,Renault,2022,"1,01,614 km",Petrol,Manual,"EMI ₹7,185/m*",₹3.23 lakh
183,Maruti JIMNY,Maruti,2025,"2,589 km",Petrol,Auto,"EMI ₹20,804/m*",₹12.15 lakh
184,Hyundai Creta,Hyundai,2018,"53,390 km",Petrol,Auto,"EMI ₹11,122/m*",₹6.30 lakh
185,KIA SELTOS,KIA,2019,"74,030 km",Diesel,Auto,"EMI ₹27,009/m*",₹8.25 lakh
186,Toyota Glanza,Toyota,2021,"39,544 km",Petrol,Manual,"EMI ₹8,279/m*",₹4.69 lakh
187,Toyota YARIS,Toyota,2018,"69,389 km",Petrol,Auto,"EMI ₹7,961/m*",₹4.51 lakh
188,Tata Tiago,Tata,2023,"34,833 km",Petrol,Manual,"EMI ₹7,512/m*",₹4.26 lakh
189,Renault Kiger,Renault,2021,"38,927 km",Petrol,Manual,"EMI ₹6,355/m*",₹3.60 lakh
190,Hyundai Elite i20,Hyundai,2015,"51,764 km",Petrol,Manual,"EMI ₹7,005/m*",₹2.66 lakh
191,Renault TRIBER,Renault,2019,"61,337 km",CNG,Manual,"EMI ₹6,862/m*",₹3.51 lakh
192,Honda BR-V,Honda,2016,"53,594 km",Petrol,Manual,"EMI ₹10,526/m*",₹4.73 lakh
193,Ford Ecosport,Ford,2017,"1,49,754 km",Diesel,Manual,"EMI ₹37,640/m*",₹4.24 lakh
194,Tata ALTROZ,Tata,2022,"58,361 km",Petrol,Manual,"EMI ₹7,714/m*",₹4.37 lakh
195,Maruti Ertiga,Maruti,2017,"78,498 km",CNG,Manual,"EMI ₹12,553/m*",₹4.77 lakh
196,Maruti Celerio X,Maruti,2019,"30,013 km",Petrol,Manual,"EMI ₹5,238/m*",₹2.97 lakh
197,Hyundai Grand i10,Hyundai,2016,"26,981 km",Petrol,Manual,"EMI ₹5,405/m*",₹2.43 lakh
198,Skoda Octavia,Skoda,2019,"86,569 km",Petrol,Auto,"EMI ₹19,297/m*",₹11.27 lakh
199,Maruti Baleno,Maruti,2018,"91,650 km",Petrol,Auto,"EMI ₹7,638/m*",₹4.33 lakh
200,Hyundai Grand i10,Hyundai,2018,"36,128 km",Petrol,Manual,"EMI ₹5,830/m*",₹3.30 lakh
201,Honda City,Honda,2017,"28,344 km",Petrol,Auto,"EMI ₹9,110/m*",₹4.66 lakh
202,Maruti Dzire,Maruti,2019,"54,316 km",Petrol,Auto,"EMI ₹7,149/m*",₹4.05 lakh
203,Tata NEXON,Tata,2021,"86,573 km",Petrol,Auto,"EMI ₹8,756/m*",₹4.96 lakh
204,MG HECTOR,MG,2019,"65,518 km",Petrol,Auto,"EMI ₹14,794/m*",₹8.64 lakh
205,Hyundai Creta,Hyundai,2018,"55,657 km",Petrol,Auto,"EMI ₹11,122/m*",₹6.30 lakh
206,Hyundai EXTER,Hyundai,2023,"48,641 km",CNG,Manual,"EMI ₹10,503/m*",₹5.95 lakh
207,Tata NEXON,Tata,2023,"39,337 km",Petrol,Manual,"EMI ₹10,009/m*",₹5.67 lakh
208,Ford Ecosport,Ford,2020,"89,671 km",Petrol,Manual,"EMI ₹8,367/m*",₹4.74 lakh
209,Toyota Etios,Toyota,2015,"64,189 km",CNG,Manual,"EMI ₹11,957/m*",₹2.54 lakh
210,Ford Ecosport,Ford,2016,"60,315 km",Petrol,Auto,"EMI ₹7,318/m*",₹3.29 lakh
211,Renault Duster,Renault,2019,"75,991 km",Diesel,Manual,"EMI ₹13,286/m*",₹4.00 lakh
212,Ford Ecosport,Ford,2018,"38,205 km",Petrol,Manual,"EMI ₹7,344/m*",₹4.16 lakh
213,Tata NEXON,Tata,2023,"5,562 km",Petrol,Manual,"EMI ₹14,873/m*",₹8.69 lakh
214,Hyundai NEW I20 N LINE,Hyundai,2021,"65,947 km",Petrol,Manual,"EMI ₹10,609/m*",₹6.01 lakh
215,Skoda SLAVIA,Skoda,2022,"41,251 km",Petrol,Manual,"EMI ₹17,623/m*",₹10.29 lakh
216,Hyundai Elite i20,Hyundai,2015,"54,437 km",Petrol,Manual,"EMI ₹7,531/m*",₹2.86 lakh
217,Tata ALTROZ,Tata,2022,"33,014 km",Petrol,Manual,"EMI ₹8,085/m*",₹4.58 lakh
218,Renault Kiger,Renault,2022,"33,351 km",Petrol,Manual,"EMI ₹8,261/m*",₹4.68 lakh
219,Toyota Glanza,Toyota,2020,"57,041 km",Petrol,Manual,"EMI ₹7,347/m*",₹4.16 lakh
220,Maruti Alto K10,Maruti,2025,"6,308 km",Petrol,Manual,"EMI ₹6,214/m*",₹3.52 lakh
221,Nissan MAGNITE,Nissan,2022,"37,048 km",Petrol,Manual,"EMI ₹6,708/m*",₹3.80 lakh
222,Hyundai i10,Hyundai,2014,"42,584 km",Petrol,Manual,"EMI ₹6,649/m*",₹2.00 lakh
223,Nissan MAGNITE,Nissan,2021,"21,302 km",Petrol,Manual,"EMI ₹7,876/m*",₹4.46 lakh
224,Hyundai Creta,Hyundai,2020,"58,280 km",Petrol,Auto,"EMI ₹16,985/m*",₹9.92 lakh
225,Tata TIGOR,Tata,2023,"60,776 km",CNG,Manual,"EMI ₹7,714/m*",₹4.37 lakh
226,MG HECTOR,MG,2020,"21,627 km",Petrol,Auto,"EMI ₹15,144/m*",₹8.84 lakh
227,Hyundai Creta,Hyundai,2022,"79,869 km",Petrol,Manual,"EMI ₹16,626/m*",₹9.71 lakh
228,Hyundai GRAND I10 NIOS,Hyundai,2021,"43,900 km",Petrol,Manual,"EMI ₹7,326/m*",₹4.15 lakh
229,Ford Ecosport,Ford,2017,"73,655 km",Petrol,Manual,"EMI ₹7,273/m*",₹3.72 lakh
230,Nissan MAGNITE,Nissan,2023,"16,395 km",Petrol,Auto,"EMI ₹11,827/m*",₹6.70 lakh
231,Tata NEXON,Tata,2019,"59,707 km",CNG,Manual,"EMI ₹8,758/m*",₹4.48 lakh
232,Mahindra XUV300,Mahindra,2021,"31,263 km",Petrol,Manual,"EMI ₹10,239/m*",₹5.80 lakh
233,Hyundai Elite i20,Hyundai,2017,"90,588 km",Petrol,Manual,"EMI ₹6,921/m*",₹3.54 lakh
234,Hyundai Creta,Hyundai,2019,"69,387 km",Diesel,Manual,"EMI ₹17,066/m*",₹5.14 lakh
235,Nissan MAGNITE,Nissan,2022,"33,922 km",Petrol,Auto,"EMI ₹9,480/m*",₹5.37 lakh
236,KIA CARENS,KIA,2022,"34,307 km",Petrol,Manual,"EMI ₹14,533/m*",₹8.49 lakh
237,Hyundai NEW I20,Hyundai,2023,"9,132 km",Petrol,Auto,"EMI ₹13,446/m*",₹7.62 lakh
238,Datsun Go,Datsun,2019,"72,675 km",Petrol,Manual,"EMI ₹3,721/m*",₹2.11 lakh
239,Hyundai ALCAZAR,Hyundai,2022,"73,803 km",Diesel,Auto,"EMI ₹21,984/m*",₹11.55 lakh
240,Honda Amaze,Honda,2020,"45,447 km",Petrol,Manual,"EMI ₹7,915/m*",₹4.48 lakh
241,Maruti Baleno,Maruti,2018,"72,925 km",Petrol,Manual,"EMI ₹5,878/m*",₹3.33 lakh
242,MG HECTOR,MG,2020,"88,474 km",Petrol,Auto,"EMI ₹13,908/m*",₹8.12 lakh
243,Mahindra XUV700,Mahindra,2023,"52,319 km",Diesel,Manual,"EMI ₹23,167/m*",₹13.53 lakh
244,Ford Figo Aspire,Ford,2017,"58,060 km",Petrol,Manual,"EMI ₹5,670/m*",₹2.90 lakh
245,Hyundai Creta,Hyundai,2017,"72,887 km",Petrol,Manual,"EMI ₹8,934/m*",₹4.57 lakh
246,Maruti Swift Dzire,Maruti,2015,"49,923 km",Petrol,Manual,"EMI ₹5,978/m*",₹2.27 lakh
247,Maruti Swift,Maruti,2017,"54,181 km",Petrol,Manual,"EMI ₹6,021/m*",₹3.08 lakh
248,Hyundai i10,Hyundai,2016,"39,867 km",Petrol,Manual,"EMI ₹4,627/m*",₹2.08 lakh
249,Hyundai GRAND I10 NIOS,Hyundai,2019,"52,695 km",Petrol,Auto,"EMI ₹6,540/m*",₹3.71 lakh
250,Toyota Urban Cruiser Taisor,Toyota,2024,"18,391 km",Petrol,Manual,"EMI ₹14,092/m*",₹8.23 lakh
251,Datsun Go,Datsun,2019,"31,633 km",Petrol,Manual,"EMI ₹4,664/m*",₹2.64 lakh
252,Maruti Ritz,Maruti,2014,"72,014 km",Petrol,Manual,"EMI ₹4,517/m*",₹1.36 lakh
253,Maruti Swift,Maruti,2019,"55,895 km",Petrol,Auto,"EMI ₹7,502/m*",₹4.25 lakh
254,MG HECTOR,MG,2019,"32,506 km",Petrol,Auto,"EMI ₹13,857/m*",₹7.85 lakh
255,Tata Tiago,Tata,2020,"41,031 km",Petrol,Manual,"EMI ₹5,808/m*",₹3.29 lakh
256,Mahindra XUV700,Mahindra,2023,"76,365 km",Diesel,Auto,"EMI ₹26,797/m*",₹15.65 lakh
257,MG HECTOR,MG,2020,"39,412 km",Petrol,Manual,"EMI ₹13,451/m*",₹7.62 lakh
258,KIA SELTOS,KIA,2021,"41,097 km",Petrol,Auto,"EMI ₹14,879/m*",₹8.69 lakh
259,MG GLOSTER,MG,2023,"36,456 km",Diesel,Auto,"EMI ₹45,289/m*",₹26.45 lakh
260,Hyundai Elite i20,Hyundai,2019,"40,333 km",Petrol,Manual,"EMI ₹7,326/m*",₹4.15 lakh
261,Hyundai EXTER,Hyundai,2023,"70,650 km",CNG,Manual,"EMI ₹11,768/m*",₹6.67 lakh
262,Honda City,Honda,2018,"33,608 km",Petrol,Manual,"EMI ₹8,509/m*",₹4.82 lakh
263,Maruti Swift,Maruti,2020,"94,422 km",Petrol,Manual,"EMI ₹6,932/m*",₹3.93 lakh
264,Maruti Alto 800,Maruti,2019,"53,252 km",Petrol,Manual,"EMI ₹3,513/m*",₹1.99 lakh
265,Tata NEXON,Tata,2019,"40,741 km",Petrol,Manual,"EMI ₹7,555/m*",₹4.28 lakh
266,Nissan MAGNITE,Nissan,2022,"26,952 km",Petrol,Manual,"EMI ₹7,326/m*",₹4.15 lakh
267,Maruti Grand Vitara,Maruti,2022,"33,032 km",Petrol,Auto,"EMI ₹18,525/m*",₹10.82 lakh
268,Maruti Wagon R 1.0,Maruti,2018,"65,790 km",CNG,Manual,"EMI ₹6,473/m*",₹2.91 lakh
269,Tata Tiago,Tata,2022,"83,247 km",Petrol,Manual,"EMI ₹5,861/m*",₹3.32 lakh
270,MG HECTOR,MG,2021,"55,082 km",Petrol,Auto,"EMI ₹15,393/m*",₹8.99 lakh
271,Hyundai Grand i10,Hyundai,2016,"78,628 km",Petrol,Manual,"EMI ₹5,272/m*",₹2.37 lakh
272,Nissan Terrano,Nissan,2014,"92,036 km",Petrol,Manual,"EMI ₹8,503/m*",₹2.56 lakh
273,KIA SELTOS,KIA,2020,"39,045 km",Petrol,Manual,"EMI ₹12,466/m*",₹7.06 lakh
274,Tata NEXON,Tata,2022,"41,875 km",CNG,Auto,"EMI ₹13,345/m*",₹7.56 lakh
275,Honda Amaze,Honda,2017,"98,131 km",Petrol,Manual,"EMI ₹5,591/m*",₹2.86 lakh
276,Mahindra Thar,Mahindra,2021,"29,980 km",Petrol,Auto,"EMI ₹17,294/m*",₹10.10 lakh
277,Maruti Swift,Maruti,2024,"14,906 km",Petrol,Manual,"EMI ₹10,182/m*",₹5.77 lakh
278,Hyundai Grand i10,Hyundai,2014,"48,162 km",Petrol,Manual,"EMI ₹8,487/m*",₹2.56 lakh
279,Hyundai Grand i10,Hyundai,2017,"83,901 km",Petrol,Manual,"EMI ₹5,256/m*",₹2.69 lakh
280,KIA SELTOS,KIA,2019,"66,101 km",Petrol,Auto,"EMI ₹14,745/m*",₹8.61 lakh
281,Renault Kiger,Renault,2023,"23,310 km",Petrol,Manual,"EMI ₹7,644/m*",₹4.33 lakh
282,Tata NEXON,Tata,2023,"23,315 km",Diesel,Auto,"EMI ₹14,982/m*",₹8.75 lakh
283,Maruti Alto K10,Maruti,2023,"13,918 km",Petrol,Manual,"EMI ₹5,953/m*",₹3.37 lakh
284,Toyota Corolla Altis,Toyota,2015,"97,407 km",Petrol,Manual,"EMI ₹11,139/m*",₹4.23 lakh
285,Maruti Swift,Maruti,2018,"55,775 km",Petrol,Manual,"EMI ₹7,238/m*",₹4.10 lakh
286,Renault Duster,Renault,2021,"38,842 km",Petrol,Manual,"EMI ₹9,833/m*",₹5.57 lakh
287,Hyundai Elite i20,Hyundai,2017,"49,733 km",Petrol,Manual,"EMI ₹6,862/m*",₹3.51 lakh
288,Maruti Wagon R 1.0,Maruti,2017,"99,250 km",CNG,Manual,"EMI ₹5,693/m*",₹2.16 lakh
289,Hyundai i20,Hyundai,2012,"51,452 km",Diesel,Manual,"EMI ₹5,693/m*",₹2.00 lakh
290,KIA SELTOS,KIA,2020,"75,763 km",Petrol,Auto,"EMI ₹15,410/m*",₹9.00 lakh
291,Hyundai Creta,Hyundai,2019,"88,207 km",Petrol,Manual,"EMI ₹10,345/m*",₹5.86 lakh
292,Maruti Ciaz,Maruti,2019,"85,255 km",Petrol,Auto,"EMI ₹9,247/m*",₹5.24 lakh
293,Renault Duster,Renault,2020,"29,103 km",Petrol,Manual,"EMI ₹9,179/m*",₹5.20 lakh
294,Renault Kwid,Renault,2018,"45,635 km",Petrol,Manual,"EMI ₹3,442/m*",₹1.95 lakh
295,Maruti Eeco,Maruti,2023,"1,25,308 km",Petrol,Manual,"EMI ₹7,763/m*",₹3.49 lakh
296,Maruti Swift,Maruti,2016,"72,548 km",Petrol,Manual,"EMI ₹5,695/m*",₹2.56 lakh
297,Honda City,Honda,2016,"91,982 km",Petrol,Manual,"EMI ₹8,712/m*",₹3.92 lakh
298,Datsun Go Plus,Datsun,2017,"70,806 km",CNG,Manual,"EMI ₹5,793/m*",₹2.20 lakh
299,Honda City,Honda,2016,"64,786 km",Petrol,Manual,"EMI ₹8,698/m*",₹3.91 lakh
300,Nissan MAGNITE,Nissan,2021,"76,368 km",Petrol,Auto,"EMI ₹8,067/m*",₹4.57 lakh
301,Maruti Swift,Maruti,2020,"45,281 km",CNG,Manual,"EMI ₹7,340/m*",₹4.16 lakh
302,Hyundai Creta,Hyundai,2020,"80,142 km",Petrol,Auto,"EMI ₹15,309/m*",₹8.94 lakh
303,Hyundai NEW I20,Hyundai,2021,"37,096 km",Petrol,Auto,"EMI ₹9,603/m*",₹5.44 lakh
304,Nissan Micra Active,Nissan,2014,"39,225 km",Petrol,Manual,"EMI ₹5,281/m*",₹1.59 lakh
305,Hyundai Grand i10,Hyundai,2019,"64,056 km",Petrol,Manual,"EMI ₹5,578/m*",₹3.16 lakh
306,Toyota Corolla Altis,Toyota,2015,"81,290 km",Petrol,Auto,"EMI ₹12,851/m*",₹4.88 lakh
307,MG HECTOR,MG,2020,"87,364 km",Petrol,Manual,"EMI ₹14,109/m*",₹8.24 lakh
308,Maruti Alto K10,Maruti,2015,"65,172 km",Petrol,Manual,"EMI ₹5,486/m*",₹2.08 lakh
309,KIA SONET,KIA,2021,"72,631 km",Petrol,Manual,"EMI ₹10,715/m*",₹6.07 lakh
310,Mahindra KUV 100 NXT,Mahindra,2017,"54,683 km",Petrol,Manual,"EMI ₹5,939/m*",₹3.04 lakh
311,Hyundai Creta,Hyundai,2016,"69,401 km",Petrol,Auto,"EMI ₹11,634/m*",₹5.23 lakh
312,Maruti Baleno,Maruti,2019,"57,024 km",Petrol,Manual,"EMI ₹6,782/m*",₹3.84 lakh
313,Mahindra XUV300,Mahindra,2022,"19,006 km",Petrol,Auto,"EMI ₹11,928/m*",₹6.76 lakh
314,Hyundai VENUE,Hyundai,2022,"43,017 km",Petrol,Manual,"EMI ₹10,380/m*",₹5.88 lakh
315,Skoda Octavia,Skoda,2022,"43,596 km",Petrol,Auto,"EMI ₹29,673/m*",₹17.33 lakh
316,Honda City,Honda,2016,"94,068 km",Petrol,Auto,"EMI ₹10,851/m*",₹4.88 lakh
317,Maruti S Cross,Maruti,2020,"33,344 km",Petrol,Manual,"EMI ₹10,039/m*",₹5.69 lakh
318,Hyundai Creta,Hyundai,2020,"28,586 km",Petrol,Auto,"EMI ₹16,546/m*",₹9.66 lakh
319,Mahindra XUV300,Mahindra,2023,"28,371 km",Petrol,Manual,"EMI ₹13,098/m*",₹7.42 lakh
320,Tata NEXON,Tata,2024,"20,886 km",Diesel,Manual,"EMI ₹18,835/m*",₹11.00 lakh
321,KIA SONET,KIA,2021,"39,789 km",Petrol,Manual,"EMI ₹11,951/m*",₹6.77 lakh
322,Ford Ecosport,Ford,2019,"16,215 km",Petrol,Manual,"EMI ₹8,950/m*",₹5.07 lakh
323,Hyundai Creta,Hyundai,2016,"78,009 km",Petrol,Auto,"EMI ₹10,677/m*",₹4.80 lakh
324,Jeep Compass,Jeep,2022,"65,823 km",Diesel,Auto,"EMI ₹29,979/m*",₹15.75 lakh
325,MG ASTOR,MG,2022,"44,245 km",Petrol,Manual,"EMI ₹12,145/m*",₹6.88 lakh
326,Maruti New Wagon-R,Maruti,2022,"6,077 km",Petrol,Manual,"EMI ₹6,270/m*",₹3.55 lakh
327,KIA SONET,KIA,2023,"19,063 km",Petrol,Auto,"EMI ₹14,109/m*",₹8.24 lakh
328,Maruti Ciaz,Maruti,2018,"91,969 km",Petrol,Manual,"EMI ₹7,520/m*",₹4.26 lakh
329,Maruti Swift,Maruti,2015,"1,05,004 km",Petrol,Manual,"EMI ₹6,004/m*",₹2.28 lakh
330,KIA SELTOS,KIA,2020,"57,921 km",Petrol,Manual,"EMI ₹13,840/m*",₹7.84 lakh
331,Ford Ecosport,Ford,2019,"22,880 km",Petrol,Manual,"EMI ₹8,796/m*",₹4.98 lakh
332,Hyundai Elite i20,Hyundai,2019,"80,799 km",Petrol,Manual,"EMI ₹6,408/m*",₹3.63 lakh
333,Hyundai Creta,Hyundai,2021,"98,937 km",Diesel,Manual,"EMI ₹19,028/m*",₹8.75 lakh
334,Ford Ecosport,Ford,2018,"84,876 km",Petrol,Auto,"EMI ₹8,120/m*",₹4.60 lakh
335,Hyundai Creta,Hyundai,2023,"22,040 km",Petrol,Auto,"EMI ₹21,574/m*",₹12.60 lakh
336,Tata PUNCH,Tata,2023,"69,618 km",Petrol,Manual,"EMI ₹7,644/m*",₹4.33 lakh
337,Maruti Wagon R 1.0,Maruti,2018,"37,968 km",Petrol,Manual,"EMI ₹4,943/m*",₹2.80 lakh
338,Honda WR-V,Honda,2018,"26,503 km",Petrol,Manual,"EMI ₹6,955/m*",₹3.94 lakh
339,Mahindra XUV700,Mahindra,2022,"33,015 km",Petrol,Manual,"EMI ₹21,917/m*",₹12.80 lakh
340,Tata TIGOR,Tata,2018,"63,593 km",Petrol,Manual,"EMI ₹5,437/m*",₹3.08 lakh
341,MG HECTOR,MG,2022,"81,106 km",Petrol,Manual,"EMI ₹16,763/m*",₹9.79 lakh
342,Hyundai Elite i20,Hyundai,2020,"48,878 km",Petrol,Manual,"EMI ₹6,885/m*",₹3.90 lakh
343,Maruti Baleno,Maruti,2022,"11,179 km",Petrol,Manual,"EMI ₹11,112/m*",₹6.29 lakh
344,Tata PUNCH,Tata,2025,"9,488 km",Petrol,Manual,"EMI ₹12,834/m*",₹7.27 lakh
345,Honda Amaze,Honda,2019,"55,491 km",Petrol,Auto,"EMI ₹7,908/m*",₹4.48 lakh
346,Honda City,Honda,2015,"27,516 km",Petrol,Manual,"EMI ₹9,454/m*",₹3.59 lakh
347,Hyundai i20 Active,Hyundai,2016,"73,976 km",Petrol,Manual,"EMI ₹7,118/m*",₹3.20 lakh
348,Hyundai Elite i20,Hyundai,2014,"28,532 km",Petrol,Manual,"EMI ₹8,071/m*",₹2.43 lakh
349,Hyundai VENUE,Hyundai,2021,"57,535 km",Petrol,Manual,"EMI ₹11,457/m*",₹6.49 lakh
350,Maruti New Wagon-R,Maruti,2021,"26,091 km",Petrol,Manual,"EMI ₹6,532/m*",₹3.70 lakh
351,Maruti Baleno,Maruti,2019,"38,633 km",Petrol,Manual,"EMI ₹8,332/m*",₹4.72 lakh
352,Hyundai Creta,Hyundai,2018,"60,896 km",Petrol,Manual,"EMI ₹9,762/m*",₹5.53 lakh
353,Tata PUNCH,Tata,2023,"71,387 km",Petrol,Manual,"EMI ₹9,144/m*",₹5.18 lakh
354,Ford Ecosport,Ford,2019,"82,116 km",Petrol,Manual,"EMI ₹7,803/m*",₹4.42 lakh
355,Honda City,Honda,2021,"49,297 km",Petrol,Manual,"EMI ₹11,601/m*",₹6.57 lakh
356,Renault Kwid,Renault,2022,"54,988 km",Petrol,Manual,"EMI ₹4,855/m*",₹2.75 lakh
357,Tata Harrier,Tata,2022,"75,732 km",Diesel,Auto,"EMI ₹21,699/m*",₹11.40 lakh
358,Hyundai Elite i20,Hyundai,2017,"77,475 km",Petrol,Manual,"EMI ₹6,549/m*",₹3.35 lakh
359,Renault Kwid,Renault,2018,"43,049 km",Petrol,Manual,"EMI ₹3,887/m*",₹2.20 lakh
360,MG ASTOR,MG,2023,"27,978 km",Petrol,Manual,"EMI ₹18,463/m*",₹10.78 lakh
361,MG HECTOR,MG,2021,"80,076 km",Diesel,Manual,"EMI ₹21,721/m*",₹9.99 lakh
362,Maruti Swift,Maruti,2019,"69,834 km",CNG,Manual,"EMI ₹7,856/m*",₹4.02 lakh
363,Tata TIGOR,Tata,2021,"34,824 km",Petrol,Manual,"EMI ₹6,284/m*",₹3.56 lakh
364,Hyundai i20,Hyundai,2012,"67,286 km",Petrol,Manual,"EMI ₹16,437/m*",₹1.85 lakh
365,Honda WR-V,Honda,2018,"50,054 km",Petrol,Manual,"EMI ₹8,200/m*",₹4.65 lakh
366,MG HECTOR,MG,2019,"55,723 km",Petrol,Auto,"EMI ₹14,280/m*",₹8.34 lakh
367,Toyota URBAN CRUISER,Toyota,2021,"66,071 km",Petrol,Manual,"EMI ₹10,186/m*",₹5.77 lakh
368,Toyota Etios Liva,Toyota,2014,"69,429 km",Petrol,Manual,"EMI ₹5,638/m*",₹1.70 lakh
369,MG HECTOR,MG,2023,"45,336 km",Petrol,Auto,"EMI ₹21,061/m*",₹12.30 lakh
370,Renault Kwid,Renault,2016,"51,234 km",Petrol,Manual,"EMI ₹3,515/m*",₹1.58 lakh
371,Mahindra XUV700,Mahindra,2021,"15,831 km",Petrol,Manual,"EMI ₹18,355/m*",₹10.72 lakh
372,KIA SELTOS,KIA,2021,"66,115 km",Petrol,Manual,"EMI ₹12,928/m*",₹7.32 lakh
373,Tata NEXON,Tata,2023,"24,657 km",Petrol,Auto,"EMI ₹16,335/m*",₹9.54 lakh
374,Skoda KUSHAQ,Skoda,2022,"47,063 km",Petrol,Manual,"EMI ₹12,803/m*",₹7.25 lakh
375,Tata Tiago,Tata,2023,"31,687 km",Petrol,Manual,"EMI ₹7,767/m*",₹4.40 lakh
376,Jeep Compass,Jeep,2017,"72,808 km",Petrol,Auto,"EMI ₹12,043/m*",₹6.16 lakh
377,Maruti XL6,Maruti,2021,"1,11,572 km",Petrol,Manual,"EMI ₹16,416/m*",₹7.38 lakh
378,Mahindra XUV300,Mahindra,2023,"38,391 km",Petrol,Manual,"EMI ₹11,157/m*",₹6.32 lakh
379,Maruti Alto K10,Maruti,2016,"47,570 km",Petrol,Manual,"EMI ₹3,893/m*",₹1.75 lakh
380,Tata Tiago,Tata,2023,"34,587 km",CNG,Manual,"EMI ₹9,303/m*",₹5.27 lakh
381,Renault TRIBER,Renault,2022,"82,088 km",Petrol,Manual,"EMI ₹6,539/m*",₹3.70 lakh
382,Honda Amaze,Honda,2018,"47,377 km",Petrol,Manual,"EMI ₹5,455/m*",₹3.09 lakh
383,Maruti Ciaz,Maruti,2018,"31,758 km",Petrol,Manual,"EMI ₹7,697/m*",₹4.36 lakh
384,Honda Amaze,Honda,2019,"42,525 km",CNG,Manual,"EMI ₹8,211/m*",₹4.20 lakh
385,Honda Amaze,Honda,2017,"52,149 km",CNG,Manual,"EMI ₹7,742/m*",₹2.94 lakh
386,Maruti Celerio X,Maruti,2018,"14,228 km",Petrol,Auto,"EMI ₹5,970/m*",₹3.38 lakh
387,Hyundai VENUE N LINE,Hyundai,2024,"75,358 km",Petrol,Auto,"EMI ₹13,801/m*",₹8.06 lakh
388,Maruti Swift Dzire,Maruti,2015,"70,934 km",Petrol,Manual,"EMI ₹7,155/m*",₹2.72 lakh
389,Tata ALTROZ,Tata,2021,"37,476 km",Petrol,Manual,"EMI ₹8,380/m*",₹4.75 lakh
390,Honda Amaze,Honda,2023,"26,288 km",CNG,Manual,"EMI ₹11,504/m*",₹6.52 lakh
391,Mahindra XUV700,Mahindra,2023,"14,538 km",Petrol,Auto,"EMI ₹24,399/m*",₹14.25 lakh
392,Hyundai Creta,Hyundai,2021,"97,337 km",Petrol,Auto,"EMI ₹17,602/m*",₹10.28 lakh
393,Hyundai Elite i20,Hyundai,2015,"64,232 km",Petrol,Manual,"EMI ₹7,373/m*",₹2.80 lakh
394,Hyundai Grand i10,Hyundai,2016,"51,434 km",CNG,Manual,"EMI ₹9,167/m*",₹2.76 lakh
395,Tata ALTROZ,Tata,2024,"13,191 km",Petrol,Manual,"EMI ₹15,564/m*",₹9.09 lakh
396,Honda City,Honda,2015,"74,109 km",Petrol,Manual,"EMI ₹10,255/m*",₹3.89 lakh
397,Renault Kwid,Renault,2018,"62,125 km",Petrol,Auto,"EMI ₹4,307/m*",₹2.44 lakh
398,Renault Kwid,Renault,2018,"46,292 km",Petrol,Manual,"EMI ₹3,710/m*",₹2.10 lakh
399,KIA SELTOS,KIA,2022,"68,988 km",Petrol,Manual,"EMI ₹13,899/m*",₹8.12 lakh
400,KIA SELTOS,KIA,2021,"64,647 km",Petrol,Auto,"EMI ₹14,931/m*",₹8.72 lakh
401,Maruti Swift,Maruti,2022,"62,582 km",Petrol,Auto,"EMI ₹9,356/m*",₹5.30 lakh
402,Maruti Ciaz,Maruti,2014,"91,723 km",Petrol,Manual,"EMI ₹9,134/m*",₹2.75 lakh
403,Maruti Swift,Maruti,2017,"73,534 km",Petrol,Manual,"EMI ₹5,576/m*",₹2.85 lakh
404,Tata NEXON,Tata,2022,"27,608 km",Petrol,Manual,"EMI ₹10,103/m*",₹5.72 lakh
405,Maruti Ciaz,Maruti,2018,"69,630 km",Petrol,Manual,"EMI ₹7,238/m*",₹4.10 lakh
406,Maruti Dzire,Maruti,2018,"37,426 km",Petrol,Manual,"EMI ₹6,973/m*",₹3.95 lakh
407,Tata Harrier,Tata,2021,"70,674 km",Diesel,Auto,"EMI ₹20,981/m*",₹9.65 lakh
408,Renault Kiger,Renault,2021,"41,147 km",Petrol,Auto,"EMI ₹7,467/m*",₹4.23 lakh
409,Maruti Swift,Maruti,2018,"85,976 km",Petrol,Auto,"EMI ₹6,337/m*",₹3.59 lakh
410,Hyundai Creta,Hyundai,2019,"49,264 km",Petrol,Auto,"EMI ₹13,668/m*",₹7.74 lakh
411,Hyundai Grand i10,Hyundai,2018,"48,090 km",CNG,Auto,"EMI ₹8,030/m*",₹3.61 lakh
412,Nissan MAGNITE,Nissan,2021,"43,428 km",Petrol,Manual,"EMI ₹6,938/m*",₹3.93 lakh
413,Hyundai Creta,Hyundai,2018,"63,746 km",Petrol,Auto,"EMI ₹10,733/m*",₹6.08 lakh
414,Hyundai GRAND I10 NIOS,Hyundai,2021,"42,914 km",Petrol,Manual,"EMI ₹7,066/m*",₹4.00 lakh
415,Honda City,Honda,2016,"39,506 km",Petrol,Manual,"EMI ₹8,386/m*",₹3.77 lakh
416,KIA SELTOS,KIA,2021,"49,033 km",Petrol,Manual,"EMI ₹14,486/m*",₹8.46 lakh
417,Honda City,Honda,2016,"55,445 km",Petrol,Auto,"EMI ₹10,166/m*",₹4.57 lakh
418,Hyundai NEW SANTRO,Hyundai,2020,"76,904 km",Petrol,Auto,"EMI ₹6,041/m*",₹3.42 lakh
419,Tata ALTROZ,Tata,2025,"28,096 km",CNG,Manual,"EMI ₹12,110/m*",₹6.86 lakh
420,Tata NEXON,Tata,2022,"70,442 km",Diesel,Manual,"EMI ₹14,428/m*",₹7.38 lakh
421,KIA SELTOS,KIA,2019,"82,762 km",Petrol,Auto,"EMI ₹13,681/m*",₹7.75 lakh
422,Tata NEXON,Tata,2023,"28,958 km",Petrol,Auto,"EMI ₹11,611/m*",₹6.58 lakh
423,Maruti Celerio,Maruti,2017,"20,300 km",Petrol,Manual,"EMI ₹5,376/m*",₹2.75 lakh
424,Hyundai Creta,Hyundai,2018,"1,49,778 km",Petrol,Manual,"EMI ₹11,162/m*",₹5.02 lakh
425,Toyota Corolla Altis,Toyota,2016,"69,628 km",Petrol,Manual,"EMI ₹10,772/m*",₹4.84 lakh
426,Maruti Baleno,Maruti,2019,"29,346 km",Petrol,Manual,"EMI ₹7,220/m*",₹4.09 lakh
427,KIA SELTOS,KIA,2023,"39,139 km",Petrol,Manual,"EMI ₹17,294/m*",₹10.10 lakh
428,KIA SELTOS,KIA,2022,"38,780 km",Petrol,Manual,"EMI ₹16,501/m*",₹9.64 lakh
429,Mahindra XUV700,Mahindra,2023,"23,750 km",Petrol,Manual,"EMI ₹21,061/m*",₹12.30 lakh
430,Maruti Baleno,Maruti,2017,"66,155 km",Petrol,Manual,"EMI ₹5,998/m*",₹3.07 lakh
431,MG HECTOR,MG,2021,"47,308 km",Diesel,Manual,"EMI ₹21,525/m*",₹9.90 lakh
432,Hyundai VENUE,Hyundai,2021,"44,609 km",Petrol,Manual,"EMI ₹11,126/m*",₹6.30 lakh
433,Maruti Ciaz,Maruti,2016,"95,574 km",Petrol,Manual,"EMI ₹7,763/m*",₹3.49 lakh
434,Maruti Baleno,Maruti,2017,"69,926 km",Petrol,Auto,"EMI ₹6,491/m*",₹3.32 lakh
435,Hyundai Elite i20,Hyundai,2015,"43,082 km",CNG,Manual,"EMI ₹15,684/m*",₹3.33 lakh
436,MG HECTOR,MG,2020,"80,149 km",Petrol,Manual,"EMI ₹14,674/m*",₹8.57 lakh
437,Hyundai VENUE,Hyundai,2021,"28,805 km",Petrol,Manual,"EMI ₹11,039/m*",₹6.25 lakh
438,Tata Harrier,Tata,2020,"92,436 km",Diesel,Manual,"EMI ₹20,935/m*",₹7.95 lakh
439,Maruti Wagon R 1.0,Maruti,2018,"35,511 km",Petrol,Manual,"EMI ₹5,349/m*",₹3.03 lakh
440,Maruti Ciaz,Maruti,2018,"98,565 km",Petrol,Manual,"EMI ₹7,220/m*",₹4.09 lakh
441,Hyundai Creta,Hyundai,2018,"74,475 km",Petrol,Auto,"EMI ₹12,110/m*",₹6.86 lakh
442,MG HECTOR,MG,2020,"41,633 km",Petrol,Auto,"EMI ₹15,907/m*",₹9.29 lakh
443,KIA CARENS,KIA,2022,"67,767 km",Diesel,Auto,"EMI ₹20,724/m*",₹10.89 lakh
444,Ford Ecosport,Ford,2020,"50,622 km",Petrol,Manual,"EMI ₹8,932/m*",₹5.06 lakh
445,Mahindra XUV300,Mahindra,2020,"91,682 km",Diesel,Manual,"EMI ₹15,357/m*",₹5.83 lakh
446,Maruti Swift,Maruti,2016,"33,513 km",Petrol,Manual,"EMI ₹6,006/m*",₹2.70 lakh
447,Hyundai Grand i10,Hyundai,2018,"36,869 km",Petrol,Manual,"EMI ₹5,442/m*",₹3.08 lakh
448,Maruti New Wagon-R,Maruti,2022,"60,435 km",Petrol,Manual,"EMI ₹6,461/m*",₹3.66 lakh
449,Tata Tiago,Tata,2016,"60,689 km",Petrol,Manual,"EMI ₹5,183/m*",₹2.33 lakh
450,Maruti Ciaz,Maruti,2020,"32,072 km",Petrol,Manual,"EMI ₹10,062/m*",₹5.70 lakh
451,Tata NEXON,Tata,2023,"19,714 km",Petrol,Manual,"EMI ₹13,928/m*",₹7.89 lakh
452,Hyundai Grand i10,Hyundai,2018,"27,261 km",Petrol,Manual,"EMI ₹5,225/m*",₹2.96 lakh
453,Hyundai Elite i20,Hyundai,2018,"90,375 km",Petrol,Manual,"EMI ₹6,426/m*",₹3.64 lakh
454,Maruti Alto K10,Maruti,2015,"1,59,790 km",Petrol,Manual,"EMI ₹3,919/m*",₹1.49 lakh
455,Ford Ecosport,Ford,2018,"42,025 km",Petrol,Auto,"EMI ₹7,273/m*",₹4.12 lakh
456,Maruti Alto K10,Maruti,2024,"18,473 km",Petrol,Manual,"EMI ₹6,620/m*",₹3.75 lakh
457,Maruti Wagon R 1.0,Maruti,2014,"89,518 km",CNG,Manual,"EMI ₹14,927/m*",₹1.68 lakh
458,Datsun Redi Go,Datsun,2017,"57,959 km",Petrol,Manual,"EMI ₹3,108/m*",₹1.59 lakh
459,Honda Amaze,Honda,2020,"57,465 km",Petrol,Manual,"EMI ₹7,502/m*",₹4.25 lakh
460,Honda Amaze,Honda,2015,"39,498 km",Petrol,Manual,"EMI ₹6,183/m*",₹2.35 lakh
461,Maruti Baleno,Maruti,2016,"32,115 km",Petrol,Manual,"EMI ₹7,235/m*",₹3.25 lakh
462,Honda City,Honda,2014,"75,162 km",Petrol,Manual,"EMI ₹9,490/m*",₹2.86 lakh
463,KIA SELTOS,KIA,2022,"49,717 km",Diesel,Auto,"EMI ₹20,861/m*",₹10.96 lakh
464,Hyundai Elite i20,Hyundai,2020,"99,016 km",Petrol,Manual,"EMI ₹8,103/m*",₹4.59 lakh
465,Maruti Ertiga,Maruti,2019,"30,528 km",Petrol,Manual,"EMI ₹11,595/m*",₹6.57 lakh
466,Maruti Baleno,Maruti,2018,"63,606 km",Petrol,Manual,"EMI ₹5,949/m*",₹3.37 lakh
467,Tata NEXON,Tata,2019,"76,538 km",Petrol,Manual,"EMI ₹7,750/m*",₹4.39 lakh
468,Maruti Swift,Maruti,2014,"43,849 km",Petrol,Manual,"EMI ₹7,945/m*",₹2.39 lakh
469,Honda Amaze,Honda,2018,"70,902 km",Petrol,Manual,"EMI ₹6,020/m*",₹3.41 lakh
470,Honda Amaze,Honda,2019,"71,278 km",Petrol,Manual,"EMI ₹6,620/m*",₹3.75 lakh
471,Maruti Dzire,Maruti,2019,"70,875 km",Petrol,Manual,"EMI ₹7,396/m*",₹4.19 lakh
472,Tata NEXON,Tata,2019,"60,922 km",Petrol,Manual,"EMI ₹7,308/m*",₹4.14 lakh
473,Maruti Dzire,Maruti,2019,"61,188 km",Petrol,Manual,"EMI ₹7,153/m*",₹4.05 lakh
474,Renault Kwid,Renault,2017,"31,490 km",Petrol,Manual,"EMI ₹3,855/m*",₹1.97 lakh
475,Hyundai Grand i10,Hyundai,2016,"84,495 km",Petrol,Manual,"EMI ₹5,116/m*",₹2.30 lakh
476,Hyundai Xcent,Hyundai,2015,"53,653 km",Petrol,Manual,"EMI ₹5,109/m*",₹1.94 lakh
477,Hyundai GRAND I10 NIOS,Hyundai,2023,"49,100 km",CNG,Manual,"EMI ₹8,950/m*",₹5.07 lakh
478,Maruti Ciaz,Maruti,2018,"60,510 km",Petrol,Auto,"EMI ₹9,532/m*",₹5.40 lakh
479,Hyundai GRAND I10 NIOS,Hyundai,2023,"35,566 km",Petrol,Manual,"EMI ₹8,915/m*",₹5.05 lakh
480,Honda Amaze,Honda,2016,"36,232 km",Petrol,Manual,"EMI ₹5,628/m*",₹2.53 lakh
481,Honda Brio,Honda,2015,"35,480 km",Petrol,Manual,"EMI ₹5,109/m*",₹1.94 lakh
482,Maruti Swift,Maruti,2021,"77,819 km",Petrol,Manual,"EMI ₹7,096/m*",₹4.02 lakh
483,Hyundai Grand i10,Hyundai,2021,"29,791 km",Petrol,Manual,"EMI ₹7,323/m*",₹4.15 lakh
484,Renault Kwid,Renault,2021,"21,089 km",Petrol,Manual,"EMI ₹4,996/m*",₹2.83 lakh
485,Honda Amaze,Honda,2015,"73,654 km",CNG,Manual,"EMI ₹10,733/m*",₹2.28 lakh
486,Maruti S PRESSO,Maruti,2022,"91,275 km",Petrol,Manual,"EMI ₹5,155/m*",₹2.92 lakh
487,Hyundai Elite i20,Hyundai,2015,"85,226 km",Petrol,Manual,"EMI ₹7,373/m*",₹2.80 lakh
488,Maruti Ciaz,Maruti,2018,"72,881 km",Petrol,Auto,"EMI ₹7,979/m*",₹4.52 lakh
489,Tata ALTROZ,Tata,2022,"54,561 km",Petrol,Manual,"EMI ₹9,505/m*",₹5.38 lakh
490,Ford Ecosport,Ford,2018,"93,259 km",Petrol,Auto,"EMI ₹7,414/m*",₹4.20 lakh
491,Renault Kwid,Renault,2017,"86,916 km",Petrol,Manual,"EMI ₹3,715/m*",₹1.90 lakh
492,Honda City,Honda,2016,"70,341 km",Petrol,Manual,"EMI ₹8,097/m*",₹3.64 lakh
493,Tata Tiago,Tata,2023,"13,862 km",Petrol,Auto,"EMI ₹8,632/m*",₹4.89 lakh
494,Renault Kwid,Renault,2018,"47,253 km",Petrol,Manual,"EMI ₹3,654/m*",₹2.07 lakh
495,Tata TIGOR,Tata,2019,"43,277 km",Petrol,Manual,"EMI ₹5,349/m*",₹3.03 lakh
496,Hyundai Elite i20,Hyundai,2016,"27,722 km",Petrol,Manual,"EMI ₹8,186/m*",₹3.68 lakh
497,Ford Ecosport,Ford,2021,"39,048 km",Diesel,Manual,"EMI ₹12,679/m*",₹5.70 lakh
498,Tata Safari,Tata,2021,"60,703 km",Diesel,Auto,"EMI ₹24,460/m*",₹11.25 lakh
499,Toyota Innova Crysta,Toyota,2021,"62,142 km",Petrol,Auto,"EMI ₹27,105/m*",₹15.83 lakh
500,Tata NEXON,Tata,2021,"90,829 km",Petrol,Manual,"EMI ₹9,532/m*",₹5.40 lakh
501,MG HECTOR,MG,2020,"72,067 km",Petrol,Auto,"EMI ₹16,198/m*",₹9.46 lakh
502,Maruti Baleno,Maruti,2019,"43,855 km",Petrol,Manual,"EMI ₹8,611/m*",₹4.88 lakh
503,Renault Kwid,Renault,2016,"53,417 km",Petrol,Manual,"EMI ₹4,160/m*",₹1.87 lakh
504,Toyota Corolla Altis,Toyota,2015,"64,020 km",Petrol,Auto,"EMI ₹15,010/m*",₹5.70 lakh
505,Tata Tiago,Tata,2019,"72,230 km",Petrol,Manual,"EMI ₹5,737/m*",₹3.25 lakh
506,Maruti Grand Vitara,Maruti,2024,"25,818 km",Petrol,Manual,"EMI ₹16,472/m*",₹9.62 lakh
507,KIA SELTOS,KIA,2020,"90,801 km",Petrol,Auto,"EMI ₹13,869/m*",₹8.10 lakh
508,Honda Brio,Honda,2014,"60,371 km",Petrol,Manual,"EMI ₹6,111/m*",₹1.84 lakh
509,Honda City,Honda,2019,"64,055 km",CNG,Manual,"EMI ₹12,414/m*",₹6.35 lakh
510,Maruti Alto 800,Maruti,2015,"55,706 km",Petrol,Manual,"EMI ₹4,477/m*",₹1.70 lakh
511,Tata Tiago,Tata,2020,"77,018 km",Petrol,Manual,"EMI ₹5,508/m*",₹3.12 lakh
512,Maruti Alto 800,Maruti,2014,"57,463 km",Petrol,Manual,"EMI ₹4,783/m*",₹1.44 lakh
513,Volkswagen Vento,Volkswagen,2016,"94,776 km",Petrol,Manual,"EMI ₹7,763/m*",₹3.49 lakh
514,Hyundai VENUE,Hyundai,2020,"56,321 km",Petrol,Manual,"EMI ₹10,574/m*",₹5.99 lakh
515,Maruti Baleno,Maruti,2016,"80,739 km",Petrol,Manual,"EMI ₹6,523/m*",₹2.93 lakh
516,Skoda SLAVIA,Skoda,2022,"58,144 km",Petrol,Manual,"EMI ₹15,753/m*",₹9.20 lakh
517,Maruti Vitara Brezza,Maruti,2021,"72,614 km",Petrol,Manual,"EMI ₹11,916/m*",₹6.75 lakh
518,KIA SONET,KIA,2020,"40,443 km",Petrol,Auto,"EMI ₹11,386/m*",₹6.45 lakh
519,Hyundai i20 Active,Hyundai,2017,"46,270 km",Petrol,Manual,"EMI ₹7,097/m*",₹3.63 lakh
520,Hyundai Grand i10,Hyundai,2015,"59,847 km",CNG,Manual,"EMI ₹12,419/m*",₹2.64 lakh
521,Maruti Ciaz,Maruti,2018,"25,927 km",Petrol,Auto,"EMI ₹10,327/m*",₹5.85 lakh
522,Maruti Swift Dzire,Maruti,2014,"46,549 km",Petrol,Manual,"EMI ₹7,141/m*",₹2.15 lakh
523,Maruti Celerio,Maruti,2019,"23,808 km",Petrol,Manual,"EMI ₹5,554/m*",₹3.15 lakh
524,Hyundai Elite i20,Hyundai,2016,"55,791 km",Petrol,Manual,"EMI ₹6,696/m*",₹3.01 lakh
525,Tata NEXON,Tata,2021,"47,581 km",Petrol,Manual,"EMI ₹10,097/m*",₹5.72 lakh
526,Maruti Dzire,Maruti,2018,"87,050 km",Petrol,Manual,"EMI ₹5,208/m*",₹2.95 lakh
527,Maruti Alto 800,Maruti,2014,"63,081 km",Petrol,Manual,"EMI ₹4,484/m*",₹1.35 lakh
528,Hyundai Grand i10,Hyundai,2016,"34,604 km",Petrol,Manual,"EMI ₹5,761/m*",₹2.59 lakh
529,Honda City,Honda,2014,"49,020 km",Petrol,Manual,"EMI ₹10,928/m*",₹3.29 lakh
530,Tata ALTROZ,Tata,2020,"43,628 km",Petrol,Manual,"EMI ₹7,538/m*",₹4.27 lakh
531,Tata Tiago,Tata,2019,"77,161 km",Petrol,Manual,"EMI ₹5,508/m*",₹3.12 lakh
532,Maruti Ciaz,Maruti,2018,"82,276 km",Petrol,Manual,"EMI ₹8,385/m*",₹4.75 lakh
533,Maruti Wagon R 1.0,Maruti,2018,"58,511 km",Petrol,Manual,"EMI ₹4,837/m*",₹2.74 lakh
534,Honda City,Honda,2018,"74,770 km",Petrol,Auto,"EMI ₹10,062/m*",₹5.70 lakh
535,Hyundai Creta,Hyundai,2018,"53,082 km",Petrol,Manual,"EMI ₹13,081/m*",₹7.41 lakh
536,Honda Amaze,Honda,2017,"74,414 km",Petrol,Manual,"EMI ₹5,865/m*",₹3.00 lakh
537,KIA SELTOS,KIA,2020,"79,439 km",Petrol,Auto,"EMI ₹15,513/m*",₹9.06 lakh
538,KIA SELTOS,KIA,2021,"88,190 km",Diesel,Manual,"EMI ₹17,266/m*",₹7.76 lakh
539,Honda Amaze,Honda,2015,"68,267 km",Petrol,Manual,"EMI ₹5,635/m*",₹2.14 lakh
540,Tata TIGOR,Tata,2017,"56,510 km",Petrol,Manual,"EMI ₹5,830/m*",₹2.98 lakh
541,Maruti Wagon R 1.0,Maruti,2018,"56,700 km",Petrol,Manual,"EMI ₹4,413/m*",₹2.50 lakh
542,Volkswagen Polo,Volkswagen,2015,"44,879 km",Petrol,Manual,"EMI ₹7,057/m*",₹2.68 lakh
543,Maruti Ciaz,Maruti,2019,"44,903 km",Petrol,Auto,"EMI ₹9,709/m*",₹5.50 lakh
544,Maruti New Wagon-R,Maruti,2022,"50,561 km",Petrol,Auto,"EMI ₹7,679/m*",₹4.35 lakh
545,Toyota Etios,Toyota,2014,"63,797 km",Petrol,Manual,"EMI ₹6,809/m*",₹2.05 lakh
546,Honda City,Honda,2015,"55,331 km",Petrol,Manual,"EMI ₹7,847/m*",₹2.98 lakh
547,Honda WR-V,Honda,2018,"95,235 km",Petrol,Manual,"EMI ₹6,849/m*",₹3.88 lakh
548,Hyundai Elite i20,Hyundai,2016,"93,390 km",Petrol,Manual,"EMI ₹7,207/m*",₹3.24 lakh
549,Renault Kwid,Renault,2016,"40,536 km",Petrol,Manual,"EMI ₹3,648/m*",₹1.64 lakh
550,Tata ALTROZ,Tata,2023,"33,744 km",Petrol,Manual,"EMI ₹9,126/m*",₹5.17 lakh
551,Honda Amaze,Honda,2017,"74,140 km",CNG,Manual,"EMI ₹7,926/m*",₹3.01 lakh
552,Honda City,Honda,2019,"70,565 km",Petrol,Manual,"EMI ₹8,791/m*",₹4.98 lakh
553,Tata TIGOR,Tata,2022,"70,690 km",CNG,Manual,"EMI ₹8,738/m*",₹4.95 lakh
554,Maruti Swift,Maruti,2015,"32,329 km",Petrol,Manual,"EMI ₹7,189/m*",₹2.73 lakh
555,KIA SONET,KIA,2020,"59,144 km",Petrol,Manual,"EMI ₹10,732/m*",₹6.08 lakh
556,Honda Brio,Honda,2015,"71,352 km",Petrol,Manual,"EMI ₹4,784/m*",₹1.82 lakh
557,Maruti Wagon R 1.0,Maruti,2017,"97,744 km",Petrol,Manual,"EMI ₹3,949/m*",₹2.02 lakh
558,Renault Kwid,Renault,2018,"25,035 km",Petrol,Auto,"EMI ₹4,431/m*",₹2.51 lakh
559,Volkswagen Polo,Volkswagen,2014,"57,320 km",Petrol,Manual,"EMI ₹7,540/m*",₹2.27 lakh
560,Maruti Alto K10,Maruti,2016,"79,244 km",Petrol,Manual,"EMI ₹3,559/m*",₹1.60 lakh
561,Honda City,Honda,2019,"44,350 km",Petrol,Auto,"EMI ₹12,049/m*",₹6.83 lakh
562,Tata ALTROZ,Tata,2023,"33,580 km",CNG,Manual,"EMI ₹11,789/m*",₹6.68 lakh
563,Honda City,Honda,2019,"99,677 km",Petrol,Auto,"EMI ₹9,374/m*",₹5.31 lakh
564,Maruti New Wagon-R,Maruti,2020,"48,779 km",Petrol,Auto,"EMI ₹6,916/m*",₹3.92 lakh
565,Jeep Compass,Jeep,2019,"64,924 km",Petrol,Auto,"EMI ₹13,869/m*",₹8.10 lakh
566,Renault Kiger,Renault,2023,"21,298 km",Petrol,Manual,"EMI ₹8,491/m*",₹4.81 lakh
567,KIA SELTOS,KIA,2020,"73,424 km",Petrol,Manual,"EMI ₹11,651/m*",₹6.60 lakh
568,MG ASTOR,MG,2022,"67,966 km",Petrol,Manual,"EMI ₹14,378/m*",₹8.40 lakh
569,Maruti Ertiga,Maruti,2014,"58,974 km",Petrol,Manual,"EMI ₹11,592/m*",₹3.49 lakh
570,Maruti Alto 800,Maruti,2014,"34,991 km",Petrol,Manual,"EMI ₹4,617/m*",₹1.39 lakh
571,Maruti Alto 800,Maruti,2015,"43,979 km",Petrol,Manual,"EMI ₹4,292/m*",₹1.63 lakh
572,Honda WR-V,Honda,2018,"70,726 km",Petrol,Manual,"EMI ₹7,591/m*",₹4.30 lakh
573,Maruti Baleno,Maruti,2018,"71,461 km",Petrol,Manual,"EMI ₹6,055/m*",₹3.43 lakh
574,Honda City,Honda,2015,"1,37,152 km",Petrol,Auto,"EMI ₹8,848/m*",₹3.36 lakh
575,Maruti Wagon R 1.0,Maruti,2014,"19,205 km",Petrol,Manual,"EMI ₹6,211/m*",₹1.87 lakh
576,Maruti Swift,Maruti,2017,"59,181 km",CNG,Manual,"EMI ₹9,393/m*",₹3.57 lakh
577,KIA CARENS,KIA,2022,"63,035 km",Petrol,Auto,"EMI ₹20,427/m*",₹11.93 lakh
578,Renault Kwid,Renault,2023,"43,629 km",Petrol,Manual,"EMI ₹5,066/m*",₹2.87 lakh
579,Maruti Alto K10,Maruti,2016,"27,800 km",Petrol,Manual,"EMI ₹4,605/m*",₹2.07 lakh
580,MG HECTOR PLUS,MG,2022,"57,165 km",Petrol,Auto,"EMI ₹18,218/m*",₹10.64 lakh
581,Tata Safari,Tata,2021,"71,206 km",Diesel,Auto,"EMI ₹25,695/m*",₹11.82 lakh
582,Hyundai Grand i10,Hyundai,2015,"15,790 km",Petrol,Manual,"EMI ₹6,346/m*",₹2.41 lakh
583,Maruti Ciaz,Maruti,2018,"45,657 km",Petrol,Manual,"EMI ₹7,273/m*",₹4.12 lakh
584,Tata NEXON,Tata,2018,"70,917 km",CNG,Manual,"EMI ₹9,565/m*",₹4.30 lakh
585,Hyundai Xcent,Hyundai,2014,"80,611 km",Petrol,Manual,"EMI ₹7,241/m*",₹2.18 lakh
586,Ford Ecosport,Ford,2018,"77,151 km",Diesel,Manual,"EMI ₹18,793/m*",₹3.99 lakh
587,Renault Kwid,Renault,2016,"60,614 km",Petrol,Manual,"EMI ₹3,759/m*",₹1.69 lakh
588,Tata Tiago,Tata,2022,"37,650 km",CNG,Manual,"EMI ₹8,176/m*",₹4.63 lakh
589,Maruti Swift Dzire,Maruti,2015,"72,784 km",CNG,Manual,"EMI ₹14,178/m*",₹3.01 lakh
590,Tata TIGOR,Tata,2017,"54,681 km",Petrol,Manual,"EMI ₹6,158/m*",₹3.15 lakh
591,Hyundai Eon,Hyundai,2016,"61,900 km",Petrol,Manual,"EMI ₹3,893/m*",₹1.75 lakh
592,Maruti Ertiga,Maruti,2015,"54,774 km",Petrol,Manual,"EMI ₹11,853/m*",₹4.50 lakh
593,Toyota YARIS,Toyota,2018,"46,605 km",Petrol,Auto,"EMI ₹10,256/m*",₹5.81 lakh
594,KIA SONET,KIA,2020,"29,298 km",Petrol,Auto,"EMI ₹12,728/m*",₹7.21 lakh
595,Maruti Wagon R 1.0,Maruti,2018,"73,846 km",CNG,Manual,"EMI ₹6,317/m*",₹2.84 lakh
596,Mahindra Thar,Mahindra,2022,"27,661 km",Petrol,Manual,"EMI ₹17,771/m*",₹10.38 lakh
597,Honda Brio,Honda,2015,"54,080 km",Petrol,Auto,"EMI ₹6,715/m*",₹2.55 lakh
598,Maruti Vitara Brezza,Maruti,2021,"52,709 km",Petrol,Manual,"EMI ₹10,980/m*",₹6.22 lakh
599,Maruti Wagon R 1.0,Maruti,2014,"62,307 km",Petrol,Manual,"EMI ₹5,713/m*",₹1.72 lakh
600,Maruti Baleno,Maruti,2016,"95,828 km",Petrol,Manual,"EMI ₹7,341/m*",₹3.30 lakh
601,Maruti Ciaz,Maruti,2016,"65,720 km",Petrol,Manual,"EMI ₹7,674/m*",₹3.45 lakh
602,Honda Amaze,Honda,2015,"67,359 km",Petrol,Manual,"EMI ₹5,872/m*",₹2.23 lakh
603,Maruti Swift Dzire,Maruti,2014,"73,257 km",Petrol,Manual,"EMI ₹6,676/m*",₹2.01 lakh
604,Renault Kwid,Renault,2017,"49,444 km",Petrol,Auto,"EMI ₹4,454/m*",₹2.28 lakh
605,Mahindra Thar,Mahindra,2023,"21,341 km",Petrol,Auto,"EMI ₹20,490/m*",₹11.97 lakh
606,Honda Amaze,Honda,2016,"88,903 km",Petrol,Manual,"EMI ₹5,405/m*",₹2.43 lakh
607,Ford Ecosport,Ford,2018,"58,642 km",Petrol,Auto,"EMI ₹9,356/m*",₹5.30 lakh
608,Maruti Baleno,Maruti,2018,"58,016 km",Petrol,Manual,"EMI ₹6,337/m*",₹3.59 lakh
609,Maruti Alto K10,Maruti,2015,"27,754 km",Petrol,Manual,"EMI ₹4,845/m*",₹1.84 lakh
610,Maruti Swift,Maruti,2016,"69,519 km",Diesel,Manual,"EMI ₹4,845/m*",₹3.24 lakh
611,Honda City,Honda,2014,"71,402 km",Petrol,Manual,"EMI ₹9,366/m*",₹2.82 lakh
612,Maruti Wagon R 1.0,Maruti,2015,"54,011 km",Petrol,Manual,"EMI ₹5,590/m*",₹2.12 lakh
613,KIA SELTOS,KIA,2020,"96,978 km",Petrol,Manual,"EMI ₹12,633/m*",₹7.16 lakh
614,KIA SONET,KIA,2020,"48,391 km",Diesel,Manual,"EMI ₹21,189/m*",₹8.20 lakh
615,Honda Jazz,Honda,2017,"63,606 km",Petrol,Auto,"EMI ₹6,745/m*",₹3.45 lakh
616,KIA CARENS,KIA,2022,"37,117 km",Petrol,Auto,"EMI ₹20,547/m*",₹12.00 lakh
617,Honda City,Honda,2015,"81,695 km",Petrol,Auto,"EMI ₹9,349/m*",₹3.55 lakh
618,Maruti Ciaz,Maruti,2019,"90,128 km",Petrol,Auto,"EMI ₹10,496/m*",₹5.95 lakh
619,Hyundai NEW SANTRO,Hyundai,2018,"24,569 km",Petrol,Auto,"EMI ₹5,349/m*",₹3.03 lakh
620,Tata Tiago,Tata,2016,"77,558 km",Diesel,Manual,"EMI ₹5,349/m*",₹2.52 lakh
621,Toyota Glanza,Toyota,2020,"72,926 km",Petrol,Manual,"EMI ₹8,297/m*",₹4.70 lakh
622,Hyundai Grand i10,Hyundai,2015,"71,943 km",Petrol,Manual,"EMI ₹6,978/m*",₹2.65 lakh
623,Hyundai Grand i10,Hyundai,2014,"37,475 km",Petrol,Auto,"EMI ₹8,071/m*",₹2.43 lakh
624,Hyundai Elite i20,Hyundai,2017,"49,965 km",Petrol,Manual,"EMI ₹6,535/m*",₹3.34 lakh
625,Maruti Alto 800,Maruti,2016,"52,137 km",Petrol,Manual,"EMI ₹4,137/m*",₹1.86 lakh
626,Maruti Wagon R 1.0,Maruti,2015,"89,234 km",CNG,Manual,"EMI ₹10,027/m*",₹2.13 lakh
627,Hyundai i10,Hyundai,2015,"64,473 km",Petrol,Manual,"EMI ₹5,867/m*",₹2.23 lakh
628,Maruti Ertiga,Maruti,2014,"77,691 km",CNG,Manual,"EMI ₹33,229/m*",₹3.74 lakh
629,Honda Amaze,Honda,2023,"36,870 km",Petrol,Auto,"EMI ₹12,706/m*",₹7.20 lakh
630,Hyundai Elite i20,Hyundai,2014,"40,815 km",Petrol,Manual,"EMI ₹11,571/m*",₹3.48 lakh
631,Maruti Ciaz,Maruti,2020,"88,508 km",Petrol,Manual,"EMI ₹9,727/m*",₹5.51 lakh
632,Maruti Baleno,Maruti,2018,"57,999 km",Petrol,Manual,"EMI ₹6,461/m*",₹3.66 lakh
633,Hyundai Grand i10,Hyundai,2018,"62,916 km",Petrol,Manual,"EMI ₹5,102/m*",₹2.89 lakh
634,Maruti Wagon R 1.0,Maruti,2017,"63,218 km",Petrol,Manual,"EMI ₹4,301/m*",₹2.20 lakh
635,MG HECTOR,MG,2023,"68,526 km",Petrol,Auto,"EMI ₹22,139/m*",₹12.93 lakh
636,Maruti Swift,Maruti,2017,"55,843 km",CNG,Manual,"EMI ₹8,769/m*",₹3.33 lakh
637,Honda Jazz,Honda,2016,"1,41,338 km",Petrol,Manual,"EMI ₹5,116/m*",₹2.30 lakh
638,Ford Ecosport,Ford,2016,"49,785 km",Petrol,Manual,"EMI ₹7,252/m*",₹3.26 lakh
639,Maruti Swift Dzire,Maruti,2015,"35,987 km",Petrol,Manual,"EMI ₹6,610/m*",₹2.51 lakh
640,Honda City,Honda,2016,"91,696 km",Petrol,Auto,"EMI ₹8,609/m*",₹3.87 lakh
641,Hyundai Creta,Hyundai,2017,"59,366 km",Petrol,Auto,"EMI ₹10,323/m*",₹5.28 lakh
642,Hyundai Grand i10,Hyundai,2013,"75,236 km",Petrol,Manual,"EMI ₹6,449/m*",₹1.37 lakh
643,Hyundai Xcent,Hyundai,2014,"42,216 km",Petrol,Manual,"EMI ₹7,075/m*",₹2.13 lakh
644,Hyundai Elite i20,Hyundai,2017,"53,717 km",Petrol,Manual,"EMI ₹8,264/m*",₹4.23 lakh
645,Maruti Wagon R 1.0,Maruti,2014,"87,492 km",Petrol,Manual,"EMI ₹5,912/m*",₹1.78 lakh
646,Maruti Wagon R 1.0,Maruti,2016,"42,705 km",Petrol,Manual,"EMI ₹5,494/m*",₹2.47 lakh
647,Hyundai Verna,Hyundai,2017,"74,214 km",Petrol,Manual,"EMI ₹10,596/m*",₹5.42 lakh
648,Maruti Ciaz,Maruti,2020,"47,925 km",Petrol,Manual,"EMI ₹10,553/m*",₹5.98 lakh
649,MG HECTOR,MG,2022,"41,170 km",Petrol,Auto,"EMI ₹19,109/m*",₹11.16 lakh
650,Honda City,Honda,2016,"72,808 km",Petrol,Auto,"EMI ₹10,121/m*",₹4.55 lakh
651,Maruti Baleno,Maruti,2018,"61,750 km",Petrol,Manual,"EMI ₹6,320/m*",₹3.58 lakh
652,Renault TRIBER,Renault,2023,"48,055 km",Petrol,Manual,"EMI ₹7,608/m*",₹4.31 lakh
653,Maruti Wagon R 1.0,Maruti,2016,"69,991 km",Petrol,Manual,"EMI ₹5,383/m*",₹2.42 lakh
654,Maruti Ertiga,Maruti,2022,"33,086 km",Petrol,Auto,"EMI ₹15,447/m*",₹9.02 lakh
655,Hyundai Grand i10,Hyundai,2018,"51,511 km",CNG,Manual,"EMI ₹7,363/m*",₹3.31 lakh
656,KIA SELTOS,KIA,2022,"35,386 km",Petrol,Manual,"EMI ₹17,845/m*",₹10.42 lakh
657,Honda Jazz,Honda,2015,"63,334 km",Petrol,Manual,"EMI ₹6,689/m*",₹2.54 lakh
658,Maruti Alto 800,Maruti,2019,"64,167 km",Petrol,Manual,"EMI ₹4,078/m*",₹2.31 lakh
659,Honda City,Honda,2014,"64,542 km",Petrol,Manual,"EMI ₹9,898/m*",₹2.98 lakh
660,Renault Kwid,Renault,2017,"41,687 km",Petrol,Auto,"EMI ₹4,684/m*",₹2.40 lakh
661,Maruti Ertiga,Maruti,2014,"83,739 km",CNG,Manual,"EMI ₹32,696/m*",₹3.68 lakh
662,Tata Tiago,Tata,2021,"72,428 km",Petrol,Manual,"EMI ₹5,649/m*",₹3.20 lakh
663,Renault Duster,Renault,2013,"1,35,055 km",Petrol,Manual,"EMI ₹8,944/m*",₹1.90 lakh
664,Maruti Alto 800,Maruti,2014,"50,625 km",Petrol,Manual,"EMI ₹4,716/m*",₹1.42 lakh
665,Ford Ecosport,Ford,2015,"83,407 km",Petrol,Auto,"EMI ₹8,427/m*",₹3.20 lakh
666,Maruti Celerio,Maruti,2022,"38,808 km",Petrol,Manual,"EMI ₹6,867/m*",₹3.89 lakh
667,Maruti Baleno,Maruti,2021,"70,240 km",Petrol,Auto,"EMI ₹8,981/m*",₹5.09 lakh
668,Hyundai Creta,Hyundai,2019,"85,070 km",Petrol,Auto,"EMI ₹12,216/m*",₹6.92 lakh
669,Tata Tiago,Tata,2022,"34,641 km",Petrol,Manual,"EMI ₹6,231/m*",₹3.53 lakh
670,Maruti Baleno,Maruti,2018,"61,767 km",Petrol,Manual,"EMI ₹6,443/m*",₹3.65 lakh
671,Hyundai GRAND I10 NIOS,Hyundai,2023,"14,226 km",CNG,Manual,"EMI ₹11,262/m*",₹6.38 lakh
672,KIA SELTOS,KIA,2020,"70,739 km",Petrol,Manual,"EMI ₹12,233/m*",₹6.93 lakh
673,Tata Tiago,Tata,2018,"68,178 km",Petrol,Auto,"EMI ₹6,022/m*",₹3.41 lakh
674,Honda City,Honda,2020,"57,142 km",Petrol,Manual,"EMI ₹11,492/m*",₹6.51 lakh
675,Hyundai Creta,Hyundai,2023,"18,891 km",Petrol,Manual,"EMI ₹19,143/m*",₹11.18 lakh
676,Maruti Ertiga,Maruti,2015,"16,811 km",Petrol,Manual,"EMI ₹11,482/m*",₹4.36 lakh
677,Maruti Swift Dzire,Maruti,2017,"81,419 km",Petrol,Manual,"EMI ₹5,728/m*",₹2.93 lakh
678,Maruti Alto K10,Maruti,2016,"24,328 km",Petrol,Manual,"EMI ₹5,116/m*",₹2.30 lakh
679,Hyundai i10,Hyundai,2014,"48,213 km",Petrol,Manual,"EMI ₹4,650/m*",₹1.40 lakh
680,Mahindra XUV700,Mahindra,2021,"92,783 km",Diesel,Auto,"EMI ₹30,704/m*",₹14.12 lakh
681,Maruti Wagon R 1.0,Maruti,2015,"48,072 km",Petrol,Manual,"EMI ₹5,741/m*",₹2.18 lakh
682,Hyundai i10,Hyundai,2014,"56,193 km",Petrol,Manual,"EMI ₹4,982/m*",₹1.50 lakh
683,KIA SONET,KIA,2020,"92,152 km",Petrol,Auto,"EMI ₹11,916/m*",₹6.75 lakh
684,Hyundai Grand i10,Hyundai,2014,"72,710 km",CNG,Manual,"EMI ₹22,252/m*",₹2.50 lakh
685,MG ASTOR,MG,2022,"17,169 km",Petrol,Manual,"EMI ₹15,051/m*",₹8.79 lakh
686,Tata Safari,Tata,2022,"37,287 km",Diesel,Auto,"EMI ₹26,077/m*",₹13.70 lakh
687,Ford Ecosport,Ford,2020,"33,963 km",Petrol,Manual,"EMI ₹11,033/m*",₹6.25 lakh
688,Maruti Ciaz,Maruti,2015,"83,773 km",Petrol,Manual,"EMI ₹7,874/m*",₹2.99 lakh
689,Maruti Ciaz,Maruti,2022,"67,478 km",Petrol,Auto,"EMI ₹12,322/m*",₹6.98 lakh
690,Hyundai Grand i10,Hyundai,2014,"65,529 km",Petrol,Manual,"EMI ₹6,709/m*",₹2.02 lakh
691,Hyundai VENUE,Hyundai,2019,"42,736 km",Petrol,Auto,"EMI ₹10,980/m*",₹6.22 lakh
692,Maruti Swift,Maruti,2016,"67,154 km",Petrol,Manual,"EMI ₹5,828/m*",₹2.62 lakh
693,Maruti Ciaz,Maruti,2019,"25,647 km",Petrol,Manual,"EMI ₹9,603/m*",₹5.44 lakh
694,Maruti Baleno,Maruti,2018,"51,393 km",Petrol,Manual,"EMI ₹6,761/m*",₹3.83 lakh
695,Skoda Octavia,Skoda,2022,"47,645 km",Petrol,Auto,"EMI ₹30,883/m*",₹18.04 lakh
696,Maruti Baleno,Maruti,2022,"39,857 km",Petrol,Manual,"EMI ₹10,366/m*",₹5.87 lakh
697,Honda City,Honda,2015,"78,070 km",Petrol,Auto,"EMI ₹9,270/m*",₹3.52 lakh
698,Maruti Alto,Maruti,2022,"30,517 km",CNG,Manual,"EMI ₹6,033/m*",₹3.42 lakh
699,Maruti Ertiga,Maruti,2022,"45,483 km",Petrol,Manual,"EMI ₹14,897/m*",₹8.70 lakh
700,Tata Tiago,Tata,2019,"68,757 km",Petrol,Manual,"EMI ₹5,402/m*",₹3.06 lakh
701,Hyundai Grand i10,Hyundai,2018,"81,830 km",Petrol,Manual,"EMI ₹5,387/m*",₹3.05 lakh
702,Maruti S PRESSO,Maruti,2021,"22,711 km",Petrol,Auto,"EMI ₹6,020/m*",₹3.41 lakh
703,Hyundai Creta,Hyundai,2017,"77,797 km",Petrol,Manual,"EMI ₹11,129/m*",₹5.69 lakh
704,Honda City,Honda,2019,"68,365 km",Petrol,Auto,"EMI ₹12,110/m*",₹6.86 lakh
705,Maruti Celerio,Maruti,2019,"18,713 km",Petrol,Manual,"EMI ₹5,929/m*",₹3.36 lakh
706,Renault Kwid,Renault,2017,"29,313 km",Petrol,Manual,"EMI ₹3,884/m*",₹1.99 lakh
707,Hyundai Elite i20,Hyundai,2016,"63,634 km",Petrol,Manual,"EMI ₹7,919/m*",₹3.56 lakh
708,Honda City,Honda,2016,"50,361 km",Petrol,Manual,"EMI ₹9,750/m*",₹4.38 lakh
709,Mahindra XUV700,Mahindra,2021,"60,237 km",Petrol,Auto,"EMI ₹22,653/m*",₹13.23 lakh
710,MG HECTOR PLUS,MG,2020,"55,406 km",Petrol,Auto,"EMI ₹17,362/m*",₹10.14 lakh
711,Maruti Swift Dzire,Maruti,2015,"1,04,627 km",CNG,Manual,"EMI ₹12,616/m*",₹2.68 lakh
712,Hyundai Elite i20,Hyundai,2018,"42,928 km",Petrol,Manual,"EMI ₹7,175/m*",₹4.06 lakh
713,Skoda SLAVIA,Skoda,2022,"78,412 km",Petrol,Manual,"EMI ₹16,951/m*",₹9.90 lakh
714,Ford Ecosport,Ford,2014,"74,404 km",Petrol,Manual,"EMI ₹8,669/m*",₹2.61 lakh
715,Renault Kwid,Renault,2019,"27,315 km",Petrol,Manual,"EMI ₹4,031/m*",₹2.28 lakh
716,Toyota Etios,Toyota,2012,"91,979 km",Petrol,Manual,"EMI ₹11,284/m*",₹1.27 lakh
717,Maruti Wagon R 1.0,Maruti,2017,"69,356 km",CNG,Manual,"EMI ₹7,536/m*",₹2.86 lakh
718,Hyundai Grand i10,Hyundai,2015,"38,574 km",Petrol,Manual,"EMI ₹6,926/m*",₹2.63 lakh
719,Hyundai VENUE,Hyundai,2023,"5,981 km",Petrol,Manual,"EMI ₹11,848/m*",₹6.71 lakh
720,Maruti Ciaz,Maruti,2020,"60,613 km",Petrol,Manual,"EMI ₹9,550/m*",₹5.41 lakh
721,Honda City,Honda,2015,"52,631 km",Petrol,Manual,"EMI ₹9,665/m*",₹3.67 lakh
722,Hyundai Grand i10,Hyundai,2016,"35,189 km",Petrol,Manual,"EMI ₹6,006/m*",₹2.70 lakh
723,Hyundai i10,Hyundai,2015,"55,435 km",Petrol,Manual,"EMI ₹4,924/m*",₹1.87 lakh
724,Tata TIGOR,Tata,2022,"70,473 km",CNG,Manual,"EMI ₹9,468/m*",₹5.36 lakh
725,Hyundai i10,Hyundai,2014,"35,672 km",Petrol,Manual,"EMI ₹5,458/m*",₹1.64 lakh
726,Tata NEXON,Tata,2022,"25,118 km",Petrol,Manual,"EMI ₹12,728/m*",₹7.21 lakh
727,Maruti Dzire,Maruti,2024,"22,482 km",Petrol,Manual,"EMI ₹11,545/m*",₹6.54 lakh
728,Tata TIGOR,Tata,2023,"25,490 km",CNG,Manual,"EMI ₹9,338/m*",₹5.29 lakh
729,Mahindra XUV700,Mahindra,2022,"52,998 km",Petrol,Manual,"EMI ₹20,804/m*",₹12.15 lakh
730,Honda Amaze,Honda,2016,"75,014 km",Petrol,Manual,"EMI ₹6,099/m*",₹2.74 lakh
731,Honda Jazz,Honda,2015,"59,611 km",Petrol,Auto,"EMI ₹7,813/m*",₹2.97 lakh
732,Hyundai AURA,Hyundai,2023,"22,764 km",Petrol,Auto,"EMI ₹11,595/m*",₹6.57 lakh
733,Hyundai Grand i10,Hyundai,2016,"52,592 km",Petrol,Manual,"EMI ₹5,990/m*",₹2.69 lakh
734,Hyundai Xcent,Hyundai,2015,"40,327 km",Petrol,Manual,"EMI ₹6,215/m*",₹2.36 lakh
735,Maruti Baleno,Maruti,2017,"54,837 km",Petrol,Manual,"EMI ₹7,194/m*",₹3.68 lakh
736,Honda Amaze,Honda,2014,"62,701 km",Petrol,Manual,"EMI ₹7,297/m*",₹2.20 lakh
737,Hyundai i10,Hyundai,2015,"37,919 km",Petrol,Manual,"EMI ₹5,082/m*",₹1.93 lakh
738,Maruti Swift,Maruti,2022,"39,745 km",Petrol,Auto,"EMI ₹9,356/m*",₹5.30 lakh
739,Hyundai Xcent,Hyundai,2014,"68,104 km",Petrol,Manual,"EMI ₹8,104/m*",₹2.44 lakh
740,Maruti Vitara Brezza,Maruti,2022,"32,698 km",Petrol,Manual,"EMI ₹12,535/m*",₹7.10 lakh
741,Maruti Swift Dzire,Maruti,2015,"60,805 km",Petrol,Manual,"EMI ₹6,978/m*",₹2.65 lakh
742,MG HECTOR,MG,2020,"72,238 km",Diesel,Manual,"EMI ₹23,778/m*",₹9.20 lakh
743,Honda City,Honda,2016,"73,025 km",Petrol,Manual,"EMI ₹8,297/m*",₹3.73 lakh
744,Maruti Swift,Maruti,2014,"90,315 km",Petrol,Manual,"EMI ₹6,809/m*",₹2.05 lakh
745,Honda City,Honda,2015,"64,853 km",Petrol,Manual,"EMI ₹9,375/m*",₹3.56 lakh
746,Hyundai NEW SANTRO,Hyundai,2019,"32,614 km",Petrol,Manual,"EMI ₹5,667/m*",₹3.21 lakh
747,Honda City,Honda,2014,"80,285 km",Petrol,Auto,"EMI ₹9,134/m*",₹2.75 lakh
748,Honda City,Honda,2015,"49,079 km",Petrol,Auto,"EMI ₹11,982/m*",₹4.55 lakh
749,Datsun Go,Datsun,2014,"36,599 km",Petrol,Manual,"EMI ₹4,176/m*",₹1.26 lakh
750,Maruti Ciaz,Maruti,2016,"80,669 km",Petrol,Auto,"EMI ₹8,357/m*",₹3.76 lakh
751,Renault Kwid,Renault,2018,"62,058 km",Petrol,Manual,"EMI ₹3,531/m*",₹2.00 lakh
752,Maruti Alto K10,Maruti,2016,"45,176 km",Petrol,Manual,"EMI ₹4,516/m*",₹2.03 lakh
753,Hyundai Xcent,Hyundai,2014,"71,613 km",Petrol,Manual,"EMI ₹6,377/m*",₹1.92 lakh
754,Maruti Ciaz,Maruti,2017,"35,410 km",Petrol,Manual,"EMI ₹9,521/m*",₹4.87 lakh
755,Renault Kwid,Renault,2016,"80,098 km",Petrol,Manual,"EMI ₹4,293/m*",₹1.93 lakh
756,Hyundai VENUE,Hyundai,2019,"77,534 km",Petrol,Auto,"EMI ₹10,274/m*",₹5.82 lakh
757,Honda Amaze,Honda,2015,"74,730 km",Petrol,Manual,"EMI ₹6,531/m*",₹2.48 lakh
758,Maruti Wagon R 1.0,Maruti,2017,"39,175 km",Petrol,Manual,"EMI ₹4,825/m*",₹2.47 lakh
759,MG HECTOR,MG,2023,"37,229 km",Petrol,Auto,"EMI ₹25,153/m*",₹14.69 lakh
760,Maruti Wagon R 1.0,Maruti,2014,"70,245 km",CNG,Manual,"EMI ₹16,881/m*",₹1.90 lakh
761,Hyundai Grand i10,Hyundai,2016,"72,832 km",Petrol,Auto,"EMI ₹6,162/m*",₹2.77 lakh
762,Maruti Swift Dzire,Maruti,2014,"52,209 km",Petrol,Manual,"EMI ₹7,340/m*",₹2.21 lakh
763,Maruti Swift Dzire,Maruti,2015,"58,758 km",Petrol,Manual,"EMI ₹7,711/m*",₹2.93 lakh
764,Hyundai Xcent,Hyundai,2018,"74,120 km",Petrol,Manual,"EMI ₹6,073/m*",₹3.44 lakh
765,Honda Amaze,Honda,2017,"41,403 km",Petrol,Manual,"EMI ₹7,260/m*",₹3.71 lakh
766,Hyundai i10,Hyundai,2014,"53,340 km",Petrol,Manual,"EMI ₹4,750/m*",₹1.43 lakh
767,Maruti Baleno,Maruti,2017,"38,588 km",Petrol,Manual,"EMI ₹7,686/m*",₹3.93 lakh
768,Maruti Celerio,Maruti,2016,"38,024 km",Petrol,Manual,"EMI ₹5,383/m*",₹2.42 lakh
769,Hyundai Grand i10,Hyundai,2015,"23,670 km",Petrol,Manual,"EMI ₹6,478/m*",₹2.46 lakh
770,Mahindra XUV700,Mahindra,2022,"59,885 km",Petrol,Manual,"EMI ₹21,386/m*",₹12.49 lakh
771,Hyundai Grand i10,Hyundai,2017,"46,097 km",Petrol,Manual,"EMI ₹5,533/m*",₹2.83 lakh
772,Hyundai Grand i10,Hyundai,2018,"72,057 km",Petrol,Manual,"EMI ₹5,119/m*",₹2.90 lakh
773,Maruti Swift,Maruti,2014,"38,370 km",Petrol,Manual,"EMI ₹7,606/m*",₹2.29 lakh
774,Maruti Alto 800,Maruti,2016,"64,405 km",CNG,Manual,"EMI ₹7,499/m*",₹2.26 lakh
775,Hyundai Elite i20,Hyundai,2014,"41,304 km",Petrol,Manual,"EMI ₹8,924/m*",₹2.69 lakh
776,MG HECTOR,MG,2021,"81,832 km",Petrol,Auto,"EMI ₹16,733/m*",₹9.77 lakh
777,Hyundai NEW SANTRO,Hyundai,2021,"52,308 km",CNG,Manual,"EMI ₹6,881/m*",₹3.90 lakh
778,Maruti Swift,Maruti,2016,"23,163 km",Petrol,Manual,"EMI ₹7,007/m*",₹3.15 lakh
779,Honda City,Honda,2014,"1,02,780 km",CNG,Manual,"EMI ₹26,566/m*",₹2.99 lakh
780,Honda City,Honda,2015,"83,292 km",Petrol,Manual,"EMI ₹9,567/m*",₹3.63 lakh
781,Maruti Alto K10,Maruti,2014,"48,947 km",Petrol,Auto,"EMI ₹6,111/m*",₹1.84 lakh
782,Hyundai Eon,Hyundai,2014,"32,394 km",CNG,Manual,"EMI ₹11,942/m*",₹1.34 lakh
783,Honda Amaze,Honda,2018,"62,085 km",Petrol,Manual,"EMI ₹6,214/m*",₹3.52 lakh
784,Honda City,Honda,2016,"73,688 km",Petrol,Auto,"EMI ₹10,611/m*",₹4.77 lakh
785,Maruti Swift,Maruti,2014,"44,131 km",Petrol,Manual,"EMI ₹6,444/m*",₹1.94 lakh
786,Maruti New Wagon-R,Maruti,2019,"67,127 km",Petrol,Manual,"EMI ₹6,020/m*",₹3.41 lakh
787,Maruti Wagon R 1.0,Maruti,2015,"25,712 km",Petrol,Manual,"EMI ₹5,240/m*",₹1.99 lakh
788,Maruti Baleno,Maruti,2018,"63,358 km",Petrol,Manual,"EMI ₹7,185/m*",₹4.07 lakh
789,KIA SONET,KIA,2023,"70,770 km",Petrol,Manual,"EMI ₹13,085/m*",₹7.41 lakh
790,Honda Amaze,Honda,2015,"74,628 km",Petrol,Manual,"EMI ₹5,714/m*",₹2.17 lakh
791,Ford Ecosport,Ford,2016,"71,072 km",Petrol,Auto,"EMI ₹8,809/m*",₹3.96 lakh
792,Nissan Micra Active,Nissan,2018,"50,586 km",Petrol,Manual,"EMI ₹4,590/m*",₹2.60 lakh
793,Hyundai Grand i10,Hyundai,2016,"68,250 km",Petrol,Manual,"EMI ₹6,050/m*",₹2.72 lakh
794,Maruti Dzire,Maruti,2018,"49,715 km",Petrol,Manual,"EMI ₹6,938/m*",₹3.93 lakh
795,Honda City,Honda,2016,"67,735 km",Petrol,Auto,"EMI ₹8,724/m*",₹3.92 lakh
796,Honda WR-V,Honda,2017,"73,082 km",Petrol,Manual,"EMI ₹7,904/m*",₹4.04 lakh
797,Hyundai Grand i10,Hyundai,2018,"42,839 km",Petrol,Manual,"EMI ₹5,808/m*",₹3.29 lakh
798,Honda Amaze,Honda,2017,"64,204 km",Petrol,Manual,"EMI ₹6,295/m*",₹3.22 lakh
799,Maruti Alto K10,Maruti,2015,"38,989 km",Petrol,Manual,"EMI ₹5,398/m*",₹2.05 lakh
800,Hyundai i10,Hyundai,2015,"75,430 km",Petrol,Manual,"EMI ₹5,188/m*",₹1.97 lakh
801,Maruti Swift,Maruti,2015,"28,712 km",Petrol,Manual,"EMI ₹8,111/m*",₹3.08 lakh
802,Maruti Ciaz,Maruti,2015,"92,340 km",Petrol,Manual,"EMI ₹9,210/m*",₹3.50 lakh
803,Honda Amaze,Honda,2019,"59,641 km",Petrol,Manual,"EMI ₹7,767/m*",₹4.40 lakh
804,Honda City,Honda,2016,"91,157 km",Petrol,Manual,"EMI ₹8,097/m*",₹3.64 lakh
805,Hyundai Grand i10,Hyundai,2017,"62,191 km",Petrol,Manual,"EMI ₹5,627/m*",₹2.88 lakh
806,Hyundai NEW SANTRO,Hyundai,2022,"46,996 km",CNG,Manual,"EMI ₹7,418/m*",₹4.20 lakh
807,Maruti Celerio,Maruti,2015,"40,792 km",Petrol,Auto,"EMI ₹6,557/m*",₹2.49 lakh
808,Honda City,Honda,2016,"65,297 km",Petrol,Auto,"EMI ₹9,947/m*",₹4.47 lakh
809,Honda City,Honda,2014,"53,327 km",Petrol,Manual,"EMI ₹10,197/m*",₹3.07 lakh
810,Hyundai NEW SANTRO,Hyundai,2022,"15,796 km",Petrol,Auto,"EMI ₹7,598/m*",₹4.30 lakh
811,Maruti Celerio,Maruti,2016,"66,324 km",Petrol,Manual,"EMI ₹5,094/m*",₹2.29 lakh
812,Hyundai Grand i10,Hyundai,2015,"43,553 km",Petrol,Manual,"EMI ₹6,794/m*",₹2.58 lakh
813,Maruti Swift Dzire,Maruti,2014,"54,963 km",Petrol,Manual,"EMI ₹8,138/m*",₹2.45 lakh
814,Renault Kwid,Renault,2017,"41,654 km",Petrol,Manual,"EMI ₹4,164/m*",₹2.13 lakh
815,Honda Jazz,Honda,2016,"94,262 km",Petrol,Manual,"EMI ₹5,494/m*",₹2.47 lakh
816,Maruti Swift Dzire,Maruti,2015,"46,995 km",Petrol,Manual,"EMI ₹6,373/m*",₹2.42 lakh
817,Maruti Ciaz,Maruti,2017,"94,660 km",Petrol,Manual,"EMI ₹7,722/m*",₹3.95 lakh
818,Maruti New Wagon-R,Maruti,2023,"33,092 km",CNG,Manual,"EMI ₹8,157/m*",₹4.62 lakh
819,Hyundai Elite i20,Hyundai,2017,"71,613 km",Petrol,Manual,"EMI ₹7,155/m*",₹3.66 lakh
820,Hyundai Verna,Hyundai,2017,"54,792 km",Petrol,Auto,"EMI ₹12,238/m*",₹6.26 lakh
821,Maruti Wagon R 1.0,Maruti,2014,"74,033 km",Petrol,Manual,"EMI ₹5,381/m*",₹1.62 lakh
822,Hyundai VENUE,Hyundai,2020,"50,605 km",Petrol,Auto,"EMI ₹11,651/m*",₹6.60 lakh
823,Maruti Celerio,Maruti,2016,"86,564 km",Petrol,Auto,"EMI ₹5,339/m*",₹2.40 lakh
824,Hyundai Xcent,Hyundai,2016,"84,195 km",Petrol,Manual,"EMI ₹5,750/m*",₹2.58 lakh
825,Honda Amaze,Honda,2016,"67,123 km",Petrol,Manual,"EMI ₹5,828/m*",₹2.62 lakh
826,Maruti Wagon R 1.0,Maruti,2015,"47,105 km",Petrol,Manual,"EMI ₹5,056/m*",₹1.92 lakh
827,Maruti Swift,Maruti,2016,"43,067 km",Petrol,Manual,"EMI ₹6,874/m*",₹3.09 lakh
828,Honda City,Honda,2016,"90,298 km",CNG,Manual,"EMI ₹14,946/m*",₹4.50 lakh
829,Tata NEXON,Tata,2023,"21,216 km",Petrol,Manual,"EMI ₹16,115/m*",₹9.41 lakh
830,Maruti Wagon R 1.0,Maruti,2014,"65,448 km",Petrol,Manual,"EMI ₹6,344/m*",₹1.91 lakh
831,Hyundai Grand i10,Hyundai,2014,"72,675 km",Petrol,Manual,"EMI ₹7,805/m*",₹2.35 lakh
832,Maruti Baleno,Maruti,2016,"94,575 km",Petrol,Manual,"EMI ₹7,741/m*",₹3.48 lakh
833,Maruti Swift,Maruti,2015,"39,861 km",Petrol,Manual,"EMI ₹7,268/m*",₹2.76 lakh
834,Maruti Wagon R 1.0,Maruti,2014,"32,154 km",Petrol,Manual,"EMI ₹5,713/m*",₹1.72 lakh
835,Maruti Baleno,Maruti,2016,"81,162 km",Petrol,Manual,"EMI ₹6,896/m*",₹3.10 lakh
836,Hyundai Elite i20,Hyundai,2015,"78,784 km",Petrol,Manual,"EMI ₹9,401/m*",₹3.57 lakh
837,Hyundai Grand i10,Hyundai,2014,"17,274 km",Petrol,Manual,"EMI ₹7,274/m*",₹2.19 lakh
838,Hyundai AURA,Hyundai,2020,"76,765 km",Petrol,Manual,"EMI ₹7,967/m*",₹4.51 lakh
839,Maruti Wagon R 1.0,Maruti,2015,"39,871 km",Petrol,Manual,"EMI ₹6,161/m*",₹2.34 lakh
840,Hyundai Grand i10,Hyundai,2015,"73,514 km",Petrol,Manual,"EMI ₹6,162/m*",₹2.34 lakh
841,Hyundai Xcent,Hyundai,2014,"97,811 km",Petrol,Manual,"EMI ₹7,174/m*",₹2.16 lakh
842,Maruti Wagon R 1.0,Maruti,2014,"99,256 km",CNG,Manual,"EMI ₹15,282/m*",₹1.72 lakh
843,Maruti Swift Dzire,Maruti,2014,"49,364 km",Petrol,Manual,"EMI ₹7,805/m*",₹2.35 lakh
844,Maruti Alto K10,Maruti,2015,"55,739 km",Petrol,Manual,"EMI ₹4,872/m*",₹1.85 lakh
845,Maruti Swift,Maruti,2016,"64,708 km",Petrol,Manual,"EMI ₹6,785/m*",₹3.05 lakh
846,Hyundai Grand i10,Hyundai,2015,"61,896 km",Petrol,Manual,"EMI ₹6,610/m*",₹2.51 lakh
847,Hyundai Grand i10,Hyundai,2016,"51,058 km",Petrol,Manual,"EMI ₹6,584/m*",₹2.96 lakh
848,Hyundai Grand i10,Hyundai,2015,"37,293 km",Petrol,Manual,"EMI ₹6,531/m*",₹2.48 lakh
849,Maruti Wagon R 1.0,Maruti,2016,"62,792 km",CNG,Manual,"EMI ₹7,639/m*",₹2.30 lakh
850,Honda Amaze,Honda,2014,"35,055 km",Petrol,Manual,"EMI ₹8,104/m*",₹2.44 lakh
851,Maruti Wagon R 1.0,Maruti,2014,"58,574 km",Petrol,Manual,"EMI ₹5,713/m*",₹1.72 lakh
852,Hyundai i10,Hyundai,2016,"58,512 km",Petrol,Manual,"EMI ₹4,760/m*",₹2.14 lakh
853,Hyundai Grand i10,Hyundai,2015,"51,234 km",Petrol,Manual,"EMI ₹6,815/m*",₹2.59 lakh
854,Maruti Ertiga,Maruti,2016,"25,159 km",Petrol,Manual,"EMI ₹11,703/m*",₹5.26 lakh
855,Hyundai Grand i10,Hyundai,2014,"15,578 km",Petrol,Manual,"EMI ₹8,569/m*",₹2.58 lakh
856,Maruti Swift Dzire,Maruti,2014,"63,567 km",Petrol,Manual,"EMI ₹7,473/m*",₹2.25 lakh
857,Maruti Baleno,Maruti,2016,"43,646 km",Petrol,Manual,"EMI ₹7,185/m*",₹3.23 lakh
858,Hyundai Grand i10,Hyundai,2015,"56,717 km",Petrol,Manual,"EMI ₹5,951/m*",₹2.26 lakh
859,Hyundai i10,Hyundai,2015,"66,370 km",Petrol,Manual,"EMI ₹5,056/m*",₹1.92 lakh
860,Honda Amaze,Honda,2014,"73,012 km",Petrol,Manual,"EMI ₹7,241/m*",₹2.18 lakh
861,Honda Amaze,Honda,2014,"70,399 km",Petrol,Manual,"EMI ₹7,052/m*",₹2.12 lakh
862,Hyundai Grand i10,Hyundai,2016,"85,455 km",Petrol,Manual,"EMI ₹6,006/m*",₹2.70 lakh
863,Hyundai Grand i10,Hyundai,2014,"33,354 km",Petrol,Manual,"EMI ₹8,160/m*",₹2.46 lakh
864,Honda City,Honda,2014,"52,843 km",Petrol,Manual,"EMI ₹11,293/m*",₹3.40 lakh
865,Toyota Etios,Toyota,2014,"59,486 km",Petrol,Manual,"EMI ₹7,141/m*",₹2.15 lakh
866,Honda Amaze,Honda,2014,"42,045 km",Petrol,Manual,"EMI ₹8,270/m*",₹2.49 lakh
867,Hyundai i10,Hyundai,2014,"35,058 km",Petrol,Manual,"EMI ₹6,145/m*",₹1.85 lakh
868,Maruti Baleno,Maruti,2017,"93,326 km",Petrol,Auto,"EMI ₹6,843/m*",₹3.50 lakh
869,Hyundai i10,Hyundai,2014,"72,015 km",Petrol,Manual,"EMI ₹5,547/m*",₹1.67 lakh
870,Maruti Celerio,Maruti,2015,"46,926 km",Petrol,Auto,"EMI ₹7,215/m*",₹2.74 lakh
871,Maruti Swift Dzire,Maruti,2015,"61,121 km",Petrol,Manual,"EMI ₹7,795/m*",₹2.96 lakh
872,Honda Amaze,Honda,2014,"55,014 km",Petrol,Manual,"EMI ₹7,374/m*",₹2.22 lakh
873,Honda Amaze,Honda,2016,"92,186 km",Petrol,Manual,"EMI ₹5,979/m*",₹2.69 lakh
874,Maruti Alto K10,Maruti,2016,"64,491 km",Petrol,Manual,"EMI ₹4,471/m*",₹2.01 lakh
875,Hyundai Grand i10,Hyundai,2014,"62,932 km",Petrol,Manual,"EMI ₹8,065/m*",₹2.43 lakh
876,Maruti Alto K10,Maruti,2015,"72,630 km",Petrol,Manual,"EMI ₹6,121/m*",₹2.32 lakh
877,Honda Amaze,Honda,2014,"71,263 km",Petrol,Manual,"EMI ₹8,237/m*",₹2.48 lakh
878,Hyundai Grand i10,Hyundai,2015,"54,384 km",Petrol,Manual,"EMI ₹6,346/m*",₹2.41 lakh
879,Maruti Swift,Maruti,2016,"59,608 km",Petrol,Manual,"EMI ₹6,295/m*",₹2.83 lakh
880,Maruti Wagon R 1.0,Maruti,2014,"59,265 km",Petrol,Manual,"EMI ₹6,244/m*",₹1.88 lakh
881,Honda Amaze,Honda,2014,"41,297 km",Petrol,Manual,"EMI ₹7,573/m*",₹2.28 lakh
882,Maruti Celerio,Maruti,2014,"77,017 km",Petrol,Manual,"EMI ₹6,743/m*",₹2.03 lakh
883,Hyundai i10,Hyundai,2013,"60,984 km",Petrol,Auto,"EMI ₹8,461/m*",₹1.80 lakh
884,Hyundai Grand i10,Hyundai,2014,"72,415 km",Petrol,Manual,"EMI ₹8,270/m*",₹2.49 lakh
885,Honda City,Honda,2014,"70,800 km",Petrol,Manual,"EMI ₹11,725/m*",₹3.53 lakh
886,Maruti Wagon R 1.0,Maruti,2014,"75,577 km",Petrol,Manual,"EMI ₹6,588/m*",₹1.98 lakh
887,Hyundai Grand i10,Hyundai,2015,"55,078 km",Petrol,Manual,"EMI ₹6,820/m*",₹2.59 lakh
888,Hyundai Grand i10,Hyundai,2015,"87,337 km",Petrol,Manual,"EMI ₹6,583/m*",₹2.50 lakh
889,Maruti Wagon R 1.0,Maruti,2014,"60,043 km",Petrol,Manual,"EMI ₹6,377/m*",₹1.92 lakh
890,Hyundai i10,Hyundai,2014,"38,066 km",Petrol,Manual,"EMI ₹5,705/m*",₹1.72 lakh
891,KIA SONET,KIA,2020,"65,301 km",Diesel,Auto,"EMI ₹21,891/m*",₹8.47 lakh
892,Tata NEXON,Tata,2023,"17,910 km",Petrol,Manual,"EMI ₹14,324/m*",₹8.37 lakh
893,Hyundai GRAND I10 NIOS,Hyundai,2020,"40,710 km",CNG,Manual,"EMI ₹8,116/m*",₹4.60 lakh
894,Hyundai EXTER,Hyundai,2023,"80,793 km",CNG,Manual,"EMI ₹11,884/m*",₹6.73 lakh
895,Hyundai Grand i10,Hyundai,2015,"81,963 km",Petrol,Manual,"EMI ₹5,549/m*",₹2.11 lakh
896,KIA SONET,KIA,2021,"42,480 km",Petrol,Manual,"EMI ₹11,553/m*",₹6.54 lakh
897,Maruti Swift,Maruti,2020,"77,176 km",Petrol,Manual,"EMI ₹7,410/m*",₹4.20 lakh
898,Hyundai NEW I20,Hyundai,2023,"26,119 km",Petrol,Auto,"EMI ₹13,947/m*",₹7.90 lakh
899,Honda City,Honda,2015,"92,761 km",Petrol,Auto,"EMI ₹12,176/m*",₹4.62 lakh
900,Hyundai Creta,Hyundai,2017,"36,922 km",Petrol,Manual,"EMI ₹12,402/m*",₹6.34 lakh
901,Tata TIGOR,Tata,2022,"65,676 km",CNG,Manual,"EMI ₹9,468/m*",₹5.36 lakh
902,KIA SELTOS,KIA,2019,"64,002 km",Petrol,Manual,"EMI ₹16,394/m*",₹9.57 lakh
903,Maruti Swift,Maruti,2017,"64,841 km",Petrol,Manual,"EMI ₹5,961/m*",₹3.05 lakh
904,Honda Amaze,Honda,2019,"87,979 km",Petrol,Manual,"EMI ₹8,368/m*",₹4.74 lakh
905,Tata NEXON,Tata,2018,"52,722 km",Petrol,Manual,"EMI ₹7,081/m*",₹4.01 lakh
906,Renault Kwid,Renault,2017,"50,004 km",Petrol,Auto,"EMI ₹4,615/m*",₹2.36 lakh
907,Maruti Baleno,Maruti,2018,"81,033 km",Petrol,Auto,"EMI ₹8,305/m*",₹4.70 lakh
908,Hyundai i10,Hyundai,2014,"65,308 km",Petrol,Manual,"EMI ₹6,547/m*",₹1.97 lakh
909,Hyundai NEW I20 N LINE,Hyundai,2024,"27,493 km",Petrol,Auto,"EMI ₹15,508/m*",₹9.06 lakh
910,Mahindra TUV300,Mahindra,2017,"36,639 km",Diesel,Manual,"EMI ₹32,874/m*",₹3.70 lakh
911,Maruti Swift,Maruti,2018,"31,171 km",Petrol,Manual,"EMI ₹5,737/m*",₹3.25 lakh
912,Tata PUNCH,Tata,2023,"43,088 km",Petrol,Manual,"EMI ₹6,967/m*",₹3.95 lakh
913,Tata PUNCH,Tata,2022,"41,245 km",Petrol,Manual,"EMI ₹8,209/m*",₹4.65 lakh
914,Maruti Wagon R 1.0,Maruti,2017,"1,84,995 km",Petrol,Manual,"EMI ₹4,785/m*",₹2.15 lakh
915,Maruti Alto 800,Maruti,2013,"97,500 km",Petrol,Manual,"EMI ₹6,072/m*",₹1.29 lakh
916,Tata Zest,Tata,2016,"1,07,374 km",Petrol,Manual,"EMI ₹4,382/m*",₹1.97 lakh
917,Datsun Redi Go,Datsun,2018,"62,691 km",Petrol,Manual,"EMI ₹2,560/m*",₹1.45 lakh
918,Maruti Celerio,Maruti,2015,"1,67,165 km",Petrol,Manual,"EMI ₹5,688/m*",₹2.16 lakh
919,Maruti Wagon R 1.0,Maruti,2017,"1,09,000 km",Petrol,Manual,"EMI ₹5,494/m*",₹2.47 lakh
920,Maruti Swift,Maruti,2013,"1,94,099 km",Petrol,Manual,"EMI ₹9,132/m*",₹1.94 lakh
921,Volkswagen Polo,Volkswagen,2020,"95,573 km",Diesel,Manual,"EMI ₹5,267/m*",₹2.00 lakh
922,Hyundai i10,Hyundai,2012,"1,06,133 km",Petrol,Manual,"EMI ₹10,306/m*",₹1.16 lakh
923,Volkswagen Polo,Volkswagen,2014,"73,547 km",Petrol,Manual,"EMI ₹8,702/m*",₹2.62 lakh
924,Maruti Swift,Maruti,2013,"40,164 km",Petrol,Manual,"EMI ₹11,228/m*",₹2.39 lakh
925,Maruti Wagon R 1.0,Maruti,2015,"68,378 km",Petrol,Manual,"EMI ₹3,950/m*",₹1.50 lakh
926,Maruti Alto 800,Maruti,2014,"1,05,285 km",Petrol,Manual,"EMI ₹3,820/m*",₹1.15 lakh
927,Maruti Swift,Maruti,2018,"1,12,201 km",Petrol,Manual,"EMI ₹6,651/m*",₹2.99 lakh
928,Hyundai Eon,Hyundai,2017,"39,991 km",Petrol,Manual,"EMI ₹3,930/m*",₹2.01 lakh
929,Hyundai i20,Hyundai,2012,"32,524 km",Petrol,Manual,"EMI ₹13,683/m*",₹1.54 lakh
930,Tata PUNCH,Tata,2023,"14,954 km",Petrol,Manual,"EMI ₹10,574/m*",₹5.99 lakh
931,Maruti Swift,Maruti,2017,"3,35,367 km",Diesel,Manual,"EMI ₹22,301/m*",₹2.51 lakh
932,Maruti Wagon R 1.0,Maruti,2017,"30,222 km",Petrol,Manual,"EMI ₹5,748/m*",₹2.94 lakh
933,Maruti Swift,Maruti,2015,"69,316 km",Petrol,Manual,"EMI ₹7,584/m*",₹2.88 lakh
934,Maruti Wagon R 1.0,Maruti,2012,"74,098 km",Petrol,Manual,"EMI ₹10,928/m*",₹1.23 lakh
935,Tata TIGOR,Tata,2019,"37,961 km",Petrol,Manual,"EMI ₹5,967/m*",₹3.38 lakh
936,Maruti Wagon R 1.0,Maruti,2016,"99,525 km",Petrol,Manual,"EMI ₹5,494/m*",₹2.47 lakh
937,Honda Amaze,Honda,2018,"65,499 km",Petrol,Manual,"EMI ₹7,308/m*",₹4.14 lakh
938,Renault Duster,Renault,2014,"86,921 km",Petrol,Manual,"EMI ₹7,241/m*",₹2.18 lakh
939,Hyundai Grand i10,Hyundai,2014,"15,746 km",Petrol,Manual,"EMI ₹7,772/m*",₹2.34 lakh
940,Maruti Alto K10,Maruti,2017,"91,825 km",Petrol,Manual,"EMI ₹4,594/m*",₹2.35 lakh
941,Mahindra TUV300,Mahindra,2016,"90,604 km",Diesel,Manual,"EMI ₹4,594/m*",₹3.72 lakh
942,Maruti Celerio,Maruti,2017,"1,82,857 km",Petrol,Manual,"EMI ₹5,672/m*",₹2.55 lakh
943,Mahindra TUV300,Mahindra,2016,"57,199 km",Diesel,Manual,"EMI ₹5,672/m*",₹3.50 lakh
944,Maruti Swift,Maruti,2019,"25,000 km",Petrol,Manual,"EMI ₹6,143/m*",₹3.48 lakh
945,Renault TRIBER,Renault,2022,"32,392 km",Petrol,Manual,"EMI ₹9,074/m*",₹5.14 lakh
946,Maruti Wagon R 1.0,Maruti,2014,"66,401 km",Petrol,Manual,"EMI ₹4,982/m*",₹1.50 lakh
947,Hyundai Grand i10,Hyundai,2014,"74,708 km",Petrol,Manual,"EMI ₹5,646/m*",₹1.70 lakh
948,Hyundai Grand i10,Hyundai,2016,"72,920 km",Petrol,Manual,"EMI ₹4,872/m*",₹2.19 lakh
949,Maruti Wagon R 1.0,Maruti,2018,"1,02,711 km",Petrol,Manual,"EMI ₹7,229/m*",₹3.25 lakh
950,Volkswagen Polo,Volkswagen,2021,"54,358 km",Petrol,Auto,"EMI ₹10,786/m*",₹6.11 lakh
951,Maruti Ertiga,Maruti,2024,"29,275 km",Petrol,Manual,"EMI ₹18,835/m*",₹11.00 lakh
952,Maruti Celerio,Maruti,2014,"1,24,860 km",Petrol,Manual,"EMI ₹6,410/m*",₹1.93 lakh
953,Hyundai i10,Hyundai,2015,"22,972 km",Petrol,Manual,"EMI ₹5,293/m*",₹2.01 lakh
954,Renault Kwid,Renault,2021,"17,871 km",Petrol,Manual,"EMI ₹4,413/m*",₹2.50 lakh
955,Renault Kwid,Renault,2015,"43,412 km",Petrol,Manual,"EMI ₹3,055/m*",₹1.16 lakh
956,Mahindra Kuv100,Mahindra,2017,"58,000 km",Petrol,Manual,"EMI ₹4,223/m*",₹2.16 lakh
957,Hyundai Grand i10,Hyundai,2014,"1,00,428 km",Petrol,Manual,"EMI ₹7,141/m*",₹2.15 lakh
958,Hyundai i10,Hyundai,2013,"20,220 km",Petrol,Manual,"EMI ₹13,228/m*",₹2.81 lakh
959,Volkswagen Vento,Volkswagen,2018,"84,972 km",Petrol,Auto,"EMI ₹9,427/m*",₹5.34 lakh
960,Maruti Dzire,Maruti,2019,"72,932 km",Petrol,Auto,"EMI ₹7,061/m*",₹4.00 lakh
961,Nissan MAGNITE,Nissan,2021,"15,328 km",Petrol,Manual,"EMI ₹7,873/m*",₹4.46 lakh
962,Hyundai i20,Hyundai,2012,"1,08,001 km",Petrol,Manual,"EMI ₹9,862/m*",₹1.11 lakh
963,Nissan MAGNITE,Nissan,2021,"40,493 km",Petrol,Auto,"EMI ₹10,486/m*",₹5.94 lakh
964,Maruti Baleno,Maruti,2017,"1,00,115 km",Petrol,Manual,"EMI ₹8,141/m*",₹3.66 lakh
965,Honda Brio,Honda,2012,"51,015 km",Petrol,Manual,"EMI ₹13,327/m*",₹1.50 lakh
966,Ford Ecosport,Ford,2017,"1,09,852 km",Petrol,Manual,"EMI ₹7,096/m*",₹3.19 lakh
967,Renault Kiger,Renault,2021,"13,890 km",Petrol,Manual,"EMI ₹5,578/m*",₹3.16 lakh
968,Honda Amaze,Honda,2015,"1,06,151 km",Petrol,Manual,"EMI ₹6,504/m*",₹2.47 lakh
969,Maruti New Wagon-R,Maruti,2019,"55,582 km",Petrol,Manual,"EMI ₹6,302/m*",₹3.57 lakh
970,Maruti Ciaz,Maruti,2016,"92,609 km",Diesel,Manual,"EMI ₹6,302/m*",₹2.21 lakh
971,Hyundai i20,Hyundai,2011,"68,382 km",Petrol,Manual,"EMI ₹6,302/m*",₹1.05 lakh
972,Ford Ecosport,Ford,2016,"57,941 km",Diesel,Manual,"EMI ₹6,302/m*",₹3.04 lakh
973,Tata Tiago,Tata,2018,"75,756 km",Petrol,Manual,"EMI ₹3,425/m*",₹1.94 lakh
974,Hyundai Creta,Hyundai,2017,"1,15,423 km",Diesel,Manual,"EMI ₹35,451/m*",₹3.99 lakh
975,Tata NEXON,Tata,2024,"14,456 km",Petrol,Auto,"EMI ₹14,075/m*",₹8.22 lakh
976,Honda City,Honda,2014,"61,767 km",Petrol,Manual,"EMI ₹13,153/m*",₹3.96 lakh
977,Tata PUNCH,Tata,2025,"21,160 km",Petrol,Manual,"EMI ₹12,339/m*",₹6.99 lakh
978,Honda Jazz,Honda,2015,"86,721 km",Petrol,Manual,"EMI ₹6,636/m*",₹2.52 lakh
979,Honda Amaze,Honda,2015,"1,36,833 km",Petrol,Manual,"EMI ₹6,926/m*",₹2.63 lakh
980,Maruti Swift,Maruti,2019,"1,71,337 km",Petrol,Manual,"EMI ₹8,898/m*",₹4.00 lakh
981,Nissan MAGNITE,Nissan,2021,"45,525 km",Petrol,Manual,"EMI ₹6,426/m*",₹3.64 lakh
982,Honda WR-V,Honda,2020,"91,938 km",Petrol,Manual,"EMI ₹9,497/m*",₹5.38 lakh
983,Ford Ecosport,Ford,2018,"72,263 km",Diesel,Manual,"EMI ₹22,089/m*",₹4.69 lakh
984,Hyundai Elite i20,Hyundai,2018,"79,190 km",Petrol,Manual,"EMI ₹6,743/m*",₹3.82 lakh
985,Tata Tiago,Tata,2018,"69,743 km",Petrol,Auto,"EMI ₹5,649/m*",₹3.20 lakh
986,Honda City,Honda,2015,"66,453 km",Petrol,Manual,"EMI ₹10,060/m*",₹3.82 lakh
987,Ford Ecosport,Ford,2018,"45,952 km",Diesel,Manual,"EMI ₹21,513/m*",₹4.57 lakh
988,Maruti Baleno,Maruti,2023,"70,799 km",Petrol,Manual,"EMI ₹7,714/m*",₹4.37 lakh
989,Hyundai Eon,Hyundai,2016,"93,443 km",Petrol,Manual,"EMI ₹2,558/m*",₹1.15 lakh
990,Ford Ecosport,Ford,2016,"1,03,250 km",Diesel,Manual,"EMI ₹2,558/m*",₹3.33 lakh
991,Maruti New Wagon-R,Maruti,2019,"2,10,850 km",Petrol,Manual,"EMI ₹7,363/m*",₹3.31 lakh
992,Honda Amaze,Honda,2017,"83,890 km",Diesel,Manual,"EMI ₹29,764/m*",₹3.35 lakh
993,Honda Amaze,Honda,2017,"85,099 km",Petrol,Manual,"EMI ₹7,194/m*",₹3.68 lakh
994,Maruti New Wagon-R,Maruti,2023,"32,770 km",Petrol,Manual,"EMI ₹8,650/m*",₹4.90 lakh
995,Volkswagen Vento,Volkswagen,2013,"1,06,443 km",Petrol,Manual,"EMI ₹6,025/m*",₹1.28 lakh
996,Renault Kwid,Renault,2017,"52,481 km",Petrol,Manual,"EMI ₹2,717/m*",₹1.39 lakh
997,Jeep Compass,Jeep,2017,"1,34,446 km",Petrol,Auto,"EMI ₹17,503/m*",₹8.05 lakh
998,Maruti IGNIS,Maruti,2018,"45,026 km",Petrol,Auto,"EMI ₹5,931/m*",₹3.36 lakh
999,Ford Ecosport,Ford,2016,"84,602 km",Diesel,Manual,"EMI ₹5,931/m*",₹3.25 lakh
1000,Honda Jazz,Honda,2017,"69,198 km",Petrol,Manual,"EMI ₹4,868/m*",₹2.49 lakh
1001,Tata Zest,Tata,2015,"42,176 km",Petrol,Manual,"EMI ₹4,345/m*",₹1.65 lakh
1002,Maruti Baleno,Maruti,2020,"51,599 km",Petrol,Manual,"EMI ₹8,032/m*",₹4.55 lakh
1003,Maruti Baleno,Maruti,2022,"44,480 km",Petrol,Manual,"EMI ₹9,780/m*",₹5.54 lakh
1004,Tata Hexa,Tata,2018,"63,287 km",Diesel,Manual,"EMI ₹26,502/m*",₹5.63 lakh
1005,Maruti Vitara Brezza,Maruti,2019,"1,16,171 km",Diesel,Manual,"EMI ₹16,939/m*",₹5.10 lakh
1006,Maruti Celerio,Maruti,2020,"86,805 km",Petrol,Manual,"EMI ₹5,967/m*",₹3.38 lakh
1007,Mahindra BOLERO NEO,Mahindra,2023,"21,815 km",Diesel,Manual,"EMI ₹16,557/m*",₹9.67 lakh
1008,Maruti Celerio,Maruti,2018,"97,108 km",Petrol,Manual,"EMI ₹5,172/m*",₹2.93 lakh
1009,Hyundai Elite i20,Hyundai,2016,"76,501 km",Petrol,Manual,"EMI ₹5,806/m*",₹2.61 lakh
1010,Hyundai GRAND I10 NIOS,Hyundai,2022,"36,572 km",Petrol,Manual,"EMI ₹8,897/m*",₹5.04 lakh
1011,Maruti Grand Vitara,Maruti,2023,"5,540 km",Petrol,Manual,"EMI ₹14,948/m*",₹8.73 lakh
1012,Renault Kwid,Renault,2016,"89,225 km",Petrol,Manual,"EMI ₹2,336/m*",₹1.05 lakh
1013,Nissan Sunny,Nissan,2018,"65,000 km",Petrol,Manual,"EMI ₹4,131/m*",₹2.34 lakh
1014,Tata Tiago,Tata,2019,"44,126 km",Petrol,Manual,"EMI ₹4,572/m*",₹2.59 lakh
1015,Hyundai GRAND I10 NIOS,Hyundai,2023,"26,523 km",Petrol,Manual,"EMI ₹10,239/m*",₹5.80 lakh
1016,Maruti Ciaz,Maruti,2016,"97,215 km",Petrol,Manual,"EMI ₹6,673/m*",₹3.00 lakh
1017,Hyundai Verna,Hyundai,2021,"51,547 km",Diesel,Manual,"EMI ₹14,726/m*",₹6.62 lakh
1018,Honda WR-V,Honda,2018,"49,988 km",Petrol,Manual,"EMI ₹7,961/m*",₹4.51 lakh
1019,Datsun Go,Datsun,2018,"17,414 km",Petrol,Manual,"EMI ₹2,913/m*",₹1.65 lakh
1020,Honda WR-V,Honda,2018,"78,915 km",Diesel,Manual,"EMI ₹22,077/m*",₹4.69 lakh
1021,Maruti Swift,Maruti,2017,"35,161 km",Petrol,Manual,"EMI ₹6,256/m*",₹3.20 lakh
1022,Ford Ecosport,Ford,2019,"1,12,149 km",Diesel,Manual,"EMI ₹16,973/m*",₹5.11 lakh
1023,Maruti SX4,Maruti,2011,"91,348 km",Petrol,Manual,"EMI ₹16,973/m*",₹1.08 lakh
1024,Volkswagen Polo,Volkswagen,2011,"75,931 km",Petrol,Manual,"EMI ₹16,973/m*",₹0.84 lakh
1025,Hyundai Grand i10,Hyundai,2015,"13,712 km",Petrol,Manual,"EMI ₹8,269/m*",₹3.14 lakh
1026,Hyundai Verna,Hyundai,2017,"1,04,893 km",Diesel,Auto,"EMI ₹33,763/m*",₹3.80 lakh
1027,Maruti S PRESSO,Maruti,2020,"3,798 km",Petrol,Manual,"EMI ₹5,949/m*",₹3.37 lakh
1028,Maruti Swift,Maruti,2018,"63,738 km",Petrol,Manual,"EMI ₹5,596/m*",₹3.17 lakh
1029,Maruti Swift,Maruti,2018,"86,398 km",Petrol,Manual,"EMI ₹5,614/m*",₹3.18 lakh
1030,Honda City,Honda,2015,"1,10,862 km",Petrol,Manual,"EMI ₹10,771/m*",₹4.09 lakh
1031,Maruti Swift,Maruti,2021,"59,774 km",Petrol,Manual,"EMI ₹5,967/m*",₹3.38 lakh
1032,Honda Amaze,Honda,2018,"72,961 km",Petrol,Manual,"EMI ₹5,702/m*",₹3.23 lakh
1033,Maruti Baleno,Maruti,2023,"39,312 km",Petrol,Manual,"EMI ₹8,279/m*",₹4.69 lakh
1034,Hyundai ALCAZAR,Hyundai,2022,"89,036 km",Petrol,Auto,"EMI ₹21,454/m*",₹12.53 lakh
1035,Honda City,Honda,2011,"1,14,966 km",Petrol,Manual,"EMI ₹21,454/m*",₹1.31 lakh
1036,Hyundai Santro Xing,Hyundai,2012,"69,744 km",Petrol,Manual,"EMI ₹7,463/m*",₹0.84 lakh
1037,Maruti Wagon R 1.0,Maruti,2011,"53,777 km",Petrol,Manual,"EMI ₹7,463/m*",₹0.94 lakh
1038,Tata TIGOR,Tata,2017,"68,864 km",Petrol,Manual,"EMI ₹4,536/m*",₹2.32 lakh
1039,Volkswagen Vento,Volkswagen,2011,"1,06,164 km",Petrol,Manual,"EMI ₹4,536/m*",₹0.97 lakh
1040,Mahindra XUV500,Mahindra,2018,"69,642 km",Diesel,Manual,"EMI ₹20,948/m*",₹4.45 lakh
1041,Maruti Baleno,Maruti,2019,"62,264 km",Petrol,Manual,"EMI ₹7,008/m*",₹3.97 lakh
1042,Hyundai VENUE,Hyundai,2023,"29,032 km",Petrol,Manual,"EMI ₹11,986/m*",₹6.79 lakh
1043,Hyundai i10,Hyundai,2012,"1,06,808 km",Petrol,Manual,"EMI ₹11,106/m*",₹1.25 lakh
1044,Tata ALTROZ,Tata,2021,"34,393 km",Petrol,Manual,"EMI ₹6,584/m*",₹3.73 lakh
1045,Mahindra Kuv100,Mahindra,2016,"52,724 km",Diesel,Manual,"EMI ₹6,584/m*",₹1.06 lakh
1046,Hyundai Verna,Hyundai,2022,"54,818 km",Petrol,Manual,"EMI ₹14,468/m*",₹8.45 lakh
1047,Maruti Baleno,Maruti,2019,"37,340 km",Petrol,Manual,"EMI ₹7,291/m*",₹4.13 lakh
1048,Honda City,Honda,2011,"1,46,072 km",Petrol,Manual,"EMI ₹7,291/m*",₹1.08 lakh
1049,Maruti Swift,Maruti,2020,"27,368 km",Petrol,Manual,"EMI ₹6,592/m*",₹3.73 lakh
1050,Maruti Swift Dzire,Maruti,2014,"82,562 km",Petrol,Manual,"EMI ₹7,805/m*",₹2.35 lakh
1051,Hyundai i20,Hyundai,2011,"76,084 km",Petrol,Manual,"EMI ₹7,805/m*",₹1.33 lakh
1052,Maruti Swift,Maruti,2018,"75,533 km",Petrol,Manual,"EMI ₹6,390/m*",₹3.62 lakh
1053,Maruti Baleno,Maruti,2016,"1,04,731 km",Petrol,Auto,"EMI ₹6,139/m*",₹2.76 lakh
1054,Tata NEXON,Tata,2025,"7,130 km",Petrol,Manual,"EMI ₹13,822/m*",₹7.83 lakh
1055,Maruti Swift Dzire,Maruti,2017,"1,06,394 km",Petrol,Manual,"EMI ₹8,876/m*",₹3.99 lakh
1056,Maruti Vitara Brezza,Maruti,2018,"25,003 km",Diesel,Auto,"EMI ₹25,890/m*",₹5.50 lakh
1057,Maruti Alto 800,Maruti,2012,"73,530 km",Petrol,Manual,"EMI ₹6,575/m*",₹0.74 lakh
1058,Hyundai Accent,Hyundai,2013,"1,62,984 km",Petrol,Manual,"EMI ₹4,378/m*",₹0.93 lakh
1059,Hyundai Santro Xing,Hyundai,2013,"1,14,412 km",Petrol,Manual,"EMI ₹5,931/m*",₹1.26 lakh
1060,Chevrolet Spark,Chevrolet,2011,"1,06,605 km",Petrol,Manual,"EMI ₹5,931/m*",₹0.47 lakh
1061,Maruti Swift,Maruti,2011,"1,14,535 km",Petrol,Manual,"EMI ₹5,931/m*",₹1.10 lakh
1062,Hyundai i10,Hyundai,2011,"1,20,355 km",Petrol,Manual,"EMI ₹5,931/m*",₹0.71 lakh
1063,Maruti Swift Dzire,Maruti,2013,"1,41,926 km",Petrol,Manual,"EMI ₹10,827/m*",₹2.30 lakh
1064,Renault Kwid,Renault,2015,"55,201 km",Petrol,Manual,"EMI ₹7,584/m*",₹2.88 lakh
1065,Renault Kiger,Renault,2022,"41,541 km",Petrol,Manual,"EMI ₹6,532/m*",₹3.70 lakh
1066,Maruti FRONX,Maruti,2024,"12,664 km",Petrol,Manual,"EMI ₹11,810/m*",₹6.69 lakh
1067,Maruti S Cross,Maruti,2016,"1,08,261 km",Diesel,Manual,"EMI ₹11,810/m*",₹3.07 lakh
1068,Tata NEXON,Tata,2022,"28,275 km",Petrol,Auto,"EMI ₹13,698/m*",₹8.00 lakh
1069,Mahindra Kuv100,Mahindra,2016,"68,317 km",Petrol,Manual,"EMI ₹3,515/m*",₹1.58 lakh
1070,Maruti Baleno,Maruti,2015,"96,901 km",Petrol,Manual,"EMI ₹6,373/m*",₹2.42 lakh
1071,Renault Duster,Renault,2019,"47,573 km",Petrol,Auto,"EMI ₹11,015/m*",₹6.24 lakh
1072,Hyundai Grand i10,Hyundai,2019,"98,211 km",Petrol,Manual,"EMI ₹6,037/m*",₹3.42 lakh
1073,KIA SONET,KIA,2020,"54,646 km",Petrol,Manual,"EMI ₹9,532/m*",₹5.40 lakh
1074,Maruti Wagon R 1.0,Maruti,2011,"1,34,547 km",Petrol,Manual,"EMI ₹9,532/m*",₹0.75 lakh
1075,Maruti Alto K10,Maruti,2011,"1,40,172 km",Petrol,Manual,"EMI ₹9,532/m*",₹1.00 lakh
1076,Hyundai Santro Xing,Hyundai,2014,"1,38,510 km",Petrol,Manual,"EMI ₹3,886/m*",₹1.17 lakh
1077,Tata Tiago,Tata,2019,"15,842 km",Petrol,Manual,"EMI ₹6,267/m*",₹3.55 lakh
1078,Renault Kiger,Renault,2022,"42,458 km",Petrol,Manual,"EMI ₹6,532/m*",₹3.70 lakh
1079,Renault Kwid,Renault,2016,"79,385 km",Petrol,Manual,"EMI ₹3,047/m*",₹1.37 lakh
1080,Datsun Redi Go,Datsun,2016,"64,874 km",Petrol,Manual,"EMI ₹2,158/m*",₹0.97 lakh
1081,Mahindra Kuv100,Mahindra,2016,"36,948 km",Petrol,Manual,"EMI ₹3,559/m*",₹1.60 lakh
1082,Tata TIGOR,Tata,2017,"44,904 km",Petrol,Manual,"EMI ₹5,376/m*",₹2.75 lakh
1083,Hyundai Elite i20,Hyundai,2015,"48,129 km",Petrol,Manual,"EMI ₹6,425/m*",₹2.44 lakh
1084,Hyundai Verna,Hyundai,2021,"22,236 km",Petrol,Manual,"EMI ₹13,698/m*",₹8.00 lakh
1085,Volkswagen Polo,Volkswagen,2015,"57,308 km",Petrol,Manual,"EMI ₹7,637/m*",₹2.90 lakh
1086,Tata NEXON,Tata,2023,"13,207 km",Petrol,Auto,"EMI ₹17,705/m*",₹10.34 lakh
1087,Mahindra TUV300,Mahindra,2017,"97,104 km",Diesel,Manual,"EMI ₹26,122/m*",₹2.94 lakh
1088,Maruti Eeco,Maruti,2011,"1,68,112 km",Petrol,Manual,"EMI ₹26,122/m*",₹0.94 lakh
1089,Hyundai Grand i10,Hyundai,2017,"84,785 km",Petrol,Auto,"EMI ₹6,940/m*",₹3.55 lakh
1090,Renault TRIBER,Renault,2019,"91,203 km",Petrol,Manual,"EMI ₹5,190/m*",₹2.94 lakh
1091,Tata ALTROZ,Tata,2021,"55,454 km",Petrol,Manual,"EMI ₹6,249/m*",₹3.54 lakh
1092,Maruti Alto 800,Maruti,2013,"1,23,066 km",Petrol,Manual,"EMI ₹8,050/m*",₹1.71 lakh
1093,Hyundai EXTER,Hyundai,2023,"37,328 km",Petrol,Manual,"EMI ₹11,280/m*",₹6.39 lakh
1094,Mahindra Kuv100,Mahindra,2016,"78,589 km",Diesel,Manual,"EMI ₹11,280/m*",₹1.65 lakh
1095,Maruti Alto,Maruti,2011,"20,783 km",Petrol,Manual,"EMI ₹11,280/m*",₹0.89 lakh
1096,Maruti Swift,Maruti,2018,"88,941 km",Petrol,Manual,"EMI ₹5,631/m*",₹3.19 lakh
1097,Mahindra Thar,Mahindra,2021,"18,527 km",Petrol,Manual,"EMI ₹18,663/m*",₹10.90 lakh
1098,Tata TIGOR,Tata,2017,"1,30,768 km",Diesel,Manual,"EMI ₹14,660/m*",₹1.65 lakh
1099,Maruti Swift,Maruti,2015,"1,68,652 km",Petrol,Manual,"EMI ₹7,163/m*",₹2.72 lakh
1100,Maruti Swift Dzire,Maruti,2013,"1,21,451 km",Petrol,Manual,"EMI ₹9,697/m*",₹2.06 lakh
1101,Honda Amaze,Honda,2014,"95,056 km",Petrol,Manual,"EMI ₹8,436/m*",₹2.54 lakh
1102,Maruti Celerio,Maruti,2014,"61,516 km",Petrol,Manual,"EMI ₹5,480/m*",₹1.65 lakh
1103,Datsun Go Plus,Datsun,2015,"73,863 km",Petrol,Manual,"EMI ₹3,555/m*",₹1.35 lakh
1104,Hyundai i10,Hyundai,2012,"98,693 km",Petrol,Manual,"EMI ₹12,261/m*",₹1.38 lakh
1105,Toyota Corolla Altis,Toyota,2016,"69,210 km",Petrol,Auto,"EMI ₹8,609/m*",₹3.87 lakh
1106,Skoda Rapid,Skoda,2018,"2,38,612 km",Diesel,Manual,"EMI ₹17,982/m*",₹3.82 lakh
1107,Maruti Swift Dzire,Maruti,2014,"1,13,645 km",Petrol,Manual,"EMI ₹9,300/m*",₹2.80 lakh
1108,Tata Tiago,Tata,2019,"1,00,609 km",Petrol,Manual,"EMI ₹7,719/m*",₹3.47 lakh
1109,KIA SONET,KIA,2022,"29,249 km",Petrol,Manual,"EMI ₹11,792/m*",₹6.68 lakh
1110,Maruti Swift,Maruti,2015,"1,64,560 km",Petrol,Manual,"EMI ₹7,479/m*",₹2.84 lakh
1111,Hyundai Creta,Hyundai,2022,"81,844 km",Diesel,Manual,"EMI ₹21,642/m*",₹11.37 lakh
1112,Maruti Wagon R 1.0,Maruti,2018,"1,03,532 km",Petrol,Manual,"EMI ₹4,605/m*",₹2.07 lakh
1113,Hyundai Creta,Hyundai,2018,"57,354 km",Petrol,Manual,"EMI ₹12,304/m*",₹6.97 lakh
1114,Hyundai Eon,Hyundai,2018,"64,981 km",Petrol,Manual,"EMI ₹2,983/m*",₹1.69 lakh
1115,Maruti Swift Dzire,Maruti,2014,"87,798 km",Petrol,Manual,"EMI ₹8,270/m*",₹2.49 lakh
1116,Hyundai NEW SANTRO,Hyundai,2020,"1,39,977 km",Petrol,Manual,"EMI ₹6,874/m*",₹3.09 lakh
1117,Maruti Swift Dzire,Maruti,2014,"63,383 km",Petrol,Manual,"EMI ₹8,436/m*",₹2.54 lakh
1118,Maruti Swift Dzire,Maruti,2012,"1,83,866 km",Petrol,Manual,"EMI ₹16,348/m*",₹1.84 lakh
1119,Honda Brio,Honda,2013,"1,61,078 km",Petrol,Auto,"EMI ₹9,179/m*",₹1.95 lakh
1120,Ford Figo Aspire,Ford,2017,"61,651 km",Petrol,Manual,"EMI ₹4,536/m*",₹2.32 lakh
1121,Maruti Swift Dzire,Maruti,2014,"95,477 km",Petrol,Manual,"EMI ₹8,304/m*",₹2.50 lakh
1122,Maruti Swift Dzire,Maruti,2013,"83,672 km",Petrol,Manual,"EMI ₹12,427/m*",₹2.64 lakh
1123,Hyundai NEW SANTRO,Hyundai,2018,"21,650 km",Petrol,Manual,"EMI ₹4,413/m*",₹2.50 lakh
1124,Maruti Swift,Maruti,2014,"99,802 km",Petrol,Manual,"EMI ₹8,603/m*",₹2.59 lakh
1125,Mahindra Thar,Mahindra,2023,"31,288 km",Petrol,Auto,"EMI ₹18,749/m*",₹10.95 lakh
1126,Maruti Swift Dzire,Maruti,2013,"52,418 km",Petrol,Manual,"EMI ₹9,556/m*",₹2.03 lakh
1127,Honda Amaze,Honda,2013,"63,020 km",Petrol,Manual,"EMI ₹10,403/m*",₹2.21 lakh
1128,Maruti Wagon R 1.0,Maruti,2013,"69,454 km",Petrol,Manual,"EMI ₹8,614/m*",₹1.83 lakh
1129,Maruti Celerio,Maruti,2015,"69,411 km",Petrol,Manual,"EMI ₹5,793/m*",₹2.20 lakh
1130,Maruti Wagon R 1.0,Maruti,2015,"77,661 km",Petrol,Manual,"EMI ₹5,662/m*",₹2.15 lakh
1131,Tata Safari,Tata,2022,"92,914 km",Diesel,Auto,"EMI ₹29,503/m*",₹15.50 lakh
1132,Maruti Swift Dzire,Maruti,2014,"81,145 km",Petrol,Manual,"EMI ₹9,765/m*",₹2.94 lakh
1133,Hyundai i10,Hyundai,2012,"1,12,773 km",Petrol,Manual,"EMI ₹9,685/m*",₹1.09 lakh
1134,Hyundai i10,Hyundai,2014,"68,636 km",Petrol,Manual,"EMI ₹7,506/m*",₹2.26 lakh
1135,Maruti Swift Dzire,Maruti,2014,"1,36,852 km",Petrol,Manual,"EMI ₹8,304/m*",₹2.50 lakh
1136,Maruti Alto 800,Maruti,2018,"51,893 km",Petrol,Manual,"EMI ₹2,913/m*",₹1.65 lakh
1137,Hyundai Xcent,Hyundai,2016,"1,03,009 km",Petrol,Manual,"EMI ₹3,248/m*",₹1.46 lakh
1138,Hyundai Elite i20,Hyundai,2014,"97,821 km",Petrol,Manual,"EMI ₹7,174/m*",₹2.16 lakh
1139,Maruti Swift,Maruti,2014,"1,04,860 km",Petrol,Manual,"EMI ₹8,337/m*",₹2.51 lakh
1140,Renault Kwid,Renault,2019,"26,991 km",Petrol,Manual,"EMI ₹3,672/m*",₹2.08 lakh
1141,Skoda KUSHAQ,Skoda,2022,"22,140 km",Petrol,Auto,"EMI ₹14,052/m*",₹7.96 lakh
1142,Maruti Swift Dzire,Maruti,2014,"78,560 km",Petrol,Manual,"EMI ₹7,473/m*",₹2.25 lakh
1143,Mahindra Thar,Mahindra,2022,"83,960 km",Petrol,Auto,"EMI ₹17,122/m*",₹10.00 lakh
1144,KIA SELTOS,KIA,2023,"20,220 km",Petrol,Manual,"EMI ₹21,797/m*",₹12.73 lakh
1145,Mahindra TUV300,Mahindra,2017,"46,008 km",Diesel,Manual,"EMI ₹37,583/m*",₹4.23 lakh
1146,Tata Tiago,Tata,2017,"67,125 km",Diesel,Manual,"EMI ₹12,350/m*",₹1.39 lakh
1147,Maruti Swift Dzire,Maruti,2015,"46,657 km",Petrol,Manual,"EMI ₹10,033/m*",₹3.81 lakh
1148,Jeep Compass,Jeep,2017,"85,456 km",Diesel,Manual,"EMI ₹50,555/m*",₹5.69 lakh
1149,Hyundai i10,Hyundai,2012,"1,01,926 km",Petrol,Manual,"EMI ₹11,106/m*",₹1.25 lakh
1150,Hyundai i10,Hyundai,2013,"1,96,471 km",Petrol,Manual,"EMI ₹6,826/m*",₹1.45 lakh
1151,Maruti Wagon R 1.0,Maruti,2013,"1,29,323 km",Petrol,Manual,"EMI ₹8,520/m*",₹1.81 lakh
1152,Maruti Swift,Maruti,2015,"99,198 km",Petrol,Manual,"EMI ₹5,003/m*",₹1.90 lakh
1153,Honda Brio,Honda,2013,"1,13,472 km",Petrol,Manual,"EMI ₹7,249/m*",₹1.54 lakh
1154,Honda City,Honda,2018,"69,643 km",Petrol,Manual,"EMI ₹7,926/m*",₹4.49 lakh
1155,Maruti Swift Dzire,Maruti,2015,"1,20,838 km",Petrol,Manual,"EMI ₹6,057/m*",₹2.30 lakh
1156,Maruti Wagon R 1.0,Maruti,2017,"1,35,100 km",Petrol,Manual,"EMI ₹6,473/m*",₹2.91 lakh
1157,Maruti Wagon R 1.0,Maruti,2013,"1,12,462 km",Petrol,Manual,"EMI ₹10,403/m*",₹2.21 lakh
1158,Hyundai i10,Hyundai,2012,"1,10,893 km",Petrol,Manual,"EMI ₹14,561/m*",₹1.64 lakh
1159,Tata NEXON,Tata,2018,"68,997 km",Petrol,Manual,"EMI ₹7,118/m*",₹3.20 lakh
1160,Maruti Alto 800,Maruti,2016,"1,35,293 km",Petrol,Manual,"EMI ₹3,337/m*",₹1.50 lakh
1161,Maruti Wagon R 1.0,Maruti,2015,"1,08,295 km",Petrol,Manual,"EMI ₹5,346/m*",₹2.03 lakh
1162,Maruti New Wagon-R,Maruti,2022,"35,768 km",Petrol,Manual,"EMI ₹6,461/m*",₹3.66 lakh
1163,Honda Accord,Honda,2011,"74,106 km",Petrol,Manual,"EMI ₹6,461/m*",₹1.76 lakh
1164,Maruti Swift,Maruti,2018,"50,225 km",Petrol,Manual,"EMI ₹6,125/m*",₹3.47 lakh
1165,Volkswagen Polo,Volkswagen,2014,"68,819 km",Petrol,Manual,"EMI ₹6,402/m*",₹1.93 lakh
1166,Volkswagen Polo,Volkswagen,2015,"1,79,459 km",Petrol,Manual,"EMI ₹6,636/m*",₹2.52 lakh
1167,Hyundai i10,Hyundai,2012,"56,231 km",Petrol,Manual,"EMI ₹9,240/m*",₹1.04 lakh
1168,Skoda KUSHAQ,Skoda,2022,"31,405 km",Petrol,Manual,"EMI ₹11,704/m*",₹6.63 lakh
1169,Tata ALTROZ,Tata,2021,"1,04,665 km",Petrol,Manual,"EMI ₹6,918/m*",₹3.11 lakh
1170,Maruti Swift Dzire,Maruti,2013,"52,980 km",Petrol,Manual,"EMI ₹13,510/m*",₹2.87 lakh
1171,Maruti Wagon R 1.0,Maruti,2013,"1,03,685 km",Petrol,Manual,"EMI ₹8,191/m*",₹1.74 lakh
1172,Hyundai Eon,Hyundai,2012,"90,387 km",Petrol,Manual,"EMI ₹9,685/m*",₹1.09 lakh
1173,Maruti Swift,Maruti,2018,"1,08,654 km",Petrol,Manual,"EMI ₹7,519/m*",₹3.38 lakh
1174,Maruti Wagon R 1.0,Maruti,2014,"79,321 km",Petrol,Manual,"EMI ₹6,444/m*",₹1.94 lakh
1175,Maruti Wagon R 1.0,Maruti,2015,"1,07,151 km",Petrol,Manual,"EMI ₹5,267/m*",₹2.00 lakh
1176,Hyundai VENUE,Hyundai,2019,"59,073 km",Petrol,Manual,"EMI ₹11,986/m*",₹6.79 lakh
1177,Maruti Ciaz,Maruti,2016,"1,05,201 km",Diesel,Manual,"EMI ₹11,986/m*",₹2.40 lakh
1178,Honda Amaze,Honda,2018,"61,973 km",Petrol,Manual,"EMI ₹6,090/m*",₹3.45 lakh
1179,KIA CARENS,KIA,2024,"15,956 km",Petrol,Manual,"EMI ₹17,773/m*",₹10.38 lakh
1180,Maruti Swift Dzire,Maruti,2016,"1,07,567 km",Petrol,Manual,"EMI ₹6,228/m*",₹2.80 lakh
1181,Hyundai Creta,Hyundai,2018,"62,440 km",Petrol,Manual,"EMI ₹12,357/m*",₹7.00 lakh
1182,Maruti Swift Dzire,Maruti,2013,"1,27,348 km",Petrol,Manual,"EMI ₹10,592/m*",₹2.25 lakh
1183,Tata Tiago,Tata,2017,"93,774 km",Petrol,Manual,"EMI ₹4,575/m*",₹2.34 lakh
1184,KIA SONET,KIA,2020,"1,08,917 km",Petrol,Manual,"EMI ₹11,122/m*",₹5.00 lakh
1185,Toyota Etios,Toyota,2012,"1,50,238 km",Petrol,Manual,"EMI ₹14,571/m*",₹1.64 lakh
1186,Honda Civic,Honda,2019,"1,17,940 km",Petrol,Auto,"EMI ₹19,177/m*",₹8.82 lakh
1187,Hyundai Eon,Hyundai,2012,"1,48,939 km",Petrol,Manual,"EMI ₹8,618/m*",₹0.97 lakh
1188,Hyundai i10,Hyundai,2012,"52,295 km",Petrol,Manual,"EMI ₹10,751/m*",₹1.21 lakh
1189,Tata NEXON,Tata,2018,"30,763 km",Petrol,Manual,"EMI ₹6,320/m*",₹3.58 lakh
1190,Maruti Alto 800,Maruti,2013,"32,655 km",Petrol,Manual,"EMI ₹7,061/m*",₹1.50 lakh
1191,Hyundai Verna,Hyundai,2012,"24,551 km",Petrol,Manual,"EMI ₹19,014/m*",₹2.14 lakh
1192,Maruti Wagon R 1.0,Maruti,2014,"61,412 km",Petrol,Manual,"EMI ₹6,842/m*",₹2.06 lakh
1193,Volkswagen Polo,Volkswagen,2013,"74,264 km",Petrol,Manual,"EMI ₹6,732/m*",₹1.43 lakh
1194,Tata NEXON,Tata,2018,"46,334 km",Petrol,Manual,"EMI ₹10,486/m*",₹5.94 lakh
1195,Maruti Swift,Maruti,2014,"66,748 km",Petrol,Manual,"EMI ₹7,241/m*",₹2.18 lakh
1196,Tata NEXON,Tata,2019,"49,629 km",Petrol,Auto,"EMI ₹7,061/m*",₹4.00 lakh
1197,Honda Civic,Honda,2020,"58,221 km",Petrol,Auto,"EMI ₹17,394/m*",₹8.00 lakh
1198,Maruti Swift Dzire,Maruti,2012,"70,236 km",Petrol,Manual,"EMI ₹14,927/m*",₹1.68 lakh
1199,Maruti Swift Dzire,Maruti,2014,"91,856 km",Petrol,Manual,"EMI ₹9,964/m*",₹3.00 lakh
1200,Maruti Swift,Maruti,2017,"54,515 km",Petrol,Manual,"EMI ₹6,549/m*",₹3.35 lakh
1201,Hyundai i10,Hyundai,2014,"36,192 km",Petrol,Manual,"EMI ₹7,706/m*",₹2.32 lakh
1202,Maruti Wagon R 1.0,Maruti,2014,"1,09,004 km",Petrol,Manual,"EMI ₹7,407/m*",₹2.23 lakh
1203,Maruti Baleno,Maruti,2021,"81,818 km",Petrol,Manual,"EMI ₹6,938/m*",₹3.93 lakh
1204,Maruti Wagon R 1.0,Maruti,2015,"99,402 km",Petrol,Manual,"EMI ₹5,346/m*",₹2.03 lakh
1205,Maruti Wagon R 1.0,Maruti,2015,"93,801 km",Petrol,Manual,"EMI ₹5,899/m*",₹2.24 lakh
1206,Maruti Baleno,Maruti,2016,"1,36,857 km",Petrol,Manual,"EMI ₹22,503/m*",₹10.35 lakh
1207,Maruti Wagon R 1.0,Maruti,2014,"1,22,095 km",Petrol,Manual,"EMI ₹7,673/m*",₹2.31 lakh
1208,Maruti Ciaz,Maruti,2015,"2,22,492 km",Petrol,Manual,"EMI ₹7,321/m*",₹2.78 lakh
1209,KIA SELTOS,KIA,2024,"33,850 km",Diesel,Manual,"EMI ₹18,013/m*",₹10.52 lakh
1210,Maruti Wagon R 1.0,Maruti,2014,"1,04,309 km",Petrol,Manual,"EMI ₹6,111/m*",₹1.84 lakh
1211,Maruti Wagon R 1.0,Maruti,2015,"60,757 km",Petrol,Manual,"EMI ₹5,267/m*",₹2.00 lakh
1212,Maruti Swift,Maruti,2017,"1,09,369 km",Petrol,Manual,"EMI ₹8,097/m*",₹3.64 lakh
1213,Tata Tigor Buzz,Tata,2018,"1,23,509 km",Petrol,Manual,"EMI ₹4,560/m*",₹2.05 lakh
1214,Hyundai i10,Hyundai,2012,"66,888 km",Petrol,Manual,"EMI ₹11,639/m*",₹1.31 lakh
1215,Maruti Wagon R 1.0,Maruti,2016,"66,899 km",Petrol,Manual,"EMI ₹6,540/m*",₹2.94 lakh
1216,Maruti Swift Dzire,Maruti,2016,"1,67,949 km",Petrol,Manual,"EMI ₹4,516/m*",₹2.03 lakh
1217,Datsun Go,Datsun,2016,"53,197 km",Petrol,Manual,"EMI ₹2,336/m*",₹1.05 lakh
1218,Maruti Swift Dzire,Maruti,2014,"1,03,123 km",Petrol,Manual,"EMI ₹7,872/m*",₹2.37 lakh
1219,Hyundai i10,Hyundai,2012,"73,657 km",Petrol,Manual,"EMI ₹8,441/m*",₹0.95 lakh
1220,Hyundai i10,Hyundai,2012,"54,228 km",Petrol,Manual,"EMI ₹10,662/m*",₹1.20 lakh
1221,Honda Brio,Honda,2013,"61,063 km",Petrol,Manual,"EMI ₹7,908/m*",₹1.68 lakh
1222,Renault Kwid,Renault,2016,"1,00,413 km",Petrol,Manual,"EMI ₹2,758/m*",₹1.24 lakh
1223,Renault TRIBER,Renault,2019,"71,752 km",Petrol,Manual,"EMI ₹5,225/m*",₹2.96 lakh
1224,Maruti Wagon R 1.0,Maruti,2015,"53,200 km",Petrol,Manual,"EMI ₹4,082/m*",₹1.55 lakh
1225,Datsun Go,Datsun,2015,"81,991 km",Petrol,Manual,"EMI ₹2,897/m*",₹1.10 lakh
1226,Hyundai Eon,Hyundai,2015,"65,478 km",Petrol,Manual,"EMI ₹4,845/m*",₹1.84 lakh
1227,Tata NEXON,Tata,2018,"50,400 km",Petrol,Manual,"EMI ₹10,256/m*",₹5.81 lakh
1228,Maruti Wagon R 1.0,Maruti,2014,"96,799 km",Petrol,Manual,"EMI ₹7,008/m*",₹2.11 lakh
1229,Maruti Swift Dzire,Maruti,2013,"67,884 km",Petrol,Manual,"EMI ₹10,450/m*",₹2.22 lakh
1230,Maruti Wagon R 1.0,Maruti,2013,"49,107 km",Petrol,Manual,"EMI ₹8,002/m*",₹1.70 lakh
1231,Maruti Wagon R 1.0,Maruti,2015,"84,516 km",Petrol,Manual,"EMI ₹5,451/m*",₹2.07 lakh
1232,Renault Kwid,Renault,2017,"37,663 km",Petrol,Manual,"EMI ₹4,301/m*",₹2.20 lakh
1233,Hyundai NEW I20,Hyundai,2022,"33,131 km",Petrol,Manual,"EMI ₹10,786/m*",₹6.11 lakh
1234,Maruti Wagon R 1.0,Maruti,2014,"1,19,093 km",Petrol,Manual,"EMI ₹6,975/m*",₹2.10 lakh
1235,Tata TIGOR,Tata,2017,"1,68,368 km",Petrol,Manual,"EMI ₹4,872/m*",₹2.19 lakh
1236,Hyundai Eon,Hyundai,2012,"1,55,707 km",Petrol,Manual,"EMI ₹7,019/m*",₹0.79 lakh
1237,KIA SELTOS,KIA,2019,"71,224 km",Petrol,Manual,"EMI ₹12,269/m*",₹6.95 lakh
1238,Hyundai Grand i10,Hyundai,2014,"80,328 km",Petrol,Manual,"EMI ₹6,643/m*",₹2.00 lakh
1239,Hyundai NEW I20,Hyundai,2022,"28,226 km",Petrol,Manual,"EMI ₹10,080/m*",₹5.71 lakh
1240,Maruti Swift Dzire,Maruti,2012,"78,722 km",Petrol,Manual,"EMI ₹13,238/m*",₹1.49 lakh
1241,Hyundai Eon,Hyundai,2012,"1,20,375 km",Petrol,Manual,"EMI ₹7,463/m*",₹0.84 lakh
1242,Maruti Alto,Maruti,2020,"41,133 km",Petrol,Manual,"EMI ₹4,131/m*",₹2.34 lakh
1243,Hyundai Eon,Hyundai,2012,"71,350 km",Petrol,Manual,"EMI ₹8,618/m*",₹0.97 lakh
1244,Maruti Swift Dzire,Maruti,2014,"94,756 km",Petrol,Manual,"EMI ₹8,237/m*",₹2.48 lakh
1245,Maruti Swift,Maruti,2017,"90,452 km",Petrol,Manual,"EMI ₹6,901/m*",₹3.53 lakh
1246,Renault TRIBER,Renault,2020,"95,161 km",Petrol,Manual,"EMI ₹5,296/m*",₹3.00 lakh
1247,Hyundai i10,Hyundai,2014,"66,668 km",Petrol,Manual,"EMI ₹4,883/m*",₹1.47 lakh
1248,Mahindra XUV700,Mahindra,2022,"65,052 km",Diesel,Manual,"EMI ₹20,290/m*",₹10.66 lakh
1249,Hyundai i10,Hyundai,2012,"1,20,304 km",Petrol,Manual,"EMI ₹7,108/m*",₹0.80 lakh
1250,Hyundai Grand i10,Hyundai,2013,"97,840 km",Petrol,Manual,"EMI ₹7,579/m*",₹1.61 lakh
1251,Hyundai Verna,Hyundai,2012,"99,528 km",Petrol,Manual,"EMI ₹13,238/m*",₹1.49 lakh
1252,Maruti Wagon R 1.0,Maruti,2014,"2,28,770 km",Petrol,Manual,"EMI ₹7,075/m*",₹2.13 lakh
1253,Maruti Wagon R 1.0,Maruti,2012,"51,663 km",Petrol,Manual,"EMI ₹13,238/m*",₹1.49 lakh
1254,Hyundai Grand i10,Hyundai,2014,"56,077 km",Petrol,Manual,"EMI ₹7,540/m*",₹2.27 lakh
1255,Maruti Swift,Maruti,2015,"1,67,038 km",Petrol,Manual,"EMI ₹6,583/m*",₹2.50 lakh
1256,Maruti Wagon R 1.0,Maruti,2013,"51,500 km",Petrol,Manual,"EMI ₹8,897/m*",₹1.89 lakh
1257,Maruti Swift,Maruti,2018,"70,006 km",Petrol,Manual,"EMI ₹6,532/m*",₹3.70 lakh
1258,Maruti Swift,Maruti,2014,"81,265 km",Petrol,Manual,"EMI ₹6,344/m*",₹1.91 lakh
1259,Hyundai i10,Hyundai,2012,"32,130 km",Petrol,Manual,"EMI ₹13,061/m*",₹1.47 lakh
1260,Maruti Alto K10,Maruti,2012,"1,14,016 km",Petrol,Manual,"EMI ₹7,197/m*",₹0.81 lakh
1261,Maruti Alto 800,Maruti,2015,"11,849 km",Petrol,Manual,"EMI ₹5,398/m*",₹2.05 lakh
1262,Maruti Alto 800,Maruti,2014,"50,659 km",Petrol,Manual,"EMI ₹5,879/m*",₹1.77 lakh
1263,Maruti Alto 800,Maruti,2012,"1,06,460 km",Petrol,Manual,"EMI ₹7,197/m*",₹0.81 lakh
1264,Honda Amaze,Honda,2014,"1,15,247 km",Petrol,Manual,"EMI ₹7,673/m*",₹2.31 lakh
1265,Maruti Alto K10,Maruti,2012,"52,734 km",Petrol,Manual,"EMI ₹9,151/m*",₹1.03 lakh
1266,Maruti Wagon R 1.0,Maruti,2016,"1,22,910 km",Petrol,Manual,"EMI ₹5,672/m*",₹2.55 lakh
1267,Maruti Alto 800,Maruti,2014,"67,258 km",Petrol,Manual,"EMI ₹4,550/m*",₹1.37 lakh
1268,Maruti Swift Dzire,Maruti,2014,"2,26,000 km",Petrol,Manual,"EMI ₹7,573/m*",₹2.28 lakh
1269,Honda Accord,Honda,2013,"89,026 km",Petrol,Auto,"EMI ₹11,486/m*",₹2.44 lakh
1270,Volkswagen Ameo,Volkswagen,2017,"44,349 km",Diesel,Manual,"EMI ₹32,074/m*",₹3.61 lakh
1271,Maruti Swift Dzire,Maruti,2016,"85,810 km",Petrol,Manual,"EMI ₹4,805/m*",₹2.16 lakh
1272,Honda Brio,Honda,2013,"64,427 km",Petrol,Manual,"EMI ₹7,202/m*",₹1.53 lakh
1273,Maruti Swift,Maruti,2022,"80,670 km",Petrol,Manual,"EMI ₹7,891/m*",₹4.47 lakh
1274,Hyundai i20,Hyundai,2013,"65,861 km",Petrol,Manual,"EMI ₹7,579/m*",₹1.61 lakh
1275,Hyundai Verna,Hyundai,2012,"1,37,640 km",Petrol,Manual,"EMI ₹17,237/m*",₹1.94 lakh
1276,Tata Tiago,Tata,2016,"72,622 km",Diesel,Manual,"EMI ₹17,237/m*",₹1.98 lakh
1277,Maruti Wagon R 1.0,Maruti,2015,"37,240 km",Petrol,Manual,"EMI ₹6,294/m*",₹2.39 lakh
1278,Maruti Alto 800,Maruti,2017,"30,878 km",Petrol,Manual,"EMI ₹5,212/m*",₹2.67 lakh
1279,Hyundai i20,Hyundai,2013,"69,108 km",Petrol,Manual,"EMI ₹6,590/m*",₹1.40 lakh
1280,Honda Jazz,Honda,2018,"51,956 km",Petrol,Manual,"EMI ₹6,073/m*",₹3.44 lakh
1281,Hyundai Verna,Hyundai,2017,"91,774 km",Petrol,Manual,"EMI ₹9,404/m*",₹4.81 lakh
1282,Tata Tiago,Tata,2017,"1,14,011 km",Petrol,Manual,"EMI ₹4,048/m*",₹1.82 lakh
1283,Maruti Ritz,Maruti,2014,"94,920 km",Petrol,Manual,"EMI ₹6,444/m*",₹1.94 lakh
1284,Maruti FRONX,Maruti,2023,"55,753 km",Petrol,Manual,"EMI ₹13,766/m*",₹8.04 lakh
1285,Maruti IGNIS,Maruti,2017,"1,35,799 km",Petrol,Manual,"EMI ₹5,561/m*",₹2.50 lakh
1286,Honda Brio,Honda,2013,"72,832 km",Petrol,Manual,"EMI ₹7,014/m*",₹1.49 lakh
1287,Honda Amaze,Honda,2014,"87,714 km",Petrol,Manual,"EMI ₹7,307/m*",₹2.20 lakh
1288,Maruti Wagon R 1.0,Maruti,2017,"70,623 km",Petrol,Manual,"EMI ₹4,829/m*",₹2.47 lakh
1289,Tata PUNCH,Tata,2022,"18,063 km",Petrol,Manual,"EMI ₹9,074/m*",₹5.14 lakh
1290,Tata NEXON,Tata,2018,"1,38,930 km",Diesel,Manual,"EMI ₹20,195/m*",₹4.29 lakh
1291,Volkswagen Ameo,Volkswagen,2018,"54,685 km",Petrol,Manual,"EMI ₹5,614/m*",₹3.18 lakh
1292,Hyundai Grand i10,Hyundai,2014,"75,999 km",Petrol,Manual,"EMI ₹7,374/m*",₹2.22 lakh
1293,Renault Kwid,Renault,2018,"74,811 km",Petrol,Manual,"EMI ₹3,177/m*",₹1.80 lakh
1294,Hyundai i10,Hyundai,2012,"12,359 km",Petrol,Manual,"EMI ₹14,305/m*",₹1.61 lakh
1295,Audi A4,Audi,2010,"67,536 km",Petrol,Auto,"EMI ₹14,305/m*",₹2.44 lakh
1296,Maruti Swift,Maruti,2015,"48,972 km",Petrol,Manual,"EMI ₹7,136/m*",₹2.71 lakh
1297,Honda Amaze,Honda,2015,"74,445 km",Petrol,Manual,"EMI ₹7,479/m*",₹2.84 lakh
1298,Maruti Alto K10,Maruti,2012,"39,835 km",Petrol,Manual,"EMI ₹10,928/m*",₹1.23 lakh
1299,Maruti S Cross,Maruti,2018,"46,403 km",Diesel,Manual,"EMI ₹29,138/m*",₹6.19 lakh
1300,Maruti Swift,Maruti,2014,"70,847 km",Petrol,Manual,"EMI ₹6,643/m*",₹2.00 lakh
1301,Hyundai i10,Hyundai,2015,"53,774 km",Petrol,Manual,"EMI ₹4,292/m*",₹1.63 lakh
1302,Maruti Baleno,Maruti,2020,"56,560 km",Petrol,Manual,"EMI ₹6,549/m*",₹3.71 lakh
1303,Hyundai Verna,Hyundai,2011,"57,216 km",Petrol,Auto,"EMI ₹6,549/m*",₹1.49 lakh
1304,Maruti New Wagon-R,Maruti,2020,"80,333 km",Petrol,Manual,"EMI ₹5,596/m*",₹3.17 lakh
1305,Skoda KUSHAQ,Skoda,2021,"50,689 km",Petrol,Manual,"EMI ₹11,827/m*",₹6.70 lakh
1306,Maruti Ciaz,Maruti,2022,"46,235 km",Petrol,Manual,"EMI ₹10,057/m*",₹5.70 lakh
1307,Hyundai Eon,Hyundai,2014,"75,434 km",Petrol,Manual,"EMI ₹3,753/m*",₹1.13 lakh
1308,Hyundai i10,Hyundai,2012,"1,05,977 km",Petrol,Manual,"EMI ₹7,996/m*",₹0.90 lakh
1309,Maruti Alto K10,Maruti,2012,"50,016 km",Petrol,Manual,"EMI ₹9,151/m*",₹1.03 lakh
1310,Hyundai i10,Hyundai,2012,"1,06,118 km",Petrol,Manual,"EMI ₹9,418/m*",₹1.06 lakh
1311,Mahindra XUV 3XO,Mahindra,2024,"13,656 km",Petrol,Manual,"EMI ₹12,357/m*",₹7.00 lakh
1312,Ford Figo Aspire,Ford,2017,"78,322 km",Petrol,Manual,"EMI ₹4,938/m*",₹2.22 lakh
1313,Honda City,Honda,2012,"72,752 km",Petrol,Manual,"EMI ₹12,439/m*",₹1.40 lakh
1314,Ford Figo Aspire,Ford,2017,"73,543 km",Diesel,Manual,"EMI ₹25,766/m*",₹2.90 lakh
1315,Tata TIGOR,Tata,2021,"40,242 km",Petrol,Manual,"EMI ₹6,620/m*",₹3.75 lakh
1316,Maruti Ciaz,Maruti,2015,"2,11,498 km",Petrol,Manual,"EMI ₹7,505/m*",₹2.85 lakh
1317,Honda Amaze,Honda,2015,"49,676 km",Petrol,Manual,"EMI ₹4,213/m*",₹1.60 lakh
1318,Maruti Alto 800,Maruti,2015,"32,483 km",Petrol,Manual,"EMI ₹3,950/m*",₹1.50 lakh
1319,Maruti Baleno,Maruti,2016,"59,530 km",Petrol,Manual,"EMI ₹6,050/m*",₹2.72 lakh
1320,Mahindra Kuv100,Mahindra,2016,"41,600 km",Petrol,Manual,"EMI ₹3,448/m*",₹1.55 lakh
1321,Hyundai i20,Hyundai,2013,"1,02,079 km",Petrol,Manual,"EMI ₹9,838/m*",₹2.09 lakh
1322,Maruti Wagon R 1.0,Maruti,2014,"1,02,858 km",Petrol,Manual,"EMI ₹7,971/m*",₹2.40 lakh
1323,Maruti Swift Dzire,Maruti,2013,"1,11,139 km",Petrol,Manual,"EMI ₹7,061/m*",₹1.50 lakh
1324,Maruti Swift,Maruti,2018,"1,70,878 km",Petrol,Manual,"EMI ₹7,341/m*",₹3.30 lakh
1325,Maruti S PRESSO,Maruti,2021,"68,608 km",Petrol,Manual,"EMI ₹4,766/m*",₹2.70 lakh
1326,Honda Amaze,Honda,2014,"66,423 km",Petrol,Manual,"EMI ₹8,802/m*",₹2.65 lakh
1327,Maruti Celerio,Maruti,2018,"93,785 km",Petrol,Manual,"EMI ₹4,131/m*",₹2.34 lakh
1328,Maruti Wagon R 1.0,Maruti,2015,"1,20,795 km",Petrol,Manual,"EMI ₹5,056/m*",₹1.92 lakh
1329,Renault Duster,Renault,2016,"1,30,615 km",Diesel,Auto,"EMI ₹5,056/m*",₹3.37 lakh
1330,Honda Brio,Honda,2013,"60,581 km",Petrol,Manual,"EMI ₹7,908/m*",₹1.68 lakh
1331,Mahindra Kuv100,Mahindra,2016,"99,692 km",Diesel,Manual,"EMI ₹7,908/m*",₹1.45 lakh
1332,Maruti Alto K10,Maruti,2012,"59,180 km",Petrol,Manual,"EMI ₹8,618/m*",₹0.97 lakh
1333,Tata NEXON,Tata,2025,"8,148 km",Petrol,Manual,"EMI ₹14,537/m*",₹8.49 lakh
1334,Maruti Celerio,Maruti,2015,"40,344 km",Petrol,Manual,"EMI ₹5,793/m*",₹2.20 lakh
1335,Tata Tiago,Tata,2019,"1,18,640 km",Petrol,Manual,"EMI ₹5,784/m*",₹2.60 lakh
1336,Hyundai Grand i10,Hyundai,2014,"1,57,003 km",Petrol,Manual,"EMI ₹9,533/m*",₹2.87 lakh
1337,Honda Amaze,Honda,2022,"34,536 km",Petrol,Auto,"EMI ₹10,768/m*",₹6.10 lakh
1338,Maruti Vitara Brezza,Maruti,2016,"1,78,502 km",Diesel,Manual,"EMI ₹10,768/m*",₹4.26 lakh
1339,Honda Jazz,Honda,2017,"78,189 km",Petrol,Manual,"EMI ₹5,865/m*",₹3.00 lakh
1340,Datsun Redi Go,Datsun,2017,"61,110 km",Petrol,Manual,"EMI ₹3,636/m*",₹1.86 lakh
1341,Hyundai Grand i10,Hyundai,2014,"89,626 km",Petrol,Manual,"EMI ₹5,746/m*",₹1.73 lakh
1342,Hyundai Xcent,Hyundai,2015,"81,200 km",Petrol,Manual,"EMI ₹4,345/m*",₹1.65 lakh
1343,Maruti Wagon R 1.0,Maruti,2016,"2,45,068 km",Petrol,Manual,"EMI ₹4,137/m*",₹1.86 lakh
1344,Maruti Celerio,Maruti,2016,"45,632 km",Diesel,Manual,"EMI ₹4,137/m*",₹1.45 lakh
1345,Tata Nano,Tata,2012,"37,180 km",Petrol,Manual,"EMI ₹2,754/m*",₹0.31 lakh
1346,Hyundai Santro Xing,Hyundai,2010,"53,607 km",Petrol,Manual,"EMI ₹2,754/m*",₹1.15 lakh
1347,Tata Tiago,Tata,2017,"81,259 km",Diesel,Manual,"EMI ₹20,613/m*",₹2.32 lakh
1348,Hyundai Grand i10,Hyundai,2015,"68,350 km",Petrol,Manual,"EMI ₹5,082/m*",₹1.93 lakh
1349,Maruti Vitara Brezza,Maruti,2021,"60,214 km",Petrol,Manual,"EMI ₹8,844/m*",₹5.01 lakh
1350,Maruti Alto 800,Maruti,2017,"36,122 km",Petrol,Manual,"EMI ₹4,203/m*",₹2.15 lakh
1351,Hyundai Eon,Hyundai,2012,"74,629 km",Petrol,Manual,"EMI ₹7,730/m*",₹0.87 lakh
1352,Volkswagen Polo,Volkswagen,2013,"1,41,416 km",Petrol,Manual,"EMI ₹8,332/m*",₹1.77 lakh
1353,Volkswagen TAIGUN,Volkswagen,2023,"48,358 km",Petrol,Auto,"EMI ₹20,204/m*",₹11.80 lakh
1354,Maruti Alto 800,Maruti,2014,"55,239 km",Petrol,Manual,"EMI ₹4,085/m*",₹1.23 lakh
1355,Maruti Alto 800,Maruti,2018,"56,548 km",Petrol,Manual,"EMI ₹3,566/m*",₹2.02 lakh
1356,Maruti Alto K10,Maruti,2014,"56,908 km",Petrol,Auto,"EMI ₹5,813/m*",₹1.75 lakh
1357,Hyundai Elite i20,Hyundai,2016,"56,200 km",Petrol,Manual,"EMI ₹6,028/m*",₹2.71 lakh
1358,Maruti Ciaz,Maruti,2015,"1,43,775 km",Petrol,Manual,"EMI ₹6,820/m*",₹2.59 lakh
1359,Maruti Alto 800,Maruti,2017,"29,754 km",Petrol,Manual,"EMI ₹3,793/m*",₹1.94 lakh
1360,Honda Amaze,Honda,2014,"60,340 km",Petrol,Manual,"EMI ₹8,304/m*",₹2.50 lakh
1361,Maruti Alto K10,Maruti,2018,"1,22,705 km",Petrol,Manual,"EMI ₹4,894/m*",₹2.20 lakh
1362,Maruti Alto 800,Maruti,2014,"89,998 km",Petrol,Manual,"EMI ₹3,720/m*",₹1.12 lakh
1363,Maruti Swift Dzire,Maruti,2012,"91,745 km",Petrol,Manual,"EMI ₹13,772/m*",₹1.55 lakh
1364,Honda Amaze,Honda,2014,"75,327 km",Petrol,Manual,"EMI ₹7,805/m*",₹2.35 lakh
1365,Maruti Alto 800,Maruti,2017,"90,115 km",Petrol,Manual,"EMI ₹4,066/m*",₹2.08 lakh
1366,Renault Kwid,Renault,2016,"9,717 km",Petrol,Manual,"EMI ₹4,137/m*",₹1.86 lakh
1367,Maruti Wagon R 1.0,Maruti,2012,"74,546 km",Petrol,Manual,"EMI ₹11,284/m*",₹1.27 lakh
1368,Honda Amaze,Honda,2018,"1,10,035 km",Petrol,Manual,"EMI ₹6,896/m*",₹3.10 lakh
1369,Maruti Alto K10,Maruti,2018,"51,613 km",Petrol,Manual,"EMI ₹4,290/m*",₹2.43 lakh
1370,Skoda Superb,Skoda,2011,"47,719 km",Petrol,Manual,"EMI ₹4,290/m*",₹2.18 lakh
1371,Maruti Grand Vitara,Maruti,2023,"5,870 km",Petrol,Manual,"EMI ₹17,722/m*",₹10.35 lakh
1372,Maruti Grand Vitara,Maruti,2023,"19,498 km",Petrol,Auto,"EMI ₹18,595/m*",₹10.86 lakh
1373,Mahindra TUV300,Mahindra,2017,"59,259 km",Diesel,Manual,"EMI ₹39,982/m*",₹4.50 lakh
1374,Hyundai Eon,Hyundai,2012,"35,976 km",Petrol,Manual,"EMI ₹10,222/m*",₹1.15 lakh
1375,Tata Tiago,Tata,2016,"56,797 km",Diesel,Manual,"EMI ₹10,222/m*",₹1.62 lakh
1376,Hyundai i10,Hyundai,2012,"50,288 km",Petrol,Manual,"EMI ₹9,685/m*",₹1.09 lakh
1377,Hyundai Xcent,Hyundai,2017,"1,21,051 km",Diesel,Manual,"EMI ₹20,702/m*",₹2.33 lakh
1378,Renault Kwid,Renault,2016,"92,357 km",Petrol,Manual,"EMI ₹3,003/m*",₹1.35 lakh
1379,Maruti Wagon R 1.0,Maruti,2012,"49,635 km",Petrol,Manual,"EMI ₹12,083/m*",₹1.36 lakh
1380,Honda Accord,Honda,2011,"1,00,251 km",Petrol,Manual,"EMI ₹12,083/m*",₹2.20 lakh
1381,Tata TIGOR,Tata,2021,"41,149 km",Petrol,Manual,"EMI ₹6,885/m*",₹3.90 lakh
1382,Maruti Vitara Brezza,Maruti,2016,"1,57,164 km",Diesel,Manual,"EMI ₹6,885/m*",₹4.80 lakh
1383,Hyundai Eon,Hyundai,2014,"98,788 km",Petrol,Manual,"EMI ₹3,753/m*",₹1.13 lakh
1384,Honda Amaze,Honda,2014,"72,635 km",Petrol,Manual,"EMI ₹8,569/m*",₹2.58 lakh
1385,Hyundai Eon,Hyundai,2014,"96,673 km",Petrol,Manual,"EMI ₹3,953/m*",₹1.19 lakh
1386,Hyundai i10,Hyundai,2012,"1,91,272 km",Petrol,Manual,"EMI ₹10,484/m*",₹1.18 lakh
1387,Maruti Swift,Maruti,2017,"1,42,057 km",Petrol,Manual,"EMI ₹7,897/m*",₹3.55 lakh
1388,Hyundai i10,Hyundai,2013,"66,666 km",Petrol,Manual,"EMI ₹5,884/m*",₹1.25 lakh
1389,Honda Brio,Honda,2014,"51,490 km",Petrol,Manual,"EMI ₹5,414/m*",₹1.63 lakh
1390,Maruti Wagon R 1.0,Maruti,2016,"67,817 km",Petrol,Manual,"EMI ₹4,071/m*",₹1.83 lakh
1391,Ford Figo Aspire,Ford,2017,"2,45,582 km",Diesel,Manual,"EMI ₹15,993/m*",₹1.80 lakh
1392,Maruti Alto 800,Maruti,2014,"65,830 km",Petrol,Manual,"EMI ₹4,285/m*",₹1.29 lakh
1393,Mahindra TUV300,Mahindra,2017,"40,255 km",Diesel,Manual,"EMI ₹31,008/m*",₹3.49 lakh
1394,Maruti Alto K10,Maruti,2014,"86,193 km",Petrol,Manual,"EMI ₹5,248/m*",₹1.58 lakh
1395,Maruti Wagon R 1.0,Maruti,2016,"70,835 km",Petrol,Manual,"EMI ₹4,449/m*",₹2.00 lakh
1396,Maruti Celerio,Maruti,2015,"83,687 km",Petrol,Manual,"EMI ₹5,003/m*",₹1.90 lakh
1397,Maruti Grand Vitara,Maruti,2023,"24,285 km",Petrol,Manual,"EMI ₹16,814/m*",₹9.82 lakh
1398,Honda Brio,Honda,2012,"83,427 km",Petrol,Manual,"EMI ₹10,928/m*",₹1.23 lakh
1399,Tata NEXON,Tata,2018,"1,08,438 km",Petrol,Manual,"EMI ₹9,454/m*",₹4.25 lakh
1400,Hyundai Eon,Hyundai,2016,"19,633 km",Petrol,Manual,"EMI ₹4,182/m*",₹1.88 lakh
1401,Volkswagen Polo,Volkswagen,2012,"2,12,998 km",Petrol,Manual,"EMI ₹10,395/m*",₹1.17 lakh
1402,Datsun Go,Datsun,2014,"90,559 km",Petrol,Manual,"EMI ₹2,989/m*",₹0.90 lakh
1403,Hyundai Grand i10,Hyundai,2015,"62,300 km",Petrol,Manual,"EMI ₹7,558/m*",₹2.87 lakh
1404,Datsun Go Plus,Datsun,2016,"33,704 km",Petrol,Manual,"EMI ₹2,291/m*",₹1.03 lakh
1405,Maruti Swift,Maruti,2017,"34,745 km",Petrol,Manual,"EMI ₹7,136/m*",₹3.65 lakh
1406,Nissan MAGNITE,Nissan,2022,"42,000 km",Petrol,Manual,"EMI ₹7,944/m*",₹4.50 lakh
1407,Tata Tiago,Tata,2018,"1,24,823 km",Petrol,Manual,"EMI ₹5,161/m*",₹2.32 lakh
1408,Maruti Wagon R 1.0,Maruti,2016,"92,813 km",Petrol,Manual,"EMI ₹5,606/m*",₹2.52 lakh
1409,Ford Figo Aspire,Ford,2017,"1,23,756 km",Diesel,Manual,"EMI ₹19,991/m*",₹2.25 lakh
1410,Maruti Ritz,Maruti,2012,"1,06,868 km",Petrol,Manual,"EMI ₹11,284/m*",₹1.27 lakh
1411,Maruti Swift Dzire,Maruti,2013,"63,702 km",Petrol,Manual,"EMI ₹10,356/m*",₹2.20 lakh
1412,Renault Kwid,Renault,2019,"52,664 km",Petrol,Manual,"EMI ₹4,095/m*",₹2.32 lakh
1413,Hyundai Eon,Hyundai,2014,"81,688 km",Petrol,Manual,"EMI ₹4,251/m*",₹1.28 lakh
1414,Maruti Swift Dzire,Maruti,2015,"1,47,706 km",Petrol,Manual,"EMI ₹6,162/m*",₹2.34 lakh
1415,Hyundai Verna,Hyundai,2013,"67,640 km",Petrol,Manual,"EMI ₹9,791/m*",₹2.08 lakh
1416,Maruti Ciaz,Maruti,2015,"1,36,257 km",Petrol,Manual,"EMI ₹9,243/m*",₹3.51 lakh
1417,Hyundai Grand i10,Hyundai,2015,"74,302 km",Petrol,Manual,"EMI ₹6,452/m*",₹2.45 lakh
1418,Hyundai Santro Xing,Hyundai,2011,"56,838 km",Petrol,Manual,"EMI ₹6,452/m*",₹1.11 lakh
1419,Maruti Wagon R 1.0,Maruti,2013,"1,42,190 km",Petrol,Manual,"EMI ₹6,261/m*",₹1.33 lakh
1420,Maruti Swift,Maruti,2013,"1,01,186 km",Petrol,Manual,"EMI ₹10,403/m*",₹2.21 lakh
1421,Hyundai Grand i10,Hyundai,2014,"46,091 km",Petrol,Manual,"EMI ₹7,772/m*",₹2.34 lakh
1422,Hyundai Eon,Hyundai,2012,"83,894 km",Petrol,Manual,"EMI ₹6,664/m*",₹0.75 lakh
1423,Renault Kwid,Renault,2016,"90,296 km",Petrol,Manual,"EMI ₹3,070/m*",₹1.38 lakh
1424,Volkswagen Vento,Volkswagen,2015,"78,589 km",Petrol,Auto,"EMI ₹7,505/m*",₹2.85 lakh
1425,Hyundai Eon,Hyundai,2014,"72,504 km",Petrol,Manual,"EMI ₹3,820/m*",₹1.15 lakh
1426,Honda Civic,Honda,2019,"12,504 km",Petrol,Auto,"EMI ₹21,043/m*",₹12.29 lakh
1427,Honda Amaze,Honda,2014,"93,522 km",Petrol,Manual,"EMI ₹9,034/m*",₹2.72 lakh
1428,Honda Brio,Honda,2013,"40,674 km",Petrol,Manual,"EMI ₹9,509/m*",₹2.02 lakh
1429,Ford Ecosport,Ford,2013,"1,50,000 km",Petrol,Manual,"EMI ₹9,509/m*",₹2.02 lakh
1430,Maruti Swift Dzire,Maruti,2014,"38,327 km",Petrol,Manual,"EMI ₹9,068/m*",₹2.73 lakh
1431,Toyota Etios Liva,Toyota,2012,"1,15,930 km",Petrol,Manual,"EMI ₹15,371/m*",₹1.73 lakh
1432,Hyundai Elite i20,Hyundai,2016,"81,000 km",Petrol,Manual,"EMI ₹6,584/m*",₹2.96 lakh
1433,Datsun Go Plus,Datsun,2016,"32,144 km",Petrol,Manual,"EMI ₹3,403/m*",₹1.53 lakh
1434,Hyundai i10,Hyundai,2012,"92,845 km",Petrol,Manual,"EMI ₹8,352/m*",₹0.94 lakh
1435,Hyundai Eon,Hyundai,2013,"52,992 km",Petrol,Manual,"EMI ₹3,954/m*",₹0.84 lakh
1436,Hyundai i10,Hyundai,2012,"1,67,655 km",Petrol,Manual,"EMI ₹10,751/m*",₹1.21 lakh
1437,BMW 3 Series,BMW,2011,"57,260 km",Petrol,Auto,"EMI ₹10,751/m*",₹2.37 lakh
1438,Honda City,Honda,2011,"55,577 km",Petrol,Manual,"EMI ₹10,751/m*",₹1.09 lakh
1439,Maruti Wagon R 1.0,Maruti,2014,"46,522 km",Petrol,Manual,"EMI ₹6,145/m*",₹1.85 lakh
1440,Hyundai VENUE,Hyundai,2021,"51,068 km",Petrol,Manual,"EMI ₹9,709/m*",₹5.50 lakh
1441,Maruti Vitara Brezza,Maruti,2016,"1,31,904 km",Diesel,Manual,"EMI ₹9,709/m*",₹4.69 lakh
1442,Hyundai i20,Hyundai,2013,"68,496 km",Petrol,Manual,"EMI ₹7,767/m*",₹1.65 lakh
1443,Maruti Swift Dzire,Maruti,2015,"93,296 km",Petrol,Manual,"EMI ₹5,267/m*",₹2.00 lakh
1444,Mahindra TUV300,Mahindra,2017,"77,289 km",Diesel,Manual,"EMI ₹35,451/m*",₹3.99 lakh
1445,Hyundai i10,Hyundai,2013,"79,695 km",Petrol,Manual,"EMI ₹5,084/m*",₹1.08 lakh
1446,Maruti Alto 800,Maruti,2016,"1,00,326 km",Petrol,Manual,"EMI ₹3,070/m*",₹1.38 lakh
1447,Hyundai i10,Hyundai,2011,"68,387 km",Petrol,Manual,"EMI ₹3,070/m*",₹1.21 lakh
1448,Maruti Wagon R 1.0,Maruti,2012,"79,017 km",Petrol,Manual,"EMI ₹10,662/m*",₹1.20 lakh
1449,Maruti Alto K10,Maruti,2012,"42,262 km",Petrol,Manual,"EMI ₹12,577/m*",₹1.42 lakh
1450,Maruti Wagon R 1.0,Maruti,2018,"1,16,676 km",Petrol,Manual,"EMI ₹5,005/m*",₹2.25 lakh
1451,Honda Amaze,Honda,2015,"1,34,112 km",Petrol,Manual,"EMI ₹6,662/m*",₹2.53 lakh
1452,Hyundai i10,Hyundai,2011,"62,505 km",Petrol,Manual,"EMI ₹6,662/m*",₹1.41 lakh
1453,Mahindra TUV300,Mahindra,2017,"1,03,595 km",Diesel,Manual,"EMI ₹38,560/m*",₹4.34 lakh
1454,Maruti Wagon R 1.0,Maruti,2016,"1,03,604 km",Petrol,Auto,"EMI ₹6,117/m*",₹2.75 lakh
1455,Hyundai i10,Hyundai,2012,"57,677 km",Petrol,Manual,"EMI ₹8,885/m*",₹1.00 lakh
1456,Honda Amaze,Honda,2013,"1,32,820 km",Petrol,Manual,"EMI ₹9,132/m*",₹1.94 lakh
1457,Hyundai i10,Hyundai,2014,"82,795 km",Petrol,Manual,"EMI ₹4,916/m*",₹1.48 lakh
1458,Maruti Swift,Maruti,2015,"80,792 km",Petrol,Manual,"EMI ₹6,162/m*",₹2.34 lakh
1459,Maruti Wagon R 1.0,Maruti,2012,"89,163 km",Petrol,Manual,"EMI ₹12,172/m*",₹1.37 lakh
1460,Mahindra XUV500,Mahindra,2016,"1,31,800 km",Diesel,Manual,"EMI ₹12,172/m*",₹3.00 lakh
1461,Honda City,Honda,2017,"58,860 km",Petrol,Manual,"EMI ₹9,365/m*",₹4.79 lakh
1462,Maruti Ertiga,Maruti,2018,"91,556 km",Petrol,Manual,"EMI ₹6,337/m*",₹3.59 lakh
1463,Maruti Vitara Brezza,Maruti,2016,"89,719 km",Diesel,Manual,"EMI ₹6,337/m*",₹3.67 lakh
1464,Hyundai Grand i10,Hyundai,2015,"47,272 km",Petrol,Manual,"EMI ₹5,504/m*",₹2.09 lakh
1465,Maruti Wagon R 1.0,Maruti,2017,"1,59,865 km",Petrol,Manual,"EMI ₹6,184/m*",₹2.78 lakh
1466,Honda Amaze,Honda,2014,"90,073 km",Petrol,Manual,"EMI ₹8,104/m*",₹2.44 lakh
1467,Maruti Swift,Maruti,2021,"37,755 km",Petrol,Manual,"EMI ₹8,385/m*",₹4.75 lakh
1468,Maruti Swift Dzire,Maruti,2012,"1,04,184 km",Petrol,Manual,"EMI ₹13,061/m*",₹1.47 lakh
1469,Honda Amaze,Honda,2014,"61,471 km",Petrol,Manual,"EMI ₹8,636/m*",₹2.60 lakh
1470,Hyundai Grand i10,Hyundai,2014,"81,664 km",Petrol,Manual,"EMI ₹8,104/m*",₹2.44 lakh
1471,Maruti Alto 800,Maruti,2017,"85,400 km",Petrol,Manual,"EMI ₹3,910/m*",₹2.00 lakh
1472,Maruti Wagon R 1.0,Maruti,2013,"62,013 km",Petrol,Manual,"EMI ₹6,355/m*",₹1.35 lakh
1473,Maruti Alto K10,Maruti,2019,"45,928 km",Petrol,Manual,"EMI ₹4,184/m*",₹2.37 lakh
1474,Hyundai i20,Hyundai,2012,"73,865 km",Petrol,Manual,"EMI ₹10,306/m*",₹1.16 lakh
1475,Maruti Alto 800,Maruti,2014,"69,560 km",Petrol,Manual,"EMI ₹4,650/m*",₹1.40 lakh
1476,Honda Jazz,Honda,2015,"99,459 km",Petrol,Manual,"EMI ₹5,741/m*",₹2.18 lakh
1477,Toyota Etios,Toyota,2012,"1,50,000 km",Petrol,Manual,"EMI ₹9,773/m*",₹1.10 lakh
1478,Hyundai Grand i10,Hyundai,2013,"29,493 km",Petrol,Manual,"EMI ₹7,579/m*",₹1.61 lakh
1479,Tata Zest,Tata,2016,"1,18,625 km",Diesel,Manual,"EMI ₹7,579/m*",₹1.59 lakh
1480,Hyundai Elite i20,Hyundai,2014,"76,942 km",Petrol,Manual,"EMI ₹10,296/m*",₹3.10 lakh
1481,Tata TIGOR,Tata,2018,"91,967 km",Diesel,Manual,"EMI ₹19,065/m*",₹4.05 lakh
1482,Maruti Wagon R 1.0,Maruti,2016,"57,313 km",Petrol,Auto,"EMI ₹6,740/m*",₹3.03 lakh
1483,Volkswagen Polo,Volkswagen,2012,"68,654 km",Petrol,Manual,"EMI ₹11,906/m*",₹1.34 lakh
1484,Maruti Wagon R 1.0,Maruti,2013,"1,46,306 km",Petrol,Manual,"EMI ₹6,684/m*",₹1.42 lakh
1485,Maruti Vitara Brezza,Maruti,2017,"80,943 km",Diesel,Manual,"EMI ₹48,689/m*",₹5.48 lakh
1486,KIA CARENS,KIA,2024,"2,741 km",Petrol,Manual,"EMI ₹18,253/m*",₹10.66 lakh
1487,Maruti Swift,Maruti,2024,"38,031 km",Petrol,Manual,"EMI ₹10,009/m*",₹5.67 lakh
1488,Hyundai i10,Hyundai,2014,"65,181 km",Petrol,Manual,"EMI ₹6,244/m*",₹1.88 lakh
1489,Maruti Alto 800,Maruti,2014,"70,840 km",Petrol,Manual,"EMI ₹4,716/m*",₹1.42 lakh
1490,Datsun Redi Go,Datsun,2017,"15,553 km",Petrol,Manual,"EMI ₹3,128/m*",₹1.60 lakh
1491,Maruti Swift,Maruti,2013,"99,248 km",Petrol,Manual,"EMI ₹8,473/m*",₹1.80 lakh
1492,Maruti Wagon R 1.0,Maruti,2011,"66,071 km",Petrol,Manual,"EMI ₹8,473/m*",₹1.77 lakh
1493,Honda City,Honda,2010,"1,12,253 km",Petrol,Auto,"EMI ₹8,473/m*",₹0.80 lakh
1494,Maruti Wagon R 1.0,Maruti,2012,"1,18,473 km",Petrol,Manual,"EMI ₹9,109/m*",₹1.03 lakh
1495,Hyundai Grand i10,Hyundai,2015,"83,601 km",Petrol,Manual,"EMI ₹7,373/m*",₹2.80 lakh
1496,Hyundai Grand i10,Hyundai,2014,"78,580 km",Petrol,Manual,"EMI ₹8,370/m*",₹2.52 lakh
1497,Renault Kwid,Renault,2018,"72,011 km",Petrol,Manual,"EMI ₹3,389/m*",₹1.92 lakh
1498,Hyundai i20,Hyundai,2013,"91,353 km",Petrol,Manual,"EMI ₹7,061/m*",₹1.50 lakh
1499,Hyundai i10,Hyundai,2014,"1,11,104 km",Petrol,Manual,"EMI ₹4,318/m*",₹1.30 lakh
1500,Hyundai i10,Hyundai,2012,"58,795 km",Petrol,Manual,"EMI ₹13,505/m*",₹1.52 lakh
1501,Hyundai Grand i10,Hyundai,2014,"1,04,056 km",Petrol,Manual,"EMI ₹7,938/m*",₹2.39 lakh
1502,Maruti Swift,Maruti,2014,"83,390 km",Petrol,Manual,"EMI ₹6,776/m*",₹2.04 lakh
1503,Tata Harrier,Tata,2019,"1,26,452 km",Diesel,Manual,"EMI ₹21,888/m*",₹6.59 lakh
1504,Hyundai Xcent,Hyundai,2014,"1,98,026 km",Petrol,Manual,"EMI ₹5,414/m*",₹1.63 lakh
1505,Maruti Ciaz,Maruti,2015,"96,815 km",Petrol,Auto,"EMI ₹8,295/m*",₹3.15 lakh
1506,Hyundai Grand i10,Hyundai,2015,"94,009 km",Petrol,Manual,"EMI ₹6,583/m*",₹2.50 lakh
1507,Honda Brio,Honda,2013,"94,001 km",Petrol,Manual,"EMI ₹6,873/m*",₹1.46 lakh
1508,Maruti Alto,Maruti,2019,"1,07,757 km",Petrol,Manual,"EMI ₹5,227/m*",₹2.35 lakh
1509,Hyundai Eon,Hyundai,2016,"1,56,202 km",Petrol,Manual,"EMI ₹3,633/m*",₹1.63 lakh
1510,Honda City,Honda,2013,"95,457 km",Petrol,Manual,"EMI ₹9,838/m*",₹2.09 lakh
1511,Honda Amaze,Honda,2014,"47,834 km",Petrol,Manual,"EMI ₹8,104/m*",₹2.44 lakh
1512,Maruti Swift,Maruti,2013,"67,790 km",Petrol,Manual,"EMI ₹9,509/m*",₹2.02 lakh
1513,Hyundai i10,Hyundai,2013,"47,058 km",Petrol,Manual,"EMI ₹7,155/m*",₹1.52 lakh
1514,Maruti Wagon R 1.0,Maruti,2013,"92,549 km",Petrol,Manual,"EMI ₹6,826/m*",₹1.45 lakh
1515,Ford Figo,Ford,2012,"87,278 km",Petrol,Manual,"EMI ₹9,862/m*",₹1.11 lakh
1516,KIA SONET,KIA,2022,"74,505 km",Diesel,Auto,"EMI ₹15,054/m*",₹7.70 lakh
1517,Maruti Swift Dzire,Maruti,2013,"51,475 km",Petrol,Manual,"EMI ₹13,651/m*",₹2.90 lakh
1518,Renault Kwid,Renault,2016,"33,224 km",Petrol,Manual,"EMI ₹3,737/m*",₹1.68 lakh
1519,Ford Figo Aspire,Ford,2017,"72,871 km",Diesel,Manual,"EMI ₹22,479/m*",₹2.53 lakh
1520,Honda Brio,Honda,2012,"48,160 km",Petrol,Manual,"EMI ₹11,017/m*",₹1.24 lakh
1521,Hyundai Verna,Hyundai,2013,"1,46,903 km",Petrol,Manual,"EMI ₹9,650/m*",₹2.05 lakh
1522,KIA SELTOS,KIA,2022,"95,031 km",Petrol,Manual,"EMI ₹15,564/m*",₹9.09 lakh
1523,Hyundai Elite i20,Hyundai,2018,"63,647 km",Diesel,Manual,"EMI ₹20,006/m*",₹4.25 lakh
1524,Datsun Redi Go,Datsun,2017,"1,31,423 km",Petrol,Manual,"EMI ₹2,870/m*",₹1.29 lakh
1525,Renault TRIBER,Renault,2020,"69,932 km",Petrol,Manual,"EMI ₹7,591/m*",₹4.30 lakh
1526,Honda Brio,Honda,2012,"70,310 km",Petrol,Manual,"EMI ₹13,416/m*",₹1.51 lakh
1527,Maruti Vitara Brezza,Maruti,2016,"1,34,189 km",Diesel,Manual,"EMI ₹13,416/m*",₹4.65 lakh
1528,Toyota URBAN CRUISER HYRYDER,Toyota,2023,"75,128 km",Petrol,Auto,"EMI ₹16,266/m*",₹9.50 lakh
1529,Maruti Swift,Maruti,2016,"1,81,492 km",Petrol,Manual,"EMI ₹7,163/m*",₹3.22 lakh
1530,Maruti Alto K10,Maruti,2013,"1,36,806 km",Petrol,Manual,"EMI ₹5,279/m*",₹1.12 lakh
1531,Honda Amaze,Honda,2013,"1,69,207 km",Petrol,Auto,"EMI ₹8,144/m*",₹1.73 lakh
1532,Hyundai Grand i10,Hyundai,2014,"59,588 km",Petrol,Manual,"EMI ₹5,514/m*",₹1.66 lakh
1533,Hyundai Verna,Hyundai,2011,"45,000 km",Petrol,Manual,"EMI ₹5,514/m*",₹1.34 lakh
1534,Hyundai Grand i10,Hyundai,2014,"1,39,323 km",Petrol,Manual,"EMI ₹8,769/m*",₹2.64 lakh
1535,Maruti Celerio,Maruti,2014,"38,766 km",Petrol,Manual,"EMI ₹6,576/m*",₹1.98 lakh
1536,Maruti Wagon R 1.0,Maruti,2016,"71,016 km",Petrol,Manual,"EMI ₹5,561/m*",₹2.50 lakh
1537,Hyundai i10,Hyundai,2016,"42,207 km",Petrol,Manual,"EMI ₹4,605/m*",₹2.07 lakh
1538,Maruti IGNIS,Maruti,2018,"82,301 km",Petrol,Auto,"EMI ₹5,631/m*",₹3.19 lakh
1539,Honda ELEVATE,Honda,2024,"23,360 km",Petrol,Auto,"EMI ₹23,971/m*",₹14.00 lakh
1540,Tata NEXON,Tata,2019,"80,397 km",Petrol,Manual,"EMI ₹8,191/m*",₹4.64 lakh
1541,Honda Brio,Honda,2015,"53,875 km",Petrol,Manual,"EMI ₹5,530/m*",₹2.10 lakh
1542,Maruti Alto 800,Maruti,2016,"1,04,200 km",Petrol,Manual,"EMI ₹3,337/m*",₹1.50 lakh
1543,Mahindra TUV300,Mahindra,2016,"1,25,936 km",Diesel,Manual,"EMI ₹3,337/m*",₹3.81 lakh
1544,Honda City,Honda,2014,"1,75,647 km",Diesel,Manual,"EMI ₹11,674/m*",₹2.48 lakh
1545,KIA SELTOS,KIA,2022,"72,871 km",Petrol,Manual,"EMI ₹15,564/m*",₹9.09 lakh
1546,Maruti Alto 800,Maruti,2014,"1,17,032 km",Petrol,Manual,"EMI ₹3,786/m*",₹1.14 lakh
1547,Maruti Swift,Maruti,2016,"95,522 km",Petrol,Manual,"EMI ₹6,429/m*",₹2.89 lakh
1548,Tata NEXON,Tata,2018,"1,52,908 km",Diesel,Manual,"EMI ₹23,443/m*",₹4.98 lakh
1549,Hyundai i10,Hyundai,2011,"60,985 km",Petrol,Manual,"EMI ₹23,443/m*",₹0.68 lakh
1550,Nissan Micra,Nissan,2015,"13,098 km",Petrol,Manual,"EMI ₹3,502/m*",₹1.33 lakh
1551,Hyundai Eon,Hyundai,2015,"81,412 km",Petrol,Manual,"EMI ₹4,635/m*",₹1.76 lakh
1552,Honda Amaze,Honda,2017,"69,567 km",Petrol,Manual,"EMI ₹5,474/m*",₹2.80 lakh
1553,Mahindra Kuv100,Mahindra,2016,"1,11,075 km",Diesel,Manual,"EMI ₹5,474/m*",₹1.35 lakh
1554,Maruti Alto 800,Maruti,2017,"72,862 km",Petrol,Manual,"EMI ₹3,324/m*",₹1.70 lakh
1555,Honda Amaze,Honda,2015,"85,987 km",Petrol,Manual,"EMI ₹7,110/m*",₹2.70 lakh
1556,Maruti Swift,Maruti,2016,"97,832 km",Petrol,Manual,"EMI ₹7,252/m*",₹3.26 lakh
1557,Maruti Wagon R 1.0,Maruti,2014,"1,08,774 km",Petrol,Manual,"EMI ₹6,410/m*",₹1.93 lakh
1558,Honda Amaze,Honda,2013,"83,916 km",Petrol,Manual,"EMI ₹7,061/m*",₹1.50 lakh
1559,Maruti Swift Dzire,Maruti,2016,"90,884 km",Petrol,Manual,"EMI ₹6,762/m*",₹3.04 lakh
1560,Maruti Ertiga,Maruti,2018,"2,09,868 km",Diesel,Manual,"EMI ₹27,303/m*",₹5.80 lakh
1561,Toyota Etios,Toyota,2011,"69,073 km",Petrol,Manual,"EMI ₹27,303/m*",₹1.30 lakh
1562,Tata NEXON,Tata,2020,"60,683 km",Petrol,Auto,"EMI ₹8,120/m*",₹4.60 lakh
1563,KIA SELTOS,KIA,2019,"1,10,932 km",Petrol,Auto,"EMI ₹22,395/m*",₹10.30 lakh
1564,Maruti Swift,Maruti,2012,"69,955 km",Petrol,Manual,"EMI ₹15,549/m*",₹1.75 lakh
1565,Maruti Baleno,Maruti,2019,"75,852 km",Petrol,Manual,"EMI ₹6,973/m*",₹3.95 lakh
1566,Maruti Celerio,Maruti,2015,"70,067 km",Petrol,Manual,"EMI ₹5,951/m*",₹2.26 lakh
1567,Maruti Wagon R 1.0,Maruti,2015,"49,910 km",Petrol,Manual,"EMI ₹5,477/m*",₹2.08 lakh
1568,Hyundai i10,Hyundai,2014,"51,773 km",Petrol,Manual,"EMI ₹5,049/m*",₹1.52 lakh
1569,Maruti Celerio,Maruti,2018,"90,234 km",Petrol,Manual,"EMI ₹4,448/m*",₹2.52 lakh
1570,Honda Amaze,Honda,2015,"51,842 km",Petrol,Manual,"EMI ₹6,768/m*",₹2.57 lakh
1571,Maruti Swift Dzire,Maruti,2012,"1,87,000 km",Petrol,Manual,"EMI ₹10,751/m*",₹1.21 lakh
1572,Honda Brio,Honda,2012,"68,809 km",Petrol,Manual,"EMI ₹9,329/m*",₹1.05 lakh
1573,KIA SELTOS,KIA,2019,"66,315 km",Petrol,Manual,"EMI ₹13,921/m*",₹8.13 lakh
1574,Maruti Swift,Maruti,2017,"71,103 km",Petrol,Manual,"EMI ₹6,706/m*",₹3.43 lakh
1575,Mahindra KUV 100 NXT,Mahindra,2017,"60,225 km",Petrol,Manual,"EMI ₹4,868/m*",₹2.49 lakh
1576,Maruti Swift Dzire,Maruti,2014,"61,293 km",Petrol,Manual,"EMI ₹6,145/m*",₹1.85 lakh
1577,Hyundai Grand i10,Hyundai,2014,"79,463 km",Petrol,Manual,"EMI ₹7,839/m*",₹2.36 lakh
1578,Maruti Swift Dzire,Maruti,2012,"2,14,412 km",Petrol,Manual,"EMI ₹16,437/m*",₹1.85 lakh
1579,Maruti Baleno,Maruti,2016,"95,862 km",Petrol,Manual,"EMI ₹8,564/m*",₹3.85 lakh
1580,Maruti Swift,Maruti,2019,"66,450 km",Petrol,Auto,"EMI ₹6,902/m*",₹3.91 lakh
1581,Maruti Ciaz,Maruti,2015,"75,691 km",Petrol,Manual,"EMI ₹8,163/m*",₹3.10 lakh
1582,Tata NEXON,Tata,2019,"55,842 km",Petrol,Manual,"EMI ₹8,968/m*",₹5.08 lakh
1583,Mahindra TUV300,Mahindra,2016,"1,75,110 km",Diesel,Manual,"EMI ₹8,968/m*",₹2.70 lakh
1584,Hyundai Eon,Hyundai,2015,"85,381 km",Petrol,Manual,"EMI ₹3,476/m*",₹1.32 lakh
1585,MG HECTOR,MG,2019,"92,582 km",Diesel,Manual,"EMI ₹25,442/m*",₹7.66 lakh
1586,Tata TIGOR,Tata,2017,"52,226 km",Petrol,Manual,"EMI ₹4,829/m*",₹2.47 lakh
1587,Maruti Swift,Maruti,2012,"1,06,497 km",Petrol,Manual,"EMI ₹15,993/m*",₹1.80 lakh
1588,Audi A6,Audi,2011,"90,405 km",Petrol,Auto,"EMI ₹15,993/m*",₹5.97 lakh
1589,Maruti Ciaz,Maruti,2020,"89,774 km",Petrol,Manual,"EMI ₹9,285/m*",₹5.26 lakh
1590,Hyundai i20,Hyundai,2013,"65,581 km",Petrol,Manual,"EMI ₹9,179/m*",₹1.95 lakh
1591,Mahindra TUV300,Mahindra,2017,"57,775 km",Diesel,Manual,"EMI ₹42,292/m*",₹4.76 lakh
1592,Mahindra MARAZZO,Mahindra,2019,"60,157 km",Diesel,Manual,"EMI ₹14,116/m*",₹4.25 lakh
1593,Maruti Swift,Maruti,2016,"73,578 km",Petrol,Manual,"EMI ₹6,451/m*",₹2.90 lakh
1594,Nissan MAGNITE,Nissan,2021,"43,415 km",Petrol,Manual,"EMI ₹6,532/m*",₹3.70 lakh
1595,Tata NEXON,Tata,2022,"30,593 km",Petrol,Manual,"EMI ₹13,381/m*",₹7.58 lakh
1596,Honda Amaze,Honda,2015,"1,45,477 km",Petrol,Auto,"EMI ₹6,109/m*",₹2.32 lakh
1597,Hyundai i10,Hyundai,2014,"33,490 km",Petrol,Manual,"EMI ₹5,846/m*",₹1.76 lakh
1598,Maruti Wagon R 1.0,Maruti,2016,"43,051 km",Petrol,Auto,"EMI ₹5,895/m*",₹2.65 lakh
1599,Maruti Celerio,Maruti,2015,"68,350 km",Petrol,Auto,"EMI ₹6,531/m*",₹2.48 lakh
1600,Maruti Swift,Maruti,2019,"82,128 km",Petrol,Manual,"EMI ₹6,496/m*",₹3.68 lakh
1601,Maruti Swift Dzire,Maruti,2015,"1,53,124 km",Diesel,Manual,"EMI ₹6,496/m*",₹3.00 lakh
1602,Hyundai i10,Hyundai,2012,"1,05,570 km",Petrol,Manual,"EMI ₹8,618/m*",₹0.97 lakh
1603,Renault Kwid,Renault,2017,"68,253 km",Petrol,Manual,"EMI ₹2,991/m*",₹1.53 lakh
1604,Maruti Wagon R 1.0,Maruti,2014,"69,672 km",Petrol,Manual,"EMI ₹6,012/m*",₹1.81 lakh
1605,Hyundai i10,Hyundai,2011,"69,895 km",Petrol,Manual,"EMI ₹6,012/m*",₹1.23 lakh
1606,Hyundai Grand i10,Hyundai,2014,"88,318 km",Petrol,Manual,"EMI ₹5,613/m*",₹1.69 lakh
1607,Hyundai i10,Hyundai,2014,"87,069 km",Petrol,Manual,"EMI ₹4,650/m*",₹1.40 lakh
1608,Hyundai i10,Hyundai,2013,"80,763 km",Petrol,Manual,"EMI ₹4,990/m*",₹1.06 lakh
1609,Maruti Vitara Brezza,Maruti,2016,"84,258 km",Diesel,Manual,"EMI ₹4,990/m*",₹4.42 lakh
1610,Renault Kwid,Renault,2016,"56,168 km",Petrol,Manual,"EMI ₹5,094/m*",₹2.29 lakh
1611,Tata NEXON,Tata,2018,"95,223 km",Diesel,Auto,"EMI ₹25,278/m*",₹5.37 lakh
1612,Hyundai i10,Hyundai,2014,"70,543 km",Petrol,Manual,"EMI ₹5,314/m*",₹1.60 lakh
1613,Maruti Baleno,Maruti,2018,"36,141 km",Petrol,Auto,"EMI ₹7,326/m*",₹4.15 lakh
1614,Nissan MAGNITE,Nissan,2021,"20,801 km",Petrol,Auto,"EMI ₹8,826/m*",₹5.00 lakh
1615,Hyundai i10,Hyundai,2015,"1,11,660 km",Petrol,Manual,"EMI ₹3,924/m*",₹1.49 lakh
1616,Tata ALTROZ,Tata,2020,"57,967 km",Petrol,Manual,"EMI ₹6,938/m*",₹3.93 lakh
1617,Volkswagen Polo,Volkswagen,2021,"81,351 km",Petrol,Auto,"EMI ₹11,474/m*",₹6.50 lakh
1618,Maruti Alto 800,Maruti,2014,"76,171 km",Petrol,Manual,"EMI ₹4,085/m*",₹1.23 lakh
1619,Hyundai i20,Hyundai,2014,"76,989 km",Petrol,Manual,"EMI ₹7,407/m*",₹2.23 lakh
1620,Maruti Alto 800,Maruti,2013,"29,916 km",Petrol,Manual,"EMI ₹5,696/m*",₹1.21 lakh
1621,Maruti Swift Dzire,Maruti,2015,"58,250 km",Petrol,Manual,"EMI ₹9,665/m*",₹3.67 lakh
1622,Maruti Swift,Maruti,2015,"93,240 km",Petrol,Manual,"EMI ₹7,242/m*",₹2.75 lakh
1623,Maruti Swift,Maruti,2016,"26,695 km",Petrol,Manual,"EMI ₹7,519/m*",₹3.38 lakh
1624,MG ASTOR,MG,2022,"44,611 km",Petrol,Manual,"EMI ₹13,240/m*",₹7.50 lakh
1625,Maruti Celerio,Maruti,2017,"66,698 km",Petrol,Manual,"EMI ₹4,125/m*",₹2.11 lakh
1626,Hyundai i10,Hyundai,2013,"66,971 km",Petrol,Manual,"EMI ₹7,767/m*",₹1.65 lakh
1627,Honda Amaze,Honda,2019,"1,08,000 km",Diesel,Manual,"EMI ₹11,525/m*",₹3.47 lakh
1628,Maruti Wagon R 1.0,Maruti,2014,"1,83,042 km",Petrol,Manual,"EMI ₹4,351/m*",₹1.31 lakh
1629,Maruti Alto 800,Maruti,2013,"1,20,686 km",Petrol,Manual,"EMI ₹7,296/m*",₹1.55 lakh
1630,Honda Brio,Honda,2014,"45,016 km",Petrol,Manual,"EMI ₹5,680/m*",₹1.71 lakh
1631,Hyundai i20,Hyundai,2012,"79,116 km",Petrol,Manual,"EMI ₹12,172/m*",₹1.37 lakh
1632,Mahindra Kuv100,Mahindra,2016,"38,498 km",Petrol,Manual,"EMI ₹3,915/m*",₹1.76 lakh
1633,Maruti Wagon R 1.0,Maruti,2016,"34,000 km",Petrol,Manual,"EMI ₹5,405/m*",₹2.43 lakh
1634,Tata Tiago,Tata,2018,"1,32,885 km",Diesel,Manual,"EMI ₹9,038/m*",₹1.92 lakh
1635,Hyundai Grand i10,Hyundai,2014,"75,134 km",Petrol,Manual,"EMI ₹6,311/m*",₹1.90 lakh
1636,Maruti Vitara Brezza,Maruti,2016,"48,648 km",Diesel,Manual,"EMI ₹6,311/m*",₹5.49 lakh
1637,Maruti Eeco,Maruti,2016,"76,873 km",Petrol,Manual,"EMI ₹4,471/m*",₹2.01 lakh
1638,Renault Kwid,Renault,2017,"27,570 km",Petrol,Manual,"EMI ₹3,910/m*",₹2.00 lakh
1639,Tata Tiago,Tata,2017,"41,166 km",Petrol,Auto,"EMI ₹5,865/m*",₹3.00 lakh
1640,Maruti Swift Dzire,Maruti,2012,"53,336 km",Petrol,Manual,"EMI ₹14,305/m*",₹1.61 lakh
1641,Mitsubishi Outlander,Mitsubishi,2011,"91,511 km",Petrol,Auto,"EMI ₹14,305/m*",₹2.00 lakh
1642,Honda Amaze,Honda,2014,"75,378 km",Petrol,Manual,"EMI ₹7,307/m*",₹2.20 lakh
1643,Honda Brio,Honda,2012,"84,597 km",Petrol,Manual,"EMI ₹9,951/m*",₹1.12 lakh
1644,Maruti Alto 800,Maruti,2013,"1,49,455 km",Petrol,Manual,"EMI ₹5,461/m*",₹1.16 lakh
1645,Maruti Swift,Maruti,2012,"89,140 km",Petrol,Manual,"EMI ₹13,594/m*",₹1.53 lakh
1646,Maruti Wagon R 1.0,Maruti,2018,"25,268 km",Petrol,Manual,"EMI ₹4,572/m*",₹2.59 lakh
1647,MG HECTOR PLUS,MG,2020,"61,419 km",Diesel,Manual,"EMI ₹33,315/m*",₹12.89 lakh
1648,Mahindra Kuv100,Mahindra,2016,"66,658 km",Petrol,Manual,"EMI ₹4,671/m*",₹2.10 lakh
1649,Maruti Swift Dzire,Maruti,2015,"90,805 km",Petrol,Manual,"EMI ₹9,191/m*",₹3.49 lakh
1650,Hyundai Elite i20,Hyundai,2019,"86,733 km",Petrol,Manual,"EMI ₹6,620/m*",₹3.75 lakh
1651,Mahindra KUV 100 NXT,Mahindra,2017,"39,508 km",Diesel,Manual,"EMI ₹23,012/m*",₹2.59 lakh
1652,Hyundai Eon,Hyundai,2012,"1,11,892 km",Petrol,Manual,"EMI ₹6,841/m*",₹0.77 lakh
1653,Jeep Compass,Jeep,2017,"1,00,710 km",Petrol,Auto,"EMI ₹17,618/m*",₹7.92 lakh
1654,Hyundai VENUE,Hyundai,2025,720 km,Diesel,Manual,"EMI ₹17,807/m*",₹10.40 lakh
1655,Honda Amaze,Honda,2015,"75,723 km",Petrol,Manual,"EMI ₹9,217/m*",₹3.50 lakh
1656,Maruti Celerio,Maruti,2014,"94,603 km",Petrol,Manual,"EMI ₹5,082/m*",₹1.53 lakh
1657,Mahindra SCORPIO-N,Mahindra,2023,"81,604 km",Diesel,Manual,"EMI ₹19,725/m*",₹11.52 lakh
1658,Maruti Wagon R 1.0,Maruti,2017,"81,024 km",Petrol,Manual,"EMI ₹4,966/m*",₹2.54 lakh
1659,Honda City,Honda,2011,"48,778 km",Petrol,Manual,"EMI ₹4,966/m*",₹1.35 lakh
1660,Renault Duster,Renault,2016,"52,791 km",Diesel,Manual,"EMI ₹4,966/m*",₹2.27 lakh
1661,Datsun Go,Datsun,2019,"13,967 km",Petrol,Manual,"EMI ₹4,060/m*",₹2.30 lakh
1662,Hyundai Grand i10,Hyundai,2015,"1,17,835 km",Petrol,Manual,"EMI ₹6,162/m*",₹2.34 lakh
1663,Renault Kwid,Renault,2017,"59,314 km",Petrol,Manual,"EMI ₹2,972/m*",₹1.52 lakh
1664,Hyundai Elite i20,Hyundai,2015,"1,83,251 km",Petrol,Manual,"EMI ₹6,452/m*",₹2.45 lakh
1665,Tata NEXON,Tata,2017,"83,978 km",Diesel,Manual,"EMI ₹21,146/m*",₹2.38 lakh
1666,Tata Tiago,Tata,2016,"1,28,143 km",Diesel,Manual,"EMI ₹21,146/m*",₹1.94 lakh
1667,Hyundai Verna,Hyundai,2018,"98,916 km",Diesel,Manual,"EMI ₹24,996/m*",₹5.31 lakh
1668,Maruti Swift,Maruti,2017,"37,860 km",Petrol,Manual,"EMI ₹7,801/m*",₹3.99 lakh
1669,Honda Amaze,Honda,2015,"1,06,862 km",Petrol,Manual,"EMI ₹6,820/m*",₹2.59 lakh
1670,Mahindra Kuv100,Mahindra,2017,"20,346 km",Petrol,Manual,"EMI ₹5,005/m*",₹2.56 lakh
1671,Renault Duster,Renault,2013,"1,43,327 km",Petrol,Manual,"EMI ₹9,556/m*",₹2.03 lakh
1672,Renault Kwid,Renault,2017,"66,249 km",Petrol,Manual,"EMI ₹2,835/m*",₹1.45 lakh
1673,Volkswagen Polo,Volkswagen,2011,"93,343 km",Petrol,Manual,"EMI ₹2,835/m*",₹0.97 lakh
1674,Hyundai Elite i20,Hyundai,2017,"43,576 km",Petrol,Manual,"EMI ₹6,784/m*",₹3.47 lakh
1675,Tata NEXON,Tata,2022,"96,425 km",Petrol,Manual,"EMI ₹13,240/m*",₹7.50 lakh
1676,Maruti Alto 800,Maruti,2013,"62,253 km",Petrol,Manual,"EMI ₹6,449/m*",₹1.37 lakh
1677,Nissan Sunny,Nissan,2012,"69,439 km",Petrol,Manual,"EMI ₹7,730/m*",₹0.87 lakh
1678,Maruti Swift,Maruti,2016,"2,06,505 km",Petrol,Manual,"EMI ₹5,361/m*",₹2.41 lakh
1679,Maruti Swift,Maruti,2016,"28,658 km",Petrol,Manual,"EMI ₹4,983/m*",₹2.24 lakh
1680,Hyundai i10,Hyundai,2012,"1,26,142 km",Petrol,Manual,"EMI ₹9,773/m*",₹1.10 lakh
1681,Maruti Wagon R 1.0,Maruti,2014,"1,03,313 km",Petrol,Manual,"EMI ₹7,407/m*",₹2.23 lakh
1682,Toyota Etios,Toyota,2011,"1,16,259 km",Petrol,Manual,"EMI ₹7,407/m*",₹1.22 lakh
1683,Tata Zest,Tata,2014,"1,36,654 km",Petrol,Manual,"EMI ₹4,916/m*",₹1.48 lakh
1684,Honda Amaze,Honda,2015,"86,399 km",Petrol,Manual,"EMI ₹6,689/m*",₹2.54 lakh
1685,Chevrolet Beat,Chevrolet,2015,"54,254 km",Petrol,Manual,"EMI ₹3,608/m*",₹1.37 lakh
1686,Maruti Wagon R 1.0,Maruti,2015,"26,243 km",Petrol,Manual,"EMI ₹5,214/m*",₹1.98 lakh
1687,Maruti S PRESSO,Maruti,2021,"40,845 km",Petrol,Manual,"EMI ₹4,643/m*",₹2.63 lakh
1688,Hyundai Grand i10,Hyundai,2013,"86,945 km",Petrol,Manual,"EMI ₹10,733/m*",₹2.28 lakh
1689,Tata PUNCH,Tata,2023,"6,203 km",Petrol,Manual,"EMI ₹8,279/m*",₹4.69 lakh
1690,Maruti Swift Dzire,Maruti,2014,"66,091 km",Petrol,Manual,"EMI ₹7,971/m*",₹2.40 lakh
1691,Toyota Etios Liva,Toyota,2015,"94,779 km",Petrol,Manual,"EMI ₹5,135/m*",₹1.95 lakh
1692,Toyota Etios,Toyota,2011,"95,384 km",Petrol,Manual,"EMI ₹5,135/m*",₹1.43 lakh
1693,Hyundai Elite i20,Hyundai,2019,"61,254 km",Petrol,Manual,"EMI ₹7,026/m*",₹3.98 lakh
1694,Maruti Wagon R 1.0,Maruti,2016,"53,962 km",Petrol,Manual,"EMI ₹6,117/m*",₹2.75 lakh
1695,Nissan Sunny,Nissan,2012,"1,34,279 km",Petrol,Manual,"EMI ₹8,441/m*",₹0.95 lakh
1696,Honda Amaze,Honda,2019,"64,090 km",Petrol,Manual,"EMI ₹7,061/m*",₹4.00 lakh
1697,Maruti Swift Dzire,Maruti,2016,"1,83,000 km",Petrol,Manual,"EMI ₹5,850/m*",₹2.63 lakh
1698,Maruti Dzire,Maruti,2017,"80,972 km",Diesel,Auto,"EMI ₹26,743/m*",₹3.01 lakh
1699,Maruti Wagon R 1.0,Maruti,2011,"1,99,727 km",Petrol,Manual,"EMI ₹26,743/m*",₹0.84 lakh
1700,Tata PUNCH,Tata,2022,"38,509 km",Petrol,Manual,"EMI ₹9,074/m*",₹5.14 lakh
1701,Hyundai i10,Hyundai,2012,"41,307 km",Petrol,Manual,"EMI ₹11,106/m*",₹1.25 lakh
1702,Hyundai i10,Hyundai,2013,"23,214 km",Petrol,Manual,"EMI ₹6,355/m*",₹1.35 lakh
1703,Maruti Swift Dzire,Maruti,2017,"1,60,051 km",Petrol,Manual,"EMI ₹5,428/m*",₹2.44 lakh
1704,Maruti Vitara Brezza,Maruti,2017,"1,37,952 km",Diesel,Manual,"EMI ₹41,137/m*",₹4.63 lakh
1705,Hyundai i10,Hyundai,2013,"49,450 km",Petrol,Manual,"EMI ₹5,884/m*",₹1.25 lakh
1706,Mahindra Kuv100,Mahindra,2016,"58,762 km",Petrol,Manual,"EMI ₹3,960/m*",₹1.78 lakh
1707,Nissan Terrano,Nissan,2014,"1,33,055 km",Petrol,Manual,"EMI ₹6,444/m*",₹1.94 lakh
1708,Volkswagen Polo,Volkswagen,2021,"1,11,516 km",Petrol,Manual,"EMI ₹11,634/m*",₹5.23 lakh
1709,Ford FREESTYLE,Ford,2019,"37,666 km",Petrol,Manual,"EMI ₹7,344/m*",₹4.16 lakh
1710,Hyundai Xcent,Hyundai,2015,"92,147 km",Petrol,Manual,"EMI ₹7,637/m*",₹2.90 lakh
1711,Maruti Swift,Maruti,2017,"1,25,099 km",Petrol,Manual,"EMI ₹7,207/m*",₹3.24 lakh
1712,Honda City,Honda,2011,"1,47,349 km",Petrol,Manual,"EMI ₹7,207/m*",₹1.00 lakh
1713,Ford Figo,Ford,2014,"1,10,351 km",Petrol,Manual,"EMI ₹4,617/m*",₹1.39 lakh
1714,Renault Kwid,Renault,2017,"71,661 km",Petrol,Manual,"EMI ₹2,854/m*",₹1.46 lakh
1715,Datsun Redi Go,Datsun,2017,"79,204 km",Petrol,Manual,"EMI ₹2,522/m*",₹1.29 lakh
1716,Honda Brio,Honda,2012,"42,119 km",Petrol,Manual,"EMI ₹11,550/m*",₹1.30 lakh
1717,Tata NEXON,Tata,2021,"47,166 km",Petrol,Manual,"EMI ₹10,592/m*",₹6.00 lakh
1718,Hyundai i10,Hyundai,2014,"30,004 km",Petrol,Manual,"EMI ₹4,550/m*",₹1.37 lakh
1719,Mahindra XUV500,Mahindra,2017,"1,04,500 km",Diesel,Auto,"EMI ₹36,517/m*",₹4.11 lakh
1720,Maruti Wagon R 1.0,Maruti,2018,"78,199 km",Petrol,Manual,"EMI ₹4,590/m*",₹2.60 lakh
1721,Maruti Swift,Maruti,2012,"44,811 km",Petrol,Manual,"EMI ₹13,772/m*",₹1.55 lakh
1722,Maruti Ertiga,Maruti,2016,"1,32,604 km",Petrol,Manual,"EMI ₹9,921/m*",₹4.46 lakh
1723,Chevrolet Sail,Chevrolet,2013,"78,354 km",Petrol,Manual,"EMI ₹4,425/m*",₹0.94 lakh
1724,Maruti Vitara Brezza,Maruti,2016,"1,06,725 km",Diesel,Manual,"EMI ₹4,425/m*",₹5.01 lakh
1725,Maruti Ertiga,Maruti,2019,"87,913 km",Petrol,Manual,"EMI ₹10,592/m*",₹6.00 lakh
1726,Ford Figo Aspire,Ford,2017,"97,662 km",Diesel,Manual,"EMI ₹25,500/m*",₹2.87 lakh
1727,Maruti Swift,Maruti,2017,"1,67,564 km",Diesel,Manual,"EMI ₹26,122/m*",₹2.94 lakh
1728,Maruti Baleno,Maruti,2019,"94,958 km",Petrol,Manual,"EMI ₹7,485/m*",₹4.24 lakh
1729,Tata TIGOR,Tata,2023,"51,374 km",Petrol,Manual,"EMI ₹10,874/m*",₹6.16 lakh
1730,Honda Amaze,Honda,2017,"1,19,048 km",Petrol,Manual,"EMI ₹5,784/m*",₹2.60 lakh
1731,Maruti Swift,Maruti,2016,"87,229 km",Petrol,Manual,"EMI ₹7,407/m*",₹3.33 lakh
1732,Hyundai Grand i10,Hyundai,2015,"80,388 km",Petrol,Manual,"EMI ₹5,214/m*",₹1.98 lakh
1733,Hyundai Verna,Hyundai,2012,"79,962 km",Petrol,Manual,"EMI ₹12,350/m*",₹1.39 lakh
1734,Hyundai i20,Hyundai,2013,"47,627 km",Petrol,Manual,"EMI ₹9,650/m*",₹2.05 lakh
1735,Hyundai i20,Hyundai,2013,"93,886 km",Petrol,Manual,"EMI ₹10,497/m*",₹2.23 lakh
1736,Volkswagen Vento,Volkswagen,2013,"1,70,093 km",Diesel,Manual,"EMI ₹12,972/m*",₹1.46 lakh
1737,Maruti Swift Dzire,Maruti,2014,"16,655 km",Petrol,Manual,"EMI ₹9,300/m*",₹2.80 lakh
1738,Maruti New Wagon-R,Maruti,2019,"1,34,567 km",Petrol,Manual,"EMI ₹6,651/m*",₹2.99 lakh
1739,Hyundai i10,Hyundai,2012,"1,11,665 km",Petrol,Manual,"EMI ₹7,819/m*",₹0.88 lakh
1740,Hyundai Grand i10,Hyundai,2014,"59,564 km",Petrol,Auto,"EMI ₹6,444/m*",₹1.94 lakh
1741,Honda Amaze,Honda,2015,"85,000 km",Petrol,Manual,"EMI ₹5,267/m*",₹2.00 lakh
1742,Hyundai Eon,Hyundai,2018,"72,424 km",Petrol,Manual,"EMI ₹3,319/m*",₹1.88 lakh
1743,Hyundai Grand i10,Hyundai,2014,"1,36,922 km",Petrol,Manual,"EMI ₹5,281/m*",₹1.59 lakh
1744,Honda Brio,Honda,2013,"81,856 km",Petrol,Manual,"EMI ₹6,402/m*",₹1.36 lakh
1745,Volkswagen Polo,Volkswagen,2013,"94,133 km",Petrol,Manual,"EMI ₹8,850/m*",₹1.88 lakh
1746,Maruti Wagon R 1.0,Maruti,2014,"1,45,224 km",Petrol,Manual,"EMI ₹5,680/m*",₹1.71 lakh
1747,Maruti Wagon R 1.0,Maruti,2012,"51,577 km",Petrol,Manual,"EMI ₹11,106/m*",₹1.25 lakh
1748,Maruti Wagon R 1.0,Maruti,2013,"99,746 km",Petrol,Manual,"EMI ₹5,837/m*",₹1.24 lakh
1749,Maruti Wagon R 1.0,Maruti,2017,"61,146 km",Petrol,Manual,"EMI ₹5,924/m*",₹3.03 lakh
1750,Tata Indica EV2,Tata,2015,"1,35,977 km",Petrol,Manual,"EMI ₹2,212/m*",₹0.84 lakh
1751,Mahindra Kuv100,Mahindra,2016,"54,372 km",Diesel,Manual,"EMI ₹2,212/m*",₹1.70 lakh
1752,Honda City,Honda,2011,"2,08,036 km",Petrol,Manual,"EMI ₹2,212/m*",₹1.00 lakh
1753,Maruti Wagon R 1.0,Maruti,2012,"27,630 km",Petrol,Manual,"EMI ₹11,461/m*",₹1.29 lakh
1754,Tata TIGOR EV,Tata,2021,"1,80,215 km",Electric,Auto,"EMI ₹6,673/m*",₹3.00 lakh
1755,Maruti Eeco,Maruti,2025,"3,988 km",Petrol,Manual,"EMI ₹11,157/m*",₹6.32 lakh
1756,Honda WR-V,Honda,2017,"83,832 km",Diesel,Manual,"EMI ₹27,543/m*",₹3.10 lakh
1757,Maruti Swift,Maruti,2019,"1,24,472 km",Petrol,Manual,"EMI ₹7,897/m*",₹3.55 lakh
1758,Maruti IGNIS,Maruti,2017,"70,233 km",Petrol,Auto,"EMI ₹5,963/m*",₹3.05 lakh
1759,Maruti Ertiga,Maruti,2017,"64,251 km",Diesel,Manual,"EMI ₹50,733/m*",₹5.71 lakh
1760,Hyundai i10,Hyundai,2013,"47,020 km",Petrol,Manual,"EMI ₹7,908/m*",₹1.68 lakh
1761,Hyundai AURA,Hyundai,2021,"95,288 km",Petrol,Manual,"EMI ₹7,944/m*",₹4.50 lakh
1762,Maruti Swift,Maruti,2016,"95,425 km",Petrol,Manual,"EMI ₹7,252/m*",₹3.26 lakh
1763,Maruti Swift Dzire,Maruti,2012,"2,02,535 km",Petrol,Manual,"EMI ₹13,949/m*",₹1.57 lakh
1764,Maruti Wagon R 1.0,Maruti,2015,"1,36,254 km",Petrol,Manual,"EMI ₹4,345/m*",₹1.65 lakh
1765,Maruti Wagon R 1.0,Maruti,2018,"51,132 km",Petrol,Manual,"EMI ₹5,772/m*",₹3.27 lakh
1766,Hyundai i20,Hyundai,2011,"85,871 km",Petrol,Manual,"EMI ₹5,772/m*",₹1.52 lakh
1767,Hyundai i10,Hyundai,2011,"1,19,096 km",Petrol,Manual,"EMI ₹5,772/m*",₹0.91 lakh
1768,Maruti Ciaz,Maruti,2015,"84,421 km",Petrol,Manual,"EMI ₹8,479/m*",₹3.22 lakh
1769,Hyundai i10,Hyundai,2015,"87,628 km",Petrol,Manual,"EMI ₹5,267/m*",₹2.00 lakh
1770,Maruti Vitara Brezza,Maruti,2017,"1,26,955 km",Diesel,Manual,"EMI ₹39,627/m*",₹4.46 lakh
1771,Hyundai Verna,Hyundai,2014,"87,047 km",Petrol,Manual,"EMI ₹9,134/m*",₹2.75 lakh
1772,Tata ALTROZ,Tata,2020,"78,753 km",Petrol,Manual,"EMI ₹7,026/m*",₹3.98 lakh
1773,Maruti Wagon R 1.0,Maruti,2012,"69,683 km",Petrol,Manual,"EMI ₹8,885/m*",₹1.00 lakh
1774,Maruti Ciaz,Maruti,2015,"69,552 km",Petrol,Manual,"EMI ₹9,059/m*",₹3.44 lakh
1775,Tata PUNCH,Tata,2023,"28,002 km",Petrol,Manual,"EMI ₹8,050/m*",₹4.56 lakh
1776,Maruti Wagon R 1.0,Maruti,2016,"79,500 km",Petrol,Manual,"EMI ₹4,671/m*",₹2.10 lakh
1777,Maruti Swift,Maruti,2018,"49,086 km",Petrol,Manual,"EMI ₹7,061/m*",₹4.00 lakh
1778,Maruti Swift,Maruti,2012,"78,353 km",Petrol,Manual,"EMI ₹16,348/m*",₹1.84 lakh
1779,Maruti Ciaz,Maruti,2016,"86,639 km",Diesel,Manual,"EMI ₹16,348/m*",₹2.90 lakh
1780,Maruti Baleno,Maruti,2016,"1,06,697 km",Petrol,Manual,"EMI ₹7,919/m*",₹3.56 lakh
1781,Maruti Baleno,Maruti,2017,"60,826 km",Petrol,Manual,"EMI ₹7,449/m*",₹3.81 lakh
1782,Hyundai Eon,Hyundai,2015,"78,598 km",Petrol,Manual,"EMI ₹3,818/m*",₹1.45 lakh
1783,Volkswagen Polo,Volkswagen,2012,"86,563 km",Petrol,Manual,"EMI ₹11,284/m*",₹1.27 lakh
1784,Maruti Swift,Maruti,2012,"1,40,131 km",Petrol,Manual,"EMI ₹20,080/m*",₹2.26 lakh
1785,Ford Figo,Ford,2011,"1,53,978 km",Petrol,Manual,"EMI ₹20,080/m*",₹0.71 lakh
1786,Tata NEXON,Tata,2018,"44,018 km",Petrol,Manual,"EMI ₹7,926/m*",₹4.49 lakh
1787,Ford Ecosport,Ford,2017,"86,058 km",Petrol,Manual,"EMI ₹7,761/m*",₹3.97 lakh
1788,Maruti Swift,Maruti,2017,"99,772 km",Petrol,Manual,"EMI ₹6,061/m*",₹3.10 lakh
1789,Maruti Ciaz,Maruti,2018,"80,448 km",Petrol,Manual,"EMI ₹6,408/m*",₹3.63 lakh
1790,Tata Tiago,Tata,2017,"40,101 km",Petrol,Manual,"EMI ₹6,217/m*",₹3.18 lakh
1791,Maruti Wagon R 1.0,Maruti,2017,"55,534 km",Petrol,Auto,"EMI ₹4,907/m*",₹2.51 lakh
1792,Hyundai i10,Hyundai,2011,"83,457 km",Petrol,Manual,"EMI ₹4,907/m*",₹0.87 lakh
1793,Hyundai i20,Hyundai,2013,"87,484 km",Petrol,Manual,"EMI ₹9,415/m*",₹2.00 lakh
1794,Renault TRIBER,Renault,2020,"47,684 km",Petrol,Auto,"EMI ₹7,061/m*",₹4.00 lakh
1795,Mahindra XUV500,Mahindra,2018,"1,09,541 km",Diesel,Manual,"EMI ₹30,598/m*",₹6.50 lakh
1796,Maruti Alto 800,Maruti,2018,"65,912 km",Petrol,Manual,"EMI ₹4,749/m*",₹2.69 lakh
1797,Nissan Terrano,Nissan,2014,"1,00,003 km",Petrol,Manual,"EMI ₹7,241/m*",₹2.18 lakh
1798,Hyundai Santro Xing,Hyundai,2011,"60,418 km",Petrol,Manual,"EMI ₹7,241/m*",₹0.85 lakh
1799,Maruti Wagon R 1.0,Maruti,2016,"80,836 km",Petrol,Manual,"EMI ₹4,115/m*",₹1.85 lakh
1800,Hyundai Santro Xing,Hyundai,2013,"1,01,404 km",Petrol,Manual,"EMI ₹4,190/m*",₹0.89 lakh
1801,Maruti Wagon R 1.0,Maruti,2013,"53,405 km",Petrol,Manual,"EMI ₹6,826/m*",₹1.45 lakh
1802,Hyundai i10,Hyundai,2012,"66,969 km",Petrol,Manual,"EMI ₹8,618/m*",₹0.97 lakh
1803,Hyundai Grand i10,Hyundai,2013,"1,90,494 km",Petrol,Manual,"EMI ₹6,826/m*",₹1.45 lakh
1804,Mahindra Scorpio,Mahindra,2019,"1,20,778 km",Diesel,Manual,"EMI ₹27,402/m*",₹8.37 lakh
1805,Maruti Wagon R 1.0,Maruti,2015,"1,18,244 km",Petrol,Manual,"EMI ₹4,161/m*",₹1.58 lakh
1806,Nissan Terrano,Nissan,2015,"73,710 km",Petrol,Manual,"EMI ₹5,609/m*",₹2.13 lakh
1807,Hyundai i10,Hyundai,2011,"89,644 km",Petrol,Manual,"EMI ₹5,609/m*",₹1.25 lakh
1808,Hyundai i20,Hyundai,2012,"18,696 km",Petrol,Manual,"EMI ₹12,172/m*",₹1.37 lakh
1809,Maruti Ritz,Maruti,2010,"12,345 km",Petrol,Manual,"EMI ₹12,172/m*",₹0.65 lakh
1810,Maruti Celerio,Maruti,2017,"1,26,833 km",Petrol,Manual,"EMI ₹5,695/m*",₹2.56 lakh
1811,Maruti Wagon R 1.0,Maruti,2016,"69,724 km",Petrol,Manual,"EMI ₹4,894/m*",₹2.20 lakh
1812,Hyundai i10,Hyundai,2011,"1,11,436 km",Petrol,Manual,"EMI ₹4,894/m*",₹1.14 lakh
1813,Honda City,Honda,2016,"91,456 km",Petrol,Manual,"EMI ₹8,342/m*",₹3.75 lakh
1814,Maruti Swift Dzire,Maruti,2013,"71,930 km",Petrol,Manual,"EMI ₹8,238/m*",₹1.75 lakh
1815,Hyundai Verna,Hyundai,2013,"98,897 km",Petrol,Manual,"EMI ₹10,921/m*",₹2.32 lakh
1816,Toyota Etios,Toyota,2011,"63,001 km",Petrol,Manual,"EMI ₹10,921/m*",₹1.09 lakh
1817,Maruti Wagon R 1.0,Maruti,2017,"74,139 km",Petrol,Manual,"EMI ₹4,712/m*",₹2.41 lakh
1818,Maruti Swift Dzire,Maruti,2011,"71,352 km",Petrol,Manual,"EMI ₹4,712/m*",₹1.05 lakh
1819,Hyundai Grand i10,Hyundai,2015,"1,79,162 km",Diesel,Manual,"EMI ₹4,982/m*",₹1.50 lakh
1820,Honda Amaze,Honda,2014,"1,17,186 km",Petrol,Manual,"EMI ₹6,012/m*",₹1.81 lakh
1821,Maruti Wagon R 1.0,Maruti,2016,"38,296 km",Petrol,Manual,"EMI ₹5,005/m*",₹2.25 lakh
1822,Hyundai NEW I20,Hyundai,2024,"4,708 km",Petrol,Manual,"EMI ₹11,086/m*",₹6.28 lakh
1823,Maruti Alto,Maruti,2012,"62,051 km",Petrol,Manual,"EMI ₹11,461/m*",₹1.29 lakh
1824,Maruti Swift,Maruti,2016,"61,705 km",Petrol,Manual,"EMI ₹8,742/m*",₹3.93 lakh
1825,Maruti Baleno,Maruti,2016,"1,41,650 km",Petrol,Manual,"EMI ₹7,452/m*",₹3.35 lakh
1826,Maruti Wagon R 1.0,Maruti,2017,"1,04,143 km",Petrol,Manual,"EMI ₹3,960/m*",₹1.78 lakh
1827,Mahindra Kuv100,Mahindra,2016,"84,296 km",Petrol,Manual,"EMI ₹3,670/m*",₹1.65 lakh
1828,Hyundai Elite i20,Hyundai,2014,"63,702 km",Petrol,Manual,"EMI ₹10,164/m*",₹3.06 lakh
1829,Tata Tiago,Tata,2018,"93,764 km",Petrol,Manual,"EMI ₹5,066/m*",₹2.87 lakh
1830,Renault Kwid,Renault,2020,"18,558 km",Petrol,Manual,"EMI ₹4,925/m*",₹2.79 lakh
1831,Renault Kwid,Renault,2019,"64,862 km",Petrol,Manual,"EMI ₹3,531/m*",₹2.00 lakh
1832,Maruti Baleno,Maruti,2017,"40,664 km",Petrol,Manual,"EMI ₹7,429/m*",₹3.80 lakh
1833,Tata NEXON,Tata,2018,"21,490 km",Diesel,Manual,"EMI ₹26,408/m*",₹5.61 lakh
1834,Maruti Swift Dzire,Maruti,2017,"2,21,199 km",Diesel,Manual,"EMI ₹22,656/m*",₹2.55 lakh
1835,Hyundai Elite i20,Hyundai,2018,"41,529 km",Petrol,Manual,"EMI ₹6,020/m*",₹3.41 lakh
1836,Toyota Etios,Toyota,2011,"2,00,000 km",Petrol,Manual,"EMI ₹6,020/m*",₹1.45 lakh
1837,Mahindra TUV300,Mahindra,2017,"22,840 km",Diesel,Manual,"EMI ₹44,247/m*",₹4.98 lakh
1838,Maruti Wagon R 1.0,Maruti,2016,"89,390 km",Petrol,Manual,"EMI ₹4,849/m*",₹2.18 lakh
1839,Honda Amaze,Honda,2014,"1,54,363 km",Petrol,Manual,"EMI ₹7,407/m*",₹2.23 lakh
1840,Volkswagen Polo,Volkswagen,2018,"48,855 km",Petrol,Auto,"EMI ₹7,979/m*",₹4.52 lakh
1841,KIA CARENS,KIA,2023,"73,660 km",Petrol,Manual,"EMI ₹14,058/m*",₹8.21 lakh
1842,Honda Amaze,Honda,2016,"84,921 km",Diesel,Manual,"EMI ₹14,058/m*",₹2.43 lakh
1843,Hyundai i10,Hyundai,2011,"64,670 km",Petrol,Manual,"EMI ₹14,058/m*",₹0.85 lakh
1844,Maruti Swift,Maruti,2014,"56,756 km",Petrol,Manual,"EMI ₹7,008/m*",₹2.11 lakh
1845,Honda Amaze,Honda,2015,"1,11,536 km",Petrol,Manual,"EMI ₹5,925/m*",₹2.25 lakh
1846,Mahindra TUV300,Mahindra,2017,"89,440 km",Diesel,Manual,"EMI ₹31,097/m*",₹3.50 lakh
1847,Hyundai Santro Xing,Hyundai,2011,"90,078 km",Petrol,Manual,"EMI ₹31,097/m*",₹0.84 lakh
1848,Maruti Wagon R 1.0,Maruti,2018,"1,69,660 km",Petrol,Manual,"EMI ₹6,451/m*",₹2.90 lakh
1849,Nissan MAGNITE,Nissan,2021,"39,541 km",Petrol,Manual,"EMI ₹6,690/m*",₹3.79 lakh
1850,Volkswagen Polo,Volkswagen,2016,"81,050 km",Petrol,Manual,"EMI ₹6,006/m*",₹2.70 lakh
1851,Hyundai i20,Hyundai,2011,"53,039 km",Petrol,Manual,"EMI ₹6,006/m*",₹1.15 lakh
1852,Maruti S PRESSO,Maruti,2021,"45,456 km",Petrol,Auto,"EMI ₹5,313/m*",₹3.01 lakh
1853,Hyundai i10,Hyundai,2015,"1,51,019 km",Petrol,Manual,"EMI ₹4,082/m*",₹1.55 lakh
1854,Maruti Alto K10,Maruti,2014,"1,03,060 km",Petrol,Manual,"EMI ₹5,049/m*",₹1.52 lakh
1855,Maruti Wagon R 1.0,Maruti,2011,"64,176 km",Petrol,Manual,"EMI ₹5,049/m*",₹1.03 lakh
1856,Hyundai Verna,Hyundai,2014,"1,58,130 km",Petrol,Manual,"EMI ₹8,304/m*",₹2.50 lakh
1857,Toyota Etios,Toyota,2013,"61,348 km",Petrol,Manual,"EMI ₹10,686/m*",₹2.27 lakh
1858,Toyota Etios Liva,Toyota,2014,"45,523 km",Petrol,Manual,"EMI ₹6,842/m*",₹2.06 lakh
1859,Maruti Alto 800,Maruti,2016,"28,817 km",Petrol,Manual,"EMI ₹4,805/m*",₹2.16 lakh
1860,Honda Amaze,Honda,2015,"72,441 km",Petrol,Manual,"EMI ₹6,320/m*",₹2.40 lakh
1861,Volkswagen Polo,Volkswagen,2018,"74,450 km",Petrol,Manual,"EMI ₹6,690/m*",₹3.79 lakh
1862,Honda Amaze,Honda,2015,"43,008 km",Diesel,Manual,"EMI ₹6,690/m*",₹2.00 lakh
1863,Hyundai i10,Hyundai,2012,"55,659 km",Petrol,Manual,"EMI ₹10,662/m*",₹1.20 lakh
1864,Maruti Ertiga,Maruti,2024,"47,720 km",Petrol,Manual,"EMI ₹16,078/m*",₹9.39 lakh
1865,Hyundai i20,Hyundai,2013,"71,076 km",Petrol,Manual,"EMI ₹11,392/m*",₹2.42 lakh
1866,Maruti Vitara Brezza,Maruti,2016,"95,182 km",Diesel,Manual,"EMI ₹11,392/m*",₹3.45 lakh
1867,Volkswagen Vento,Volkswagen,2013,"76,525 km",Petrol,Manual,"EMI ₹8,850/m*",₹1.88 lakh
1868,Maruti Dzire,Maruti,2017,"1,23,685 km",Petrol,Manual,"EMI ₹8,787/m*",₹3.95 lakh
1869,Maruti Alto 800,Maruti,2018,"1,60,417 km",Petrol,Manual,"EMI ₹4,449/m*",₹2.00 lakh
1870,Hyundai New Elantra,Hyundai,2013,"1,72,661 km",Petrol,Manual,"EMI ₹10,027/m*",₹2.13 lakh
1871,Honda Amaze,Honda,2016,"54,620 km",Petrol,Manual,"EMI ₹5,583/m*",₹2.51 lakh
1872,Hyundai i10,Hyundai,2010,"1,05,637 km",Petrol,Manual,"EMI ₹5,583/m*",₹0.55 lakh
1873,KIA SONET,KIA,2024,"5,255 km",Petrol,Auto,"EMI ₹20,187/m*",₹11.79 lakh
1874,Maruti New Wagon-R,Maruti,2020,"65,521 km",Petrol,Manual,"EMI ₹5,472/m*",₹3.10 lakh
1875,Hyundai GRAND I10 NIOS,Hyundai,2023,"35,313 km",Petrol,Manual,"EMI ₹8,826/m*",₹5.00 lakh
1876,Hyundai i10,Hyundai,2011,"62,373 km",Petrol,Manual,"EMI ₹8,826/m*",₹0.97 lakh
1877,Renault Kwid,Renault,2018,"84,680 km",Petrol,Auto,"EMI ₹3,972/m*",₹2.25 lakh
1878,Maruti Wagon R 1.0,Maruti,2015,"57,548 km",Petrol,Manual,"EMI ₹4,766/m*",₹1.81 lakh
1879,Maruti Alto K10,Maruti,2012,"81,780 km",Petrol,Manual,"EMI ₹9,151/m*",₹1.03 lakh
1880,Honda Amaze,Honda,2018,"1,74,519 km",Diesel,Manual,"EMI ₹15,205/m*",₹3.23 lakh
1881,Maruti Swift Dzire,Maruti,2014,"50,115 km",Petrol,Manual,"EMI ₹6,809/m*",₹2.05 lakh
1882,Hyundai i10,Hyundai,2012,"31,572 km",Petrol,Manual,"EMI ₹9,951/m*",₹1.12 lakh
1883,Maruti Wagon R 1.0,Maruti,2016,"1,42,670 km",Petrol,Manual,"EMI ₹4,137/m*",₹1.86 lakh
1884,Tata PUNCH,Tata,2023,"45,673 km",Petrol,Manual,"EMI ₹10,627/m*",₹6.02 lakh
1885,Maruti Wagon R 1.0,Maruti,2011,"1,15,145 km",Petrol,Manual,"EMI ₹10,627/m*",₹0.94 lakh
1886,Tata PUNCH,Tata,2022,"1,20,299 km",Petrol,Manual,"EMI ₹11,467/m*",₹5.15 lakh
1887,Tata Tiago,Tata,2016,"47,211 km",Petrol,Manual,"EMI ₹5,339/m*",₹2.40 lakh
1888,Maruti Ciaz,Maruti,2016,"1,42,608 km",Diesel,Manual,"EMI ₹5,339/m*",₹2.49 lakh
1889,Maruti Wagon R 1.0,Maruti,2012,"1,45,041 km",Petrol,Manual,"EMI ₹6,219/m*",₹0.70 lakh
1890,Maruti Swift Dzire,Maruti,2011,"72,740 km",Petrol,Manual,"EMI ₹6,219/m*",₹1.14 lakh
1891,Honda Civic,Honda,2011,"1,57,794 km",Petrol,Manual,"EMI ₹6,219/m*",₹1.10 lakh
1892,Maruti Wagon R 1.0,Maruti,2015,"73,835 km",Petrol,Manual,"EMI ₹5,425/m*",₹2.06 lakh
1893,Toyota Etios,Toyota,2014,"1,05,611 km",Petrol,Manual,"EMI ₹9,034/m*",₹2.72 lakh
1894,Honda Amaze,Honda,2016,"91,437 km",Petrol,Manual,"EMI ₹6,340/m*",₹2.85 lakh
1895,Maruti Swift Dzire,Maruti,2015,"94,310 km",Petrol,Manual,"EMI ₹7,110/m*",₹2.70 lakh
1896,Maruti Celerio,Maruti,2019,"1,95,856 km",Petrol,Manual,"EMI ₹6,451/m*",₹2.90 lakh
1897,Maruti Alto,Maruti,2022,"60,394 km",Petrol,Manual,"EMI ₹5,366/m*",₹3.04 lakh
1898,Maruti Ciaz,Maruti,2015,"70,747 km",Petrol,Manual,"EMI ₹7,821/m*",₹2.97 lakh
1899,Maruti Wagon R 1.0,Maruti,2012,"1,25,971 km",Petrol,Manual,"EMI ₹11,639/m*",₹1.31 lakh
1900,Maruti Wagon R 1.0,Maruti,2018,"1,36,985 km",Petrol,Manual,"EMI ₹6,607/m*",₹2.97 lakh
1901,Honda Brio,Honda,2014,"85,864 km",Petrol,Manual,"EMI ₹5,480/m*",₹1.65 lakh
1902,Maruti Wagon R 1.0,Maruti,2012,"1,10,707 km",Petrol,Manual,"EMI ₹8,885/m*",₹1.00 lakh
1903,Maruti Wagon R 1.0,Maruti,2011,"1,09,440 km",Petrol,Manual,"EMI ₹8,885/m*",₹0.97 lakh
1904,Maruti Baleno,Maruti,2018,"59,731 km",Petrol,Auto,"EMI ₹6,337/m*",₹3.59 lakh
1905,Maruti Wagon R 1.0,Maruti,2013,"88,461 km",Petrol,Manual,"EMI ₹7,061/m*",₹1.50 lakh
1906,Hyundai i10,Hyundai,2012,"85,949 km",Petrol,Manual,"EMI ₹8,352/m*",₹0.94 lakh
1907,Maruti Celerio,Maruti,2015,"57,925 km",Petrol,Manual,"EMI ₹6,188/m*",₹2.35 lakh
1908,Hyundai Grand i10,Hyundai,2014,"43,410 km",Petrol,Manual,"EMI ₹6,477/m*",₹1.95 lakh
1909,Maruti Celerio,Maruti,2016,"1,30,185 km",Petrol,Manual,"EMI ₹5,061/m*",₹2.27 lakh
1910,Maruti Vitara Brezza,Maruti,2017,"2,09,161 km",Diesel,Manual,"EMI ₹46,912/m*",₹5.28 lakh
1911,Maruti Wagon R 1.0,Maruti,2018,"74,312 km",Petrol,Manual,"EMI ₹5,649/m*",₹3.20 lakh
1912,Hyundai i10,Hyundai,2016,"96,313 km",Petrol,Manual,"EMI ₹5,005/m*",₹2.25 lakh
1913,Hyundai i10,Hyundai,2011,"97,422 km",Petrol,Manual,"EMI ₹5,005/m*",₹1.29 lakh
1914,Maruti Wagon R 1.0,Maruti,2013,"90,564 km",Petrol,Manual,"EMI ₹6,779/m*",₹1.44 lakh
1915,Honda Amaze,Honda,2016,"75,823 km",Petrol,Manual,"EMI ₹4,827/m*",₹2.17 lakh
1916,Maruti Swift Dzire,Maruti,2012,"87,300 km",Petrol,Manual,"EMI ₹18,925/m*",₹2.13 lakh
1917,Tata Zest,Tata,2014,"73,554 km",Petrol,Manual,"EMI ₹4,617/m*",₹1.39 lakh
1918,Tata NEXON,Tata,2017,"1,08,803 km",Diesel,Manual,"EMI ₹24,959/m*",₹2.81 lakh
1919,Maruti Vitara Brezza,Maruti,2021,"62,514 km",Petrol,Manual,"EMI ₹9,179/m*",₹5.20 lakh
1920,KIA SONET,KIA,2025,"9,954 km",Petrol,Manual,"EMI ₹13,822/m*",₹7.83 lakh
1921,Maruti Eeco,Maruti,2015,"68,326 km",Petrol,Manual,"EMI ₹3,454/m*",₹1.31 lakh
1922,Hyundai i10,Hyundai,2013,"1,36,697 km",Petrol,Manual,"EMI ₹6,355/m*",₹1.35 lakh
1923,Maruti Swift,Maruti,2016,"62,509 km",Petrol,Manual,"EMI ₹5,672/m*",₹2.55 lakh
1924,Hyundai Grand i10,Hyundai,2015,"1,01,864 km",Petrol,Manual,"EMI ₹4,608/m*",₹1.75 lakh
1925,Honda Jazz,Honda,2019,"21,989 km",Petrol,Auto,"EMI ₹7,838/m*",₹4.44 lakh
1926,Ford Ecosport,Ford,2017,"1,75,058 km",Diesel,Manual,"EMI ₹30,653/m*",₹3.45 lakh
1927,Maruti Swift Dzire,Maruti,2015,"79,150 km",Petrol,Manual,"EMI ₹9,059/m*",₹3.44 lakh
1928,Tata TIGOR,Tata,2021,"69,177 km",Petrol,Manual,"EMI ₹7,026/m*",₹3.98 lakh
1929,Hyundai i10,Hyundai,2013,"92,506 km",Petrol,Manual,"EMI ₹6,167/m*",₹1.31 lakh
1930,Hyundai i20,Hyundai,2011,"1,09,563 km",Petrol,Manual,"EMI ₹6,167/m*",₹0.70 lakh
1931,Maruti Alto,Maruti,2022,"21,506 km",Petrol,Manual,"EMI ₹5,155/m*",₹2.92 lakh
1932,Hyundai i10,Hyundai,2013,"90,822 km",Petrol,Manual,"EMI ₹5,743/m*",₹1.22 lakh
1933,Maruti Ertiga,Maruti,2017,"1,34,927 km",Petrol,Manual,"EMI ₹8,453/m*",₹3.80 lakh
1934,Hyundai Grand i10,Hyundai,2015,"1,01,373 km",Petrol,Manual,"EMI ₹5,530/m*",₹2.10 lakh
1935,Tata Harrier,Tata,2019,"1,46,525 km",Diesel,Manual,"EMI ₹21,589/m*",₹6.50 lakh
1936,KIA SELTOS,KIA,2024,"23,113 km",Petrol,Auto,"EMI ₹21,523/m*",₹12.57 lakh
1937,Maruti Celerio,Maruti,2015,"84,183 km",Petrol,Manual,"EMI ₹5,820/m*",₹2.21 lakh
1938,Ford Figo,Ford,2012,"1,12,106 km",Petrol,Manual,"EMI ₹8,352/m*",₹0.94 lakh
1939,Maruti Celerio,Maruti,2014,"1,38,343 km",Petrol,Manual,"EMI ₹5,480/m*",₹1.65 lakh
1940,Renault Kwid,Renault,2019,"57,005 km",Petrol,Manual,"EMI ₹3,425/m*",₹1.94 lakh
1941,Skoda Octavia,Skoda,2015,"1,06,298 km",Petrol,Auto,"EMI ₹10,033/m*",₹3.81 lakh
1942,Nissan Sunny,Nissan,2013,"31,590 km",Petrol,Manual,"EMI ₹8,379/m*",₹1.78 lakh
1943,Hyundai i10,Hyundai,2013,"69,051 km",Petrol,Auto,"EMI ₹9,415/m*",₹2.00 lakh
1944,Maruti Swift,Maruti,2012,"65,261 km",Petrol,Manual,"EMI ₹19,102/m*",₹2.15 lakh
1945,Nissan Terrano,Nissan,2016,"1,23,839 km",Diesel,Manual,"EMI ₹19,102/m*",₹2.59 lakh
1946,Hyundai i10,Hyundai,2011,"92,350 km",Petrol,Manual,"EMI ₹19,102/m*",₹0.97 lakh
1947,Hyundai i10,Hyundai,2013,"99,900 km",Petrol,Manual,"EMI ₹6,167/m*",₹1.31 lakh
1948,Maruti Wagon R 1.0,Maruti,2015,"1,00,040 km",Petrol,Manual,"EMI ₹5,109/m*",₹1.94 lakh
1949,Hyundai Eon,Hyundai,2013,"63,196 km",Petrol,Manual,"EMI ₹6,167/m*",₹1.31 lakh
1950,Tata Tiago,Tata,2019,"38,164 km",Petrol,Manual,"EMI ₹5,049/m*",₹2.86 lakh
1951,Maruti Baleno,Maruti,2016,"40,914 km",Petrol,Manual,"EMI ₹6,673/m*",₹3.00 lakh
1952,Maruti Wagon R 1.0,Maruti,2014,"1,14,982 km",Petrol,Manual,"EMI ₹6,178/m*",₹1.86 lakh
1953,Maruti Swift,Maruti,2018,"77,881 km",Petrol,Auto,"EMI ₹7,079/m*",₹4.01 lakh
1954,Maruti Celerio,Maruti,2018,"50,862 km",Petrol,Auto,"EMI ₹4,378/m*",₹2.48 lakh
1955,Maruti Wagon R 1.0,Maruti,2013,"1,89,857 km",Petrol,Manual,"EMI ₹5,884/m*",₹1.25 lakh
1956,Hyundai Santro Xing,Hyundai,2012,"1,05,957 km",Petrol,Manual,"EMI ₹7,463/m*",₹0.84 lakh
1957,Hyundai Creta,Hyundai,2015,"76,707 km",Petrol,Manual,"EMI ₹11,850/m*",₹4.50 lakh
1958,Hyundai Grand i10,Hyundai,2016,"1,04,579 km",Diesel,Manual,"EMI ₹11,850/m*",₹1.79 lakh
1959,Hyundai Elite i20,Hyundai,2020,"1,27,206 km",Petrol,Manual,"EMI ₹8,453/m*",₹3.80 lakh
1960,Toyota Etios,Toyota,2011,"1,00,001 km",Petrol,Manual,"EMI ₹8,453/m*",₹1.38 lakh
1961,Ford Ecosport,Ford,2018,"67,754 km",Diesel,Manual,"EMI ₹17,794/m*",₹3.78 lakh
1962,Hyundai Elite i20,Hyundai,2017,"1,08,053 km",Petrol,Manual,"EMI ₹8,319/m*",₹3.74 lakh
1963,Maruti Celerio,Maruti,2017,"31,000 km",Petrol,Manual,"EMI ₹4,888/m*",₹2.50 lakh
1964,Tata Harrier,Tata,2022,"74,338 km",Diesel,Auto,"EMI ₹26,648/m*",₹14.00 lakh
1965,Tata NEXON,Tata,2018,"1,09,008 km",Diesel,Auto,"EMI ₹23,254/m*",₹4.94 lakh
1966,Maruti Baleno,Maruti,2020,"33,657 km",Petrol,Manual,"EMI ₹9,144/m*",₹5.18 lakh
1967,Hyundai Grand i10,Hyundai,2014,"87,029 km",Petrol,Manual,"EMI ₹9,466/m*",₹2.85 lakh
1968,Hyundai Grand i10,Hyundai,2014,"37,113 km",Petrol,Manual,"EMI ₹7,706/m*",₹2.32 lakh
1969,Hyundai Santro Xing,Hyundai,2011,"75,182 km",Petrol,Manual,"EMI ₹7,706/m*",₹0.92 lakh
1970,Maruti Wagon R 1.0,Maruti,2011,"1,04,322 km",Petrol,Manual,"EMI ₹7,706/m*",₹1.25 lakh
1971,Hyundai i10,Hyundai,2012,"85,408 km",Petrol,Auto,"EMI ₹10,306/m*",₹1.16 lakh
1972,Renault Kwid,Renault,2019,"51,683 km",Petrol,Manual,"EMI ₹3,248/m*",₹1.84 lakh
1973,Datsun Redi Go,Datsun,2019,"1,08,179 km",Petrol,Manual,"EMI ₹3,337/m*",₹1.50 lakh
1974,Maruti Baleno,Maruti,2023,"15,101 km",Petrol,Manual,"EMI ₹9,691/m*",₹5.49 lakh
1975,Hyundai New Elantra,Hyundai,2019,"46,772 km",Petrol,Manual,"EMI ₹14,280/m*",₹8.34 lakh
1976,Hyundai Grand i10,Hyundai,2016,"88,464 km",Petrol,Manual,"EMI ₹5,205/m*",₹2.34 lakh
1977,Honda Amaze,Honda,2013,"68,665 km",Petrol,Manual,"EMI ₹9,368/m*",₹1.99 lakh
1978,Hyundai Santro Xing,Hyundai,2011,"2,31,724 km",Petrol,Manual,"EMI ₹9,368/m*",₹0.79 lakh
1979,Maruti Baleno,Maruti,2018,"31,097 km",Petrol,Manual,"EMI ₹7,750/m*",₹4.39 lakh
1980,Hyundai i20,Hyundai,2012,"38,847 km",Petrol,Manual,"EMI ₹16,348/m*",₹1.84 lakh
1981,Maruti Ritz,Maruti,2012,"86,174 km",Petrol,Manual,"EMI ₹8,529/m*",₹0.96 lakh
1982,Hyundai i10,Hyundai,2012,"1,16,504 km",Petrol,Manual,"EMI ₹9,951/m*",₹1.12 lakh
1983,Maruti Alto 800,Maruti,2016,"82,101 km",Petrol,Manual,"EMI ₹3,047/m*",₹1.37 lakh
1984,Hyundai Grand i10,Hyundai,2017,"53,769 km",Petrol,Manual,"EMI ₹5,513/m*",₹2.82 lakh
1985,Maruti Alto 800,Maruti,2019,"84,290 km",Petrol,Manual,"EMI ₹3,389/m*",₹1.92 lakh
1986,Hyundai Creta,Hyundai,2018,"77,544 km",Diesel,Manual,"EMI ₹21,654/m*",₹4.60 lakh
1987,Toyota Etios,Toyota,2011,"1,17,565 km",Petrol,Manual,"EMI ₹21,654/m*",₹1.12 lakh
1988,Honda City,Honda,2014,"69,657 km",Petrol,Manual,"EMI ₹13,850/m*",₹4.17 lakh
1989,Maruti Wagon R 1.0,Maruti,2016,"97,637 km",Petrol,Manual,"EMI ₹3,737/m*",₹1.68 lakh
1990,Maruti Alto 800,Maruti,2014,"96,496 km",Petrol,Manual,"EMI ₹4,152/m*",₹1.25 lakh
1991,Hyundai Grand i10,Hyundai,2017,"1,34,443 km",Petrol,Manual,"EMI ₹6,340/m*",₹2.85 lakh
1992,Hyundai Santro Xing,Hyundai,2011,"65,084 km",Petrol,Manual,"EMI ₹6,340/m*",₹0.80 lakh
1993,Hyundai Creta,Hyundai,2016,"79,070 km",Petrol,Manual,"EMI ₹12,190/m*",₹5.48 lakh
1994,Ford Ecosport,Ford,2017,"42,576 km",Petrol,Auto,"EMI ₹6,393/m*",₹3.27 lakh
1995,Ford Ecosport,Ford,2016,"85,000 km",Diesel,Manual,"EMI ₹6,393/m*",₹2.59 lakh
1996,Mahindra Kuv100,Mahindra,2016,"1,02,870 km",Petrol,Manual,"EMI ₹3,937/m*",₹1.77 lakh
1997,Hyundai VENUE,Hyundai,2019,"52,518 km",Diesel,Manual,"EMI ₹18,434/m*",₹5.55 lakh
1998,Maruti Alto K10,Maruti,2015,"72,395 km",Petrol,Manual,"EMI ₹3,818/m*",₹1.45 lakh
1999,Maruti Ertiga,Maruti,2019,"75,000 km",Petrol,Manual,"EMI ₹13,293/m*",₹7.53 lakh
2000,Honda Amaze,Honda,2016,"1,16,544 km",Petrol,Manual,"EMI ₹4,449/m*",₹2.00 lakh
2001,Maruti Alto 800,Maruti,2014,"91,733 km",Petrol,Manual,"EMI ₹4,550/m*",₹1.37 lakh
2002,Renault Kwid,Renault,2018,"86,289 km",Petrol,Manual,"EMI ₹3,495/m*",₹1.98 lakh
2003,Tata PUNCH,Tata,2023,"18,911 km",Petrol,Manual,"EMI ₹9,285/m*",₹5.26 lakh
2004,Maruti Swift,Maruti,2012,"69,165 km",Petrol,Manual,"EMI ₹16,526/m*",₹1.86 lakh
2005,Maruti Baleno,Maruti,2020,"10,778 km",Petrol,Manual,"EMI ₹8,667/m*",₹4.91 lakh
2006,Maruti Swift Dzire,Maruti,2011,"1,11,291 km",Petrol,Manual,"EMI ₹8,667/m*",₹0.93 lakh
2007,Maruti Swift Dzire,Maruti,2015,"37,119 km",Petrol,Manual,"EMI ₹6,583/m*",₹2.50 lakh
2008,Toyota Etios Liva,Toyota,2011,"67,391 km",Petrol,Manual,"EMI ₹6,583/m*",₹1.28 lakh
2009,Maruti Wagon R 1.0,Maruti,2013,"1,07,978 km",Petrol,Manual,"EMI ₹6,449/m*",₹1.37 lakh
2010,Hyundai i10,Hyundai,2013,"1,01,377 km",Petrol,Manual,"EMI ₹5,884/m*",₹1.25 lakh
2011,Hyundai Elite i20,Hyundai,2016,"1,43,722 km",Diesel,Manual,"EMI ₹5,884/m*",₹2.80 lakh
2012,Maruti Wagon R 1.0,Maruti,2011,"92,353 km",Petrol,Manual,"EMI ₹5,884/m*",₹0.82 lakh
2013,Mahindra Kuv100,Mahindra,2017,"26,401 km",Petrol,Manual,"EMI ₹4,066/m*",₹2.08 lakh
2014,Maruti Baleno,Maruti,2021,"38,328 km",Petrol,Manual,"EMI ₹8,279/m*",₹4.69 lakh
2015,Maruti Alto 800,Maruti,2017,"19,480 km",Petrol,Manual,"EMI ₹4,907/m*",₹2.51 lakh
2016,Maruti Wagon R 1.0,Maruti,2018,"91,458 km",Petrol,Manual,"EMI ₹5,296/m*",₹3.00 lakh
2017,Hyundai Santro Xing,Hyundai,2011,"50,154 km",Petrol,Manual,"EMI ₹5,296/m*",₹0.94 lakh
2018,Hyundai Grand i10,Hyundai,2017,"82,308 km",Petrol,Manual,"EMI ₹4,985/m*",₹2.55 lakh
2019,Maruti Swift,Maruti,2012,"95,734 km",Petrol,Manual,"EMI ₹16,792/m*",₹1.89 lakh
2020,Tata NEXON,Tata,2022,"35,516 km",Petrol,Manual,"EMI ₹9,709/m*",₹5.50 lakh
2021,Hyundai Verna,Hyundai,2016,"39,579 km",Petrol,Manual,"EMI ₹8,052/m*",₹3.62 lakh
2022,Hyundai i10,Hyundai,2013,"76,915 km",Petrol,Manual,"EMI ₹6,920/m*",₹1.47 lakh
2023,Hyundai i20,Hyundai,2013,"1,15,156 km",Petrol,Manual,"EMI ₹9,415/m*",₹2.00 lakh
2024,Maruti Swift,Maruti,2011,"55,285 km",Petrol,Manual,"EMI ₹9,415/m*",₹1.00 lakh
2025,Tata PUNCH,Tata,2024,"6,977 km",Petrol,Manual,"EMI ₹13,398/m*",₹7.59 lakh
2026,Maruti Swift Dzire,Maruti,2016,"1,31,698 km",Petrol,Manual,"EMI ₹6,384/m*",₹2.87 lakh
2027,Hyundai NEW SANTRO,Hyundai,2020,"1,19,256 km",Petrol,Manual,"EMI ₹6,050/m*",₹2.72 lakh
2028,Hyundai i10,Hyundai,2011,"1,05,500 km",Petrol,Manual,"EMI ₹6,050/m*",₹0.81 lakh
2029,Tata PUNCH,Tata,2022,"17,442 km",Petrol,Manual,"EMI ₹8,579/m*",₹4.86 lakh
2030,Toyota Etios,Toyota,2011,"1,63,150 km",Petrol,Manual,"EMI ₹8,579/m*",₹1.25 lakh
2031,Skoda Rapid,Skoda,2012,"82,864 km",Petrol,Manual,"EMI ₹13,061/m*",₹1.47 lakh
2032,Maruti Baleno,Maruti,2018,"1,11,161 km",Petrol,Manual,"EMI ₹15,362/m*",₹6.91 lakh
2033,Tata PUNCH,Tata,2022,"70,777 km",Petrol,Manual,"EMI ₹11,262/m*",₹6.38 lakh
2034,Maruti Swift,Maruti,2012,"1,40,706 km",Petrol,Manual,"EMI ₹21,057/m*",₹2.37 lakh
2035,Hyundai GRAND I10 NIOS,Hyundai,2022,"44,096 km",Petrol,Manual,"EMI ₹7,891/m*",₹4.47 lakh
2036,Maruti Wagon R 1.0,Maruti,2011,"77,928 km",Petrol,Manual,"EMI ₹7,891/m*",₹0.97 lakh
2037,Mahindra TUV300,Mahindra,2016,"1,11,888 km",Diesel,Manual,"EMI ₹7,891/m*",₹3.89 lakh
2038,Volkswagen Polo,Volkswagen,2011,"53,154 km",Petrol,Manual,"EMI ₹7,891/m*",₹1.29 lakh
2039,Honda Brio,Honda,2012,"1,07,052 km",Petrol,Manual,"EMI ₹8,174/m*",₹0.92 lakh
2040,Maruti Swift Dzire,Maruti,2011,"46,928 km",Petrol,Manual,"EMI ₹8,174/m*",₹1.14 lakh
2041,Mahindra TUV300,Mahindra,2016,"1,52,527 km",Diesel,Manual,"EMI ₹8,174/m*",₹2.59 lakh
2042,Maruti Vitara Brezza,Maruti,2021,"56,679 km",Petrol,Manual,"EMI ₹9,532/m*",₹5.40 lakh
2043,Hyundai i10,Hyundai,2013,"84,975 km",Petrol,Manual,"EMI ₹6,449/m*",₹1.37 lakh
2044,Maruti Ertiga,Maruti,2019,"1,10,568 km",Petrol,Manual,"EMI ₹17,807/m*",₹8.19 lakh
2045,Maruti Wagon R 1.0,Maruti,2017,"92,937 km",Petrol,Manual,"EMI ₹4,790/m*",₹2.45 lakh
2046,Maruti Ertiga,Maruti,2017,"1,11,242 km",Petrol,Manual,"EMI ₹12,234/m*",₹5.50 lakh
2047,Maruti Celerio,Maruti,2015,"27,048 km",Petrol,Auto,"EMI ₹7,637/m*",₹2.90 lakh
2048,Honda City,Honda,2011,"94,915 km",Petrol,Manual,"EMI ₹7,637/m*",₹1.72 lakh
2049,Tata PUNCH,Tata,2024,"55,570 km",Petrol,Manual,"EMI ₹11,615/m*",₹6.58 lakh
2050,Maruti Baleno,Maruti,2015,"1,19,464 km",Petrol,Manual,"EMI ₹8,637/m*",₹3.28 lakh
2051,Hyundai i10,Hyundai,2013,"96,693 km",Petrol,Manual,"EMI ₹6,072/m*",₹1.29 lakh
2052,Maruti Vitara Brezza,Maruti,2016,"1,21,533 km",Diesel,Manual,"EMI ₹6,072/m*",₹4.19 lakh
2053,Skoda Rapid,Skoda,2011,"71,080 km",Petrol,Manual,"EMI ₹6,072/m*",₹1.25 lakh
2054,Maruti Swift,Maruti,2020,"56,709 km",Petrol,Manual,"EMI ₹7,043/m*",₹3.99 lakh
2055,Tata NEXON,Tata,2020,"26,147 km",Petrol,Manual,"EMI ₹9,709/m*",₹5.50 lakh
2056,Toyota Etios,Toyota,2012,"1,21,424 km",Petrol,Manual,"EMI ₹11,728/m*",₹1.32 lakh
2057,Honda Amaze,Honda,2017,"51,870 km",Petrol,Manual,"EMI ₹7,496/m*",₹3.83 lakh
2058,Hyundai AURA,Hyundai,2024,"23,257 km",Petrol,Manual,"EMI ₹9,921/m*",₹5.62 lakh
2059,Maruti Celerio,Maruti,2015,"1,12,482 km",Petrol,Auto,"EMI ₹4,898/m*",₹1.86 lakh
2060,Renault Kwid,Renault,2019,"17,263 km",Petrol,Auto,"EMI ₹4,660/m*",₹2.64 lakh
2061,Maruti Wagon R 1.0,Maruti,2011,"37,395 km",Petrol,Manual,"EMI ₹4,660/m*",₹0.99 lakh
2062,Maruti Swift Dzire,Maruti,2015,"64,734 km",Petrol,Manual,"EMI ₹8,269/m*",₹3.14 lakh
2063,Maruti Wagon R 1.0,Maruti,2018,"48,966 km",Petrol,Manual,"EMI ₹4,802/m*",₹2.72 lakh
2064,Maruti FRONX,Maruti,2024,"76,756 km",Petrol,Manual,"EMI ₹13,240/m*",₹7.50 lakh
2065,Maruti Vitara Brezza,Maruti,2016,"1,88,000 km",Diesel,Manual,"EMI ₹13,240/m*",₹3.78 lakh
2066,Maruti Wagon R 1.0,Maruti,2017,"98,577 km",Petrol,Manual,"EMI ₹3,910/m*",₹2.00 lakh
2067,Honda Amaze,Honda,2014,"1,04,248 km",Petrol,Manual,"EMI ₹5,314/m*",₹1.60 lakh
2068,Volkswagen VIRTUS,Volkswagen,2023,"36,897 km",Petrol,Manual,"EMI ₹23,355/m*",₹13.64 lakh
2069,Maruti New Wagon-R,Maruti,2022,"36,232 km",Petrol,Manual,"EMI ₹6,443/m*",₹3.65 lakh
2070,Tata PUNCH,Tata,2022,"12,998 km",Petrol,Manual,"EMI ₹8,473/m*",₹4.80 lakh
2071,Maruti Swift,Maruti,2017,"1,32,965 km",Petrol,Manual,"EMI ₹6,584/m*",₹2.96 lakh
2072,Ford Ecosport,Ford,2015,"1,37,690 km",Diesel,Manual,"EMI ₹7,075/m*",₹2.13 lakh
2073,Maruti Alto K10,Maruti,2015,"1,62,828 km",Petrol,Manual,"EMI ₹3,529/m*",₹1.34 lakh
2074,Tata Tiago,Tata,2018,"74,119 km",Petrol,Manual,"EMI ₹4,960/m*",₹2.81 lakh
2075,Hyundai i10,Hyundai,2011,"79,217 km",Petrol,Manual,"EMI ₹4,960/m*",₹1.11 lakh
2076,Maruti Wagon R 1.0,Maruti,2015,"1,50,394 km",Petrol,Manual,"EMI ₹4,793/m*",₹1.82 lakh
2077,Maruti Baleno,Maruti,2022,"50,000 km",Petrol,Manual,"EMI ₹8,297/m*",₹4.70 lakh
2078,Maruti Swift,Maruti,2018,"49,530 km",Petrol,Manual,"EMI ₹7,149/m*",₹4.05 lakh
2079,Hyundai i10,Hyundai,2012,"1,34,142 km",Petrol,Manual,"EMI ₹8,352/m*",₹0.94 lakh
2080,Maruti Swift Dzire,Maruti,2011,"73,076 km",Petrol,Manual,"EMI ₹8,352/m*",₹1.08 lakh
2081,Maruti Wagon R 1.0,Maruti,2011,"1,00,531 km",Petrol,Manual,"EMI ₹8,352/m*",₹0.99 lakh
2082,Tata NEXON,Tata,2024,"8,861 km",Petrol,Auto,"EMI ₹13,478/m*",₹7.63 lakh
2083,Mahindra Scorpio,Mahindra,2016,"2,22,087 km",Diesel,Manual,"EMI ₹13,478/m*",₹6.29 lakh
2084,Maruti Vitara Brezza,Maruti,2017,"1,03,786 km",Diesel,Manual,"EMI ₹44,424/m*",₹5.00 lakh
2085,Maruti Swift Dzire,Maruti,2016,"1,85,848 km",Diesel,Manual,"EMI ₹44,424/m*",₹3.36 lakh
2086,Hyundai Elite i20,Hyundai,2015,"29,293 km",Petrol,Manual,"EMI ₹7,637/m*",₹2.90 lakh
2087,Honda City,Honda,2014,"87,865 km",Petrol,Auto,"EMI ₹8,835/m*",₹2.66 lakh
2088,Maruti Eeco,Maruti,2011,"92,094 km",Petrol,Manual,"EMI ₹8,835/m*",₹0.85 lakh
2089,Maruti Wagon R 1.0,Maruti,2011,"85,647 km",Petrol,Manual,"EMI ₹8,835/m*",₹0.95 lakh
2090,Maruti Ciaz,Maruti,2016,"1,30,501 km",Diesel,Manual,"EMI ₹8,835/m*",₹2.63 lakh
2091,Maruti Ciaz,Maruti,2023,"30,947 km",Petrol,Manual,"EMI ₹13,240/m*",₹7.50 lakh
2092,Maruti Swift Dzire,Maruti,2011,"1,67,650 km",Petrol,Manual,"EMI ₹13,240/m*",₹1.08 lakh
2093,Maruti Ritz,Maruti,2014,"96,766 km",Petrol,Manual,"EMI ₹5,447/m*",₹1.64 lakh
2094,Tata TIGOR,Tata,2017,"62,504 km",Petrol,Auto,"EMI ₹5,024/m*",₹2.57 lakh
2095,Hyundai GRAND I10 NIOS,Hyundai,2020,"30,186 km",Petrol,Auto,"EMI ₹8,279/m*",₹4.69 lakh
2096,Maruti Swift,Maruti,2017,"44,953 km",Diesel,Manual,"EMI ₹30,297/m*",₹3.41 lakh
2097,Chevrolet Sail UVA,Chevrolet,2012,"46,674 km",Petrol,Manual,"EMI ₹7,908/m*",₹0.89 lakh
2098,Honda Amaze,Honda,2014,"2,04,502 km",Diesel,Manual,"EMI ₹7,249/m*",₹1.54 lakh
2099,Hyundai i10,Hyundai,2014,"32,545 km",Petrol,Manual,"EMI ₹5,779/m*",₹1.74 lakh
2100,Maruti Baleno,Maruti,2019,"59,725 km",Petrol,Manual,"EMI ₹10,256/m*",₹5.81 lakh
2101,Maruti Dzire,Maruti,2017,"37,800 km",Petrol,Manual,"EMI ₹6,647/m*",₹3.40 lakh
2102,Hyundai i10,Hyundai,2011,"8,92,895 km",Petrol,Manual,"EMI ₹6,647/m*",₹0.87 lakh
2103,Hyundai Grand i10,Hyundai,2017,"1,63,839 km",Petrol,Manual,"EMI ₹5,049/m*",₹2.27 lakh
2104,Mahindra Scorpio,Mahindra,2019,"1,03,982 km",Diesel,Manual,"EMI ₹34,965/m*",₹10.68 lakh
2105,Tata Tiago,Tata,2018,"1,04,997 km",Petrol,Auto,"EMI ₹5,583/m*",₹2.51 lakh
2106,Maruti Alto K10,Maruti,2016,"1,47,911 km",Petrol,Auto,"EMI ₹5,161/m*",₹2.32 lakh
2107,Maruti Ertiga,Maruti,2017,"86,497 km",Petrol,Manual,"EMI ₹10,029/m*",₹5.13 lakh
2108,Honda Amaze,Honda,2016,"92,427 km",Petrol,Manual,"EMI ₹7,385/m*",₹3.32 lakh
2109,Chevrolet Beat,Chevrolet,2015,"59,237 km",Diesel,Manual,"EMI ₹4,285/m*",₹1.29 lakh
2110,Hyundai i10,Hyundai,2011,"1,22,702 km",Petrol,Manual,"EMI ₹4,285/m*",₹0.86 lakh
2111,Hyundai Elite i20,Hyundai,2017,"98,268 km",Diesel,Manual,"EMI ₹28,076/m*",₹3.16 lakh
2112,Honda Amaze,Honda,2019,"1,16,771 km",Petrol,Manual,"EMI ₹7,852/m*",₹3.53 lakh
2113,Honda Jazz,Honda,2018,"62,139 km",Diesel,Manual,"EMI ₹14,781/m*",₹3.14 lakh
2114,Maruti Baleno,Maruti,2018,"84,379 km",Petrol,Manual,"EMI ₹7,308/m*",₹4.14 lakh
2115,Maruti Celerio,Maruti,2019,"77,672 km",Petrol,Manual,"EMI ₹5,631/m*",₹3.19 lakh
2116,Ford Figo Aspire,Ford,2018,"1,15,026 km",Diesel,Manual,"EMI ₹12,710/m*",₹2.70 lakh
2117,Maruti Swift Dzire,Maruti,2011,"89,385 km",Petrol,Manual,"EMI ₹12,710/m*",₹1.20 lakh
2118,Maruti Wagon R 1.0,Maruti,2011,"1,25,957 km",Petrol,Manual,"EMI ₹12,710/m*",₹0.97 lakh
2119,Maruti Swift Dzire,Maruti,2011,"1,34,370 km",Petrol,Manual,"EMI ₹12,710/m*",₹1.04 lakh
2120,Renault Kiger,Renault,2021,"1,61,090 km",Petrol,Manual,"EMI ₹8,609/m*",₹3.87 lakh
2121,Maruti Swift,Maruti,2017,"1,30,789 km",Petrol,Manual,"EMI ₹6,673/m*",₹3.00 lakh
2122,Hyundai i20,Hyundai,2013,"1,18,000 km",Petrol,Manual,"EMI ₹9,226/m*",₹1.96 lakh
2123,Toyota Etios,Toyota,2011,"83,695 km",Petrol,Manual,"EMI ₹9,226/m*",₹1.12 lakh
2124,Maruti New Wagon-R,Maruti,2019,"76,619 km",Petrol,Manual,"EMI ₹6,567/m*",₹3.72 lakh
2125,MG ASTOR,MG,2022,"16,971 km",Petrol,Manual,"EMI ₹13,240/m*",₹7.50 lakh
2126,Hyundai Accent,Hyundai,2011,"2,05,882 km",Petrol,Manual,"EMI ₹13,240/m*",₹0.82 lakh
2127,Honda Amaze,Honda,2015,"92,500 km",Petrol,Manual,"EMI ₹5,793/m*",₹2.20 lakh
2128,Hyundai NEW I20,Hyundai,2022,"14,235 km",Petrol,Manual,"EMI ₹10,962/m*",₹6.21 lakh
2129,Maruti Dzire,Maruti,2017,"1,91,622 km",Petrol,Manual,"EMI ₹6,896/m*",₹3.10 lakh
2130,Hyundai Xcent,Hyundai,2015,"69,661 km",Petrol,Manual,"EMI ₹5,820/m*",₹2.21 lakh
2131,Mahindra XUV500,Mahindra,2018,"93,519 km",Diesel,Auto,"EMI ₹43,159/m*",₹9.26 lakh
2132,Maruti Wagon R 1.0,Maruti,2013,"23,780 km",Petrol,Manual,"EMI ₹7,626/m*",₹1.62 lakh
2133,Honda City,Honda,2014,"43,776 km",Petrol,Manual,"EMI ₹10,662/m*",₹3.21 lakh
2134,Maruti Ertiga,Maruti,2017,"1,03,402 km",Diesel,Manual,"EMI ₹47,534/m*",₹5.35 lakh
2135,Tata TIAGO NRG,Tata,2022,"14,123 km",Petrol,Auto,"EMI ₹8,826/m*",₹5.00 lakh
2136,Maruti Ritz,Maruti,2011,"1,10,997 km",Petrol,Manual,"EMI ₹8,826/m*",₹0.95 lakh
2137,Tata Hexa,Tata,2017,"55,347 km",Diesel,Auto,"EMI ₹87,321/m*",₹9.88 lakh
2138,Maruti Wagon R 1.0,Maruti,2010,"1,08,164 km",Petrol,Manual,"EMI ₹87,321/m*",₹0.76 lakh
2139,Hyundai Accent,Hyundai,2010,"1,19,993 km",Petrol,Manual,"EMI ₹87,321/m*",₹0.76 lakh
2140,Fiat Punto EVO,Fiat,2017,"59,744 km",Petrol,Manual,"EMI ₹4,927/m*",₹2.52 lakh
2141,Toyota Camry,Toyota,2014,"1,20,888 km",Petrol,Auto,"EMI ₹18,268/m*",₹5.50 lakh
2142,Maruti Baleno,Maruti,2018,"41,647 km",Petrol,Manual,"EMI ₹9,197/m*",₹5.21 lakh
2143,Hyundai i10,Hyundai,2011,"2,26,648 km",Petrol,Manual,"EMI ₹9,197/m*",₹1.02 lakh
2144,Maruti Swift,Maruti,2020,"57,653 km",Petrol,Manual,"EMI ₹7,238/m*",₹4.10 lakh
2145,Hyundai Creta,Hyundai,2017,"51,903 km",Petrol,Manual,"EMI ₹13,294/m*",₹6.80 lakh
2146,Honda WR-V,Honda,2021,"7,970 km",Petrol,Manual,"EMI ₹11,333/m*",₹6.42 lakh
2147,Maruti Alto K10,Maruti,2011,"69,037 km",Petrol,Manual,"EMI ₹11,333/m*",₹0.81 lakh
2148,Maruti Alto K10,Maruti,2011,"56,759 km",Petrol,Manual,"EMI ₹11,333/m*",₹0.91 lakh
2149,Honda Amaze,Honda,2016,"65,676 km",Petrol,Manual,"EMI ₹7,897/m*",₹3.55 lakh
2150,Maruti Swift,Maruti,2020,"89,602 km",Petrol,Manual,"EMI ₹6,955/m*",₹3.94 lakh
2151,Maruti Swift,Maruti,2012,"58,949 km",Petrol,Manual,"EMI ₹16,259/m*",₹1.83 lakh
2152,Maruti Vitara Brezza,Maruti,2016,"1,13,680 km",Diesel,Manual,"EMI ₹16,259/m*",₹4.50 lakh
2153,KIA SELTOS,KIA,2020,"94,641 km",Diesel,Manual,"EMI ₹17,380/m*",₹6.60 lakh
2154,Toyota Etios,Toyota,2013,"1,54,246 km",Petrol,Manual,"EMI ₹10,450/m*",₹2.22 lakh
2155,Maruti Swift Dzire,Maruti,2017,"88,118 km",Diesel,Manual,"EMI ₹25,766/m*",₹2.90 lakh
2156,Maruti Wagon R 1.0,Maruti,2011,"1,19,053 km",Petrol,Manual,"EMI ₹25,766/m*",₹0.96 lakh
2157,Hyundai i10,Hyundai,2010,"56,826 km",Petrol,Manual,"EMI ₹25,766/m*",₹0.68 lakh
2158,Hyundai Santro Xing,Hyundai,2011,"33,148 km",Petrol,Manual,"EMI ₹25,766/m*",₹0.89 lakh
2159,Maruti Baleno,Maruti,2016,"95,959 km",Petrol,Manual,"EMI ₹7,229/m*",₹3.25 lakh
2160,Honda Jazz,Honda,2011,"68,472 km",Petrol,Manual,"EMI ₹7,229/m*",₹0.87 lakh
2161,Maruti Baleno,Maruti,2016,"1,17,093 km",Petrol,Manual,"EMI ₹6,162/m*",₹2.77 lakh
2162,Maruti Wagon R 1.0,Maruti,2018,"1,17,424 km",Petrol,Manual,"EMI ₹5,650/m*",₹2.54 lakh
2163,Maruti Baleno,Maruti,2016,"97,131 km",Petrol,Manual,"EMI ₹7,608/m*",₹3.42 lakh
2164,Maruti Ciaz,Maruti,2016,"96,725 km",Diesel,Manual,"EMI ₹7,608/m*",₹2.91 lakh
2165,Maruti Swift,Maruti,2023,"36,443 km",Petrol,Manual,"EMI ₹7,944/m*",₹4.50 lakh
2166,Maruti Wagon R 1.0,Maruti,2011,"83,684 km",Petrol,Manual,"EMI ₹7,944/m*",₹1.06 lakh
2167,Honda City,Honda,2014,"65,928 km",Petrol,Manual,"EMI ₹12,123/m*",₹3.65 lakh
2168,Maruti Baleno,Maruti,2018,"85,244 km",Petrol,Manual,"EMI ₹10,945/m*",₹6.20 lakh
2169,Hyundai Grand i10,Hyundai,2015,"42,961 km",Petrol,Manual,"EMI ₹6,978/m*",₹2.65 lakh
2170,Tata TIGOR,Tata,2018,"74,094 km",Petrol,Auto,"EMI ₹5,525/m*",₹3.13 lakh
2171,Tata ALTROZ,Tata,2020,"1,06,115 km",Diesel,Manual,"EMI ₹11,324/m*",₹4.30 lakh
2172,Honda City,Honda,2011,"72,441 km",Petrol,Auto,"EMI ₹11,324/m*",₹1.87 lakh
2173,Hyundai Santro Xing,Hyundai,2013,"67,818 km",Petrol,Manual,"EMI ₹5,461/m*",₹1.16 lakh
2174,Maruti Swift,Maruti,2016,"98,550 km",Petrol,Manual,"EMI ₹6,006/m*",₹2.70 lakh
2175,Maruti Swift Dzire,Maruti,2011,"1,89,272 km",Petrol,Manual,"EMI ₹6,006/m*",₹1.00 lakh
2176,Maruti Wagon R 1.0,Maruti,2012,"94,953 km",Petrol,Manual,"EMI ₹8,618/m*",₹0.97 lakh
2177,Hyundai i10,Hyundai,2010,"62,946 km",Petrol,Manual,"EMI ₹8,618/m*",₹0.50 lakh
2178,Hyundai Accent,Hyundai,2012,"83,986 km",Petrol,Manual,"EMI ₹6,664/m*",₹0.75 lakh
2179,Maruti Ertiga,Maruti,2022,"1,07,611 km",Petrol,Manual,"EMI ₹21,829/m*",₹10.04 lakh
2180,Maruti Baleno,Maruti,2016,"78,334 km",Petrol,Manual,"EMI ₹9,432/m*",₹4.24 lakh
2181,Maruti Dzire,Maruti,2022,"48,890 km",Petrol,Manual,"EMI ₹8,456/m*",₹4.79 lakh
2182,Tata NEXON,Tata,2019,"84,873 km",Diesel,Manual,"EMI ₹18,666/m*",₹5.62 lakh
2183,Hyundai Santro Xing,Hyundai,2011,"1,17,518 km",Petrol,Manual,"EMI ₹18,666/m*",₹0.74 lakh
2184,Hyundai i10,Hyundai,2012,"90,645 km",Petrol,Manual,"EMI ₹8,085/m*",₹0.91 lakh
2185,Maruti Wagon R 1.0,Maruti,2015,"61,490 km",Petrol,Manual,"EMI ₹5,767/m*",₹2.19 lakh
2186,Hyundai Verna,Hyundai,2013,"83,582 km",Petrol,Manual,"EMI ₹12,710/m*",₹2.70 lakh
2187,Honda City,Honda,2017,"16,983 km",Petrol,Manual,"EMI ₹10,948/m*",₹5.60 lakh
2188,Hyundai i10,Hyundai,2011,"58,818 km",Petrol,Manual,"EMI ₹10,948/m*",₹1.30 lakh
2189,Maruti Vitara Brezza,Maruti,2018,"1,24,065 km",Diesel,Manual,"EMI ₹25,278/m*",₹5.37 lakh
2190,Honda Brio,Honda,2012,"82,494 km",Petrol,Manual,"EMI ₹8,352/m*",₹0.94 lakh
2191,Maruti Celerio,Maruti,2021,"64,304 km",Petrol,Manual,"EMI ₹6,037/m*",₹3.42 lakh
2192,Volkswagen Vento,Volkswagen,2013,"1,48,543 km",Petrol,Manual,"EMI ₹8,379/m*",₹1.78 lakh
2193,Maruti Swift Dzire,Maruti,2011,"73,396 km",Petrol,Manual,"EMI ₹8,379/m*",₹1.04 lakh
2194,Volkswagen Polo,Volkswagen,2013,"1,25,821 km",Petrol,Auto,"EMI ₹12,286/m*",₹2.61 lakh
2195,Nissan Micra,Nissan,2015,"72,506 km",Petrol,Manual,"EMI ₹4,055/m*",₹1.54 lakh
2196,Maruti Baleno,Maruti,2016,"41,046 km",Petrol,Manual,"EMI ₹7,519/m*",₹3.38 lakh
2197,Maruti Wagon R 1.0,Maruti,2018,"60,333 km",Petrol,Auto,"EMI ₹4,943/m*",₹2.80 lakh
2198,Honda Brio,Honda,2012,"67,616 km",Petrol,Manual,"EMI ₹11,550/m*",₹1.30 lakh
2199,Renault Pulse,Renault,2016,"1,60,409 km",Petrol,Manual,"EMI ₹3,003/m*",₹1.35 lakh
2200,Hyundai Verna,Hyundai,2011,"79,386 km",Petrol,Manual,"EMI ₹3,003/m*",₹1.21 lakh
2201,Maruti Ertiga,Maruti,2014,"35,507 km",Petrol,Manual,"EMI ₹16,840/m*",₹5.07 lakh
2202,Toyota Etios,Toyota,2011,"69,403 km",Petrol,Manual,"EMI ₹16,840/m*",₹1.15 lakh
2203,Hyundai Grand i10,Hyundai,2014,"95,937 km",Petrol,Manual,"EMI ₹5,580/m*",₹1.68 lakh
2204,Maruti Alto K10,Maruti,2011,"68,192 km",Petrol,Manual,"EMI ₹5,580/m*",₹1.11 lakh
2205,Maruti Alto 800,Maruti,2017,"57,139 km",Petrol,Manual,"EMI ₹3,617/m*",₹1.85 lakh
2206,Maruti Ciaz,Maruti,2016,"1,80,762 km",Diesel,Manual,"EMI ₹3,617/m*",₹2.89 lakh
2207,Maruti Alto K10,Maruti,2016,"81,207 km",Petrol,Auto,"EMI ₹4,649/m*",₹2.09 lakh
2208,Maruti Baleno,Maruti,2018,"52,058 km",Petrol,Manual,"EMI ₹6,090/m*",₹3.45 lakh
2209,Honda City,Honda,2015,"1,61,000 km",Petrol,Manual,"EMI ₹7,242/m*",₹2.75 lakh
2210,Maruti Wagon R 1.0,Maruti,2013,"34,216 km",Petrol,Manual,"EMI ₹8,002/m*",₹1.70 lakh
2211,Hyundai Grand i10,Hyundai,2014,"71,523 km",Petrol,Manual,"EMI ₹13,286/m*",₹4.00 lakh
2212,Maruti Zen Estilo,Maruti,2011,"18,363 km",Petrol,Manual,"EMI ₹13,286/m*",₹0.69 lakh
2213,Maruti Celerio,Maruti,2016,"1,44,761 km",Petrol,Auto,"EMI ₹3,532/m*",₹1.59 lakh
2214,Hyundai Santro Xing,Hyundai,2011,"1,12,513 km",Petrol,Manual,"EMI ₹3,532/m*",₹0.76 lakh
2215,Maruti Baleno,Maruti,2018,"1,00,837 km",Petrol,Manual,"EMI ₹8,141/m*",₹3.66 lakh
2216,Hyundai i10,Hyundai,2011,"1,30,034 km",Petrol,Manual,"EMI ₹8,141/m*",₹1.00 lakh
2217,Maruti Swift,Maruti,2017,"87,210 km",Petrol,Manual,"EMI ₹5,748/m*",₹2.94 lakh
2218,Honda City,Honda,2011,"41,954 km",Petrol,Manual,"EMI ₹5,748/m*",₹1.21 lakh
2219,Honda City,Honda,2015,"72,821 km",Petrol,Auto,"EMI ₹12,245/m*",₹4.65 lakh
2220,Maruti Swift,Maruti,2019,"1,56,229 km",Petrol,Manual,"EMI ₹9,587/m*",₹4.31 lakh
2221,Maruti Ertiga,Maruti,2012,"1,75,292 km",Petrol,Manual,"EMI ₹23,545/m*",₹2.65 lakh
2222,Maruti Vitara Brezza,Maruti,2021,"1,08,495 km",Petrol,Manual,"EMI ₹11,767/m*",₹5.29 lakh
2223,Maruti Swift,Maruti,2017,"57,096 km",Petrol,Manual,"EMI ₹5,865/m*",₹3.00 lakh
2224,Maruti Baleno,Maruti,2016,"80,778 km",Petrol,Manual,"EMI ₹6,362/m*",₹2.86 lakh
2225,Hyundai i10,Hyundai,2015,"28,884 km",Petrol,Manual,"EMI ₹6,294/m*",₹2.39 lakh
2226,Volkswagen Polo,Volkswagen,2011,"59,766 km",Petrol,Manual,"EMI ₹6,294/m*",₹1.51 lakh
2227,Tata Curvv,Tata,2025,"6,670 km",Petrol,Manual,"EMI ₹16,609/m*",₹9.70 lakh
2228,Maruti Swift,Maruti,2015,"81,703 km",Petrol,Manual,"EMI ₹9,217/m*",₹3.50 lakh
2229,Toyota Etios,Toyota,2011,"27,860 km",Petrol,Manual,"EMI ₹9,217/m*",₹1.65 lakh
2230,Hyundai i10,Hyundai,2011,"1,10,000 km",Petrol,Manual,"EMI ₹9,217/m*",₹0.95 lakh
2231,Maruti Swift,Maruti,2021,"45,515 km",Petrol,Manual,"EMI ₹7,238/m*",₹4.10 lakh
2232,Renault Kwid,Renault,2020,"22,000 km",Petrol,Manual,"EMI ₹4,890/m*",₹2.77 lakh
2233,Maruti Swift Dzire,Maruti,2011,"78,298 km",Petrol,Manual,"EMI ₹4,890/m*",₹0.84 lakh
2234,Honda City,Honda,2017,"1,24,904 km",Diesel,Manual,"EMI ₹37,316/m*",₹4.20 lakh
2235,Hyundai Santro Xing,Hyundai,2012,"70,162 km",Petrol,Manual,"EMI ₹8,618/m*",₹0.97 lakh
2236,Maruti Baleno,Maruti,2017,"71,129 km",Diesel,Manual,"EMI ₹29,320/m*",₹3.30 lakh
2237,Volkswagen Polo,Volkswagen,2011,"96,523 km",Petrol,Manual,"EMI ₹29,320/m*",₹0.95 lakh
2238,Honda WR-V,Honda,2019,"63,656 km",Petrol,Manual,"EMI ₹7,061/m*",₹4.00 lakh
2239,Hyundai i20,Hyundai,2013,"56,150 km",Petrol,Manual,"EMI ₹8,426/m*",₹1.79 lakh
2240,Hyundai Grand i10,Hyundai,2015,"94,903 km",Petrol,Manual,"EMI ₹5,793/m*",₹2.20 lakh
2241,Hyundai Creta,Hyundai,2015,"60,397 km",Petrol,Manual,"EMI ₹14,721/m*",₹5.59 lakh
2242,Hyundai Grand i10,Hyundai,2017,"1,04,073 km",Diesel,Manual,"EMI ₹19,991/m*",₹2.25 lakh
2243,Hyundai i10,Hyundai,2013,"85,030 km",Petrol,Manual,"EMI ₹6,402/m*",₹1.36 lakh
2244,Maruti IGNIS,Maruti,2018,"15,326 km",Petrol,Manual,"EMI ₹6,320/m*",₹3.58 lakh
2245,Hyundai i10,Hyundai,2011,"70,056 km",Petrol,Manual,"EMI ₹6,320/m*",₹0.80 lakh
2246,Maruti Wagon R 1.0,Maruti,2017,"69,013 km",Petrol,Manual,"EMI ₹5,024/m*",₹2.57 lakh
2247,Nissan Micra,Nissan,2013,"1,13,479 km",Petrol,Manual,"EMI ₹4,849/m*",₹1.03 lakh
2248,Ford Ecosport,Ford,2016,"91,747 km",Diesel,Manual,"EMI ₹4,849/m*",₹2.66 lakh
2249,Hyundai i20,Hyundai,2011,"1,88,723 km",Petrol,Manual,"EMI ₹4,849/m*",₹0.97 lakh
2250,Hyundai Grand i10,Hyundai,2015,"33,878 km",Petrol,Manual,"EMI ₹7,373/m*",₹2.80 lakh
2251,Ford Figo Aspire,Ford,2015,"1,04,671 km",Diesel,Manual,"EMI ₹7,373/m*",₹1.80 lakh
2252,Mahindra XUV500,Mahindra,2017,"71,622 km",Diesel,Auto,"EMI ₹90,238/m*",₹10.21 lakh
2253,Honda City,Honda,2014,"1,13,246 km",Petrol,Manual,"EMI ₹11,459/m*",₹3.45 lakh
2254,Toyota Etios Liva,Toyota,2016,"83,452 km",Diesel,Manual,"EMI ₹11,459/m*",₹2.77 lakh
2255,Skoda Rapid,Skoda,2012,"28,711 km",Petrol,Manual,"EMI ₹15,637/m*",₹1.76 lakh
2256,Honda WR-V,Honda,2022,"37,355 km",Petrol,Manual,"EMI ₹10,786/m*",₹6.11 lakh
2257,Maruti Baleno,Maruti,2020,"43,724 km",Petrol,Manual,"EMI ₹8,244/m*",₹4.67 lakh
2258,Maruti Ertiga,Maruti,2017,"1,62,513 km",Diesel,Manual,"EMI ₹43,714/m*",₹4.92 lakh
2259,Maruti Wagon R 1.0,Maruti,2011,"99,293 km",Petrol,Manual,"EMI ₹43,714/m*",₹0.85 lakh
2260,Maruti Wagon R 1.0,Maruti,2012,"96,959 km",Petrol,Manual,"EMI ₹9,951/m*",₹1.12 lakh
2261,Hyundai Creta,Hyundai,2016,"1,33,074 km",Diesel,Manual,"EMI ₹9,951/m*",₹4.57 lakh
2262,Hyundai i20,Hyundai,2012,"85,700 km",Petrol,Manual,"EMI ₹15,282/m*",₹1.72 lakh
2263,MG HECTOR PLUS,MG,2020,"79,752 km",Petrol,Auto,"EMI ₹14,554/m*",₹8.50 lakh
2264,Maruti Swift,Maruti,2016,"69,808 km",Petrol,Manual,"EMI ₹6,918/m*",₹3.11 lakh
2265,Maruti Swift Dzire,Maruti,2011,"1,57,390 km",Petrol,Manual,"EMI ₹6,918/m*",₹1.04 lakh
2266,Hyundai Grand i10,Hyundai,2017,"1,09,567 km",Diesel,Manual,"EMI ₹17,237/m*",₹1.94 lakh
2267,Hyundai i20,Hyundai,2013,"38,774 km",Petrol,Manual,"EMI ₹11,062/m*",₹2.35 lakh
2268,Hyundai Verna,Hyundai,2013,"81,479 km",Petrol,Manual,"EMI ₹12,992/m*",₹2.76 lakh
2269,Ford Endeavour,Ford,2017,"1,48,950 km",Diesel,Auto,"EMI ₹111,184/m*",₹12.58 lakh
2270,Volkswagen Polo,Volkswagen,2013,"1,18,885 km",Petrol,Manual,"EMI ₹7,767/m*",₹1.65 lakh
2271,Maruti Swift,Maruti,2016,"1,27,911 km",Petrol,Manual,"EMI ₹5,361/m*",₹2.41 lakh
2272,Maruti Wagon R 1.0,Maruti,2010,"1,05,939 km",Petrol,Manual,"EMI ₹5,361/m*",₹0.97 lakh
2273,Hyundai Grand i10,Hyundai,2016,"73,079 km",Petrol,Manual,"EMI ₹7,051/m*",₹3.17 lakh
2274,Hyundai Santro Xing,Hyundai,2012,"94,382 km",Petrol,Manual,"EMI ₹7,730/m*",₹0.87 lakh
2275,Maruti Swift Dzire,Maruti,2011,"1,34,629 km",Petrol,Manual,"EMI ₹7,730/m*",₹1.10 lakh
2276,Hyundai Grand i10,Hyundai,2017,"66,500 km",Petrol,Manual,"EMI ₹5,670/m*",₹2.90 lakh
2277,Maruti New Wagon-R,Maruti,2019,"1,22,207 km",Petrol,Manual,"EMI ₹6,874/m*",₹3.09 lakh
2278,Maruti Wagon R 1.0,Maruti,2014,"1,65,787 km",Petrol,Manual,"EMI ₹4,982/m*",₹1.50 lakh
2279,Honda City,Honda,2017,"1,25,550 km",Diesel,Manual,"EMI ₹36,961/m*",₹4.16 lakh
2280,Maruti Swift,Maruti,2020,"48,033 km",Petrol,Manual,"EMI ₹7,449/m*",₹4.22 lakh
2281,Maruti Celerio,Maruti,2015,"63,638 km",Petrol,Manual,"EMI ₹6,241/m*",₹2.37 lakh
2282,Maruti Baleno,Maruti,2019,"59,230 km",Petrol,Manual,"EMI ₹7,061/m*",₹4.00 lakh
2283,Maruti Wagon R 1.0,Maruti,2011,"82,719 km",Petrol,Manual,"EMI ₹7,061/m*",₹1.00 lakh
2284,Maruti Ertiga,Maruti,2019,"2,37,913 km",Petrol,Manual,"EMI ₹14,993/m*",₹6.74 lakh
2285,Honda City,Honda,2011,"1,21,636 km",Petrol,Manual,"EMI ₹14,993/m*",₹1.27 lakh
2286,Hyundai Eon,Hyundai,2017,"28,633 km",Petrol,Manual,"EMI ₹4,301/m*",₹2.20 lakh
2287,Toyota Etios,Toyota,2016,"85,577 km",Petrol,Manual,"EMI ₹4,738/m*",₹2.13 lakh
2288,Chevrolet Beat,Chevrolet,2012,"52,857 km",Petrol,Manual,"EMI ₹7,463/m*",₹0.84 lakh
2289,Tata Tiago,Tata,2018,"94,492 km",Petrol,Manual,"EMI ₹5,737/m*",₹3.25 lakh
2290,Maruti IGNIS,Maruti,2018,"1,39,759 km",Petrol,Manual,"EMI ₹6,851/m*",₹3.08 lakh
2291,Maruti Ciaz,Maruti,2016,"1,49,686 km",Petrol,Manual,"EMI ₹6,451/m*",₹2.90 lakh
2292,Tata NEXON,Tata,2022,"63,305 km",Petrol,Manual,"EMI ₹9,409/m*",₹5.33 lakh
2293,Renault Kwid,Renault,2021,"51,584 km",Petrol,Auto,"EMI ₹5,525/m*",₹3.13 lakh
2294,Hyundai i20 Active,Hyundai,2016,"1,08,482 km",Petrol,Manual,"EMI ₹6,251/m*",₹2.81 lakh
2295,Maruti Vitara Brezza,Maruti,2017,"57,094 km",Diesel,Manual,"EMI ₹48,245/m*",₹5.43 lakh
2296,Maruti Swift Dzire,Maruti,2015,"1,06,272 km",Petrol,Manual,"EMI ₹6,926/m*",₹2.63 lakh
2297,Hyundai i10,Hyundai,2013,"74,297 km",Petrol,Manual,"EMI ₹6,261/m*",₹1.33 lakh
2298,Maruti Swift Dzire,Maruti,2016,"1,10,056 km",Diesel,Manual,"EMI ₹6,261/m*",₹2.52 lakh
2299,Hyundai Eon,Hyundai,2013,"90,323 km",Petrol,Manual,"EMI ₹5,084/m*",₹1.08 lakh
2300,Maruti Wagon R 1.0,Maruti,2012,"79,145 km",Petrol,Manual,"EMI ₹9,329/m*",₹1.05 lakh
2301,Skoda Fabia,Skoda,2011,"1,41,405 km",Petrol,Manual,"EMI ₹9,329/m*",₹0.87 lakh
2302,Maruti Wagon R 1.0,Maruti,2017,"68,412 km",Petrol,Auto,"EMI ₹5,376/m*",₹2.75 lakh
2303,Hyundai i10,Hyundai,2013,"95,460 km",Petrol,Manual,"EMI ₹7,908/m*",₹1.68 lakh
2304,Maruti Ertiga,Maruti,2014,"1,19,417 km",Petrol,Manual,"EMI ₹12,156/m*",₹3.66 lakh
2305,Maruti Swift,Maruti,2018,"32,538 km",Petrol,Manual,"EMI ₹7,961/m*",₹4.51 lakh
2306,Honda City,Honda,2015,"90,298 km",Petrol,Manual,"EMI ₹7,373/m*",₹2.80 lakh
2307,Toyota Corolla Altis,Toyota,2011,"77,135 km",Petrol,Manual,"EMI ₹7,373/m*",₹1.68 lakh
2308,Hyundai Grand i10,Hyundai,2018,"38,026 km",Petrol,Manual,"EMI ₹5,296/m*",₹3.00 lakh
2309,Hyundai i20,Hyundai,2011,"51,492 km",Petrol,Manual,"EMI ₹5,296/m*",₹1.28 lakh
2310,Tata Tiago,Tata,2018,"58,402 km",Petrol,Manual,"EMI ₹4,766/m*",₹2.70 lakh
2311,Tata NEXON,Tata,2022,"63,244 km",Petrol,Manual,"EMI ₹9,868/m*",₹5.59 lakh
2312,Maruti Wagon R 1.0,Maruti,2011,"1,28,901 km",Petrol,Manual,"EMI ₹9,868/m*",₹0.87 lakh
2313,MG HECTOR,MG,2019,"64,239 km",Diesel,Manual,"EMI ₹29,432/m*",₹8.99 lakh
2314,Hyundai Creta,Hyundai,2015,"1,15,973 km",Petrol,Manual,"EMI ₹10,112/m*",₹3.84 lakh
2315,Hyundai Verna,Hyundai,2011,"59,426 km",Petrol,Manual,"EMI ₹10,112/m*",₹1.64 lakh
2316,Mahindra XUV500,Mahindra,2017,"70,513 km",Diesel,Manual,"EMI ₹65,304/m*",₹7.35 lakh
2317,Maruti Vitara Brezza,Maruti,2019,"93,614 km",Diesel,Manual,"EMI ₹20,394/m*",₹6.14 lakh
2318,Maruti Swift,Maruti,2011,"79,453 km",Petrol,Manual,"EMI ₹20,394/m*",₹1.25 lakh
2319,Toyota Etios,Toyota,2011,"1,73,274 km",Petrol,Manual,"EMI ₹20,394/m*",₹1.15 lakh
2320,Maruti Baleno,Maruti,2016,"65,542 km",Petrol,Manual,"EMI ₹7,964/m*",₹3.58 lakh
2321,Tata PUNCH,Tata,2022,"65,043 km",Petrol,Auto,"EMI ₹10,856/m*",₹6.15 lakh
2322,Tata TIGOR,Tata,2017,"1,25,100 km",Petrol,Manual,"EMI ₹6,006/m*",₹2.70 lakh
2323,Honda BR-V,Honda,2018,"40,500 km",Petrol,Manual,"EMI ₹10,239/m*",₹5.80 lakh
2324,Honda City,Honda,2017,"58,288 km",Petrol,Manual,"EMI ₹9,736/m*",₹4.98 lakh
2325,Maruti Swift,Maruti,2016,"99,849 km",Petrol,Manual,"EMI ₹7,096/m*",₹3.19 lakh
2326,Maruti Ciaz,Maruti,2016,"1,50,024 km",Diesel,Manual,"EMI ₹7,096/m*",₹2.85 lakh
2327,Maruti Dzire,Maruti,2018,"61,271 km",Diesel,Manual,"EMI ₹16,852/m*",₹3.58 lakh
2328,Hyundai Grand i10,Hyundai,2014,"1,31,107 km",Petrol,Manual,"EMI ₹5,480/m*",₹1.65 lakh
2329,Ford Figo Aspire,Ford,2017,"53,217 km",Diesel,Manual,"EMI ₹29,942/m*",₹3.37 lakh
2330,Maruti Ciaz,Maruti,2016,"49,311 km",Petrol,Manual,"EMI ₹8,008/m*",₹3.60 lakh
2331,Hyundai i10,Hyundai,2011,"54,582 km",Petrol,Manual,"EMI ₹8,008/m*",₹0.83 lakh
2332,Maruti Baleno,Maruti,2018,"42,865 km",Petrol,Manual,"EMI ₹7,591/m*",₹4.30 lakh
2333,Maruti IGNIS,Maruti,2017,"80,731 km",Petrol,Auto,"EMI ₹5,670/m*",₹2.90 lakh
2334,Hyundai Grand i10,Hyundai,2014,"11,495 km",Petrol,Manual,"EMI ₹7,706/m*",₹2.32 lakh
2335,Honda Amaze,Honda,2015,"49,995 km",Petrol,Manual,"EMI ₹8,558/m*",₹3.25 lakh
2336,Maruti Swift,Maruti,2017,"31,092 km",Petrol,Manual,"EMI ₹5,767/m*",₹2.95 lakh
2337,Hyundai i10,Hyundai,2011,"63,962 km",Petrol,Manual,"EMI ₹5,767/m*",₹0.85 lakh
2338,Honda City,Honda,2015,"1,04,941 km",Petrol,Manual,"EMI ₹10,534/m*",₹4.00 lakh
2339,Hyundai i10,Hyundai,2011,"47,188 km",Petrol,Manual,"EMI ₹10,534/m*",₹1.03 lakh
2340,Maruti Swift,Maruti,2019,"84,378 km",Petrol,Manual,"EMI ₹8,473/m*",₹4.80 lakh
2341,Honda City,Honda,2011,"1,06,973 km",Petrol,Manual,"EMI ₹8,473/m*",₹1.15 lakh
2342,Maruti Ertiga,Maruti,2019,"35,954 km",Petrol,Manual,"EMI ₹13,363/m*",₹7.57 lakh
2343,Toyota Etios,Toyota,2011,"79,002 km",Petrol,Manual,"EMI ₹13,363/m*",₹1.35 lakh
2344,Maruti Swift Dzire,Maruti,2016,"1,32,884 km",Petrol,Manual,"EMI ₹6,184/m*",₹2.78 lakh
2345,Hyundai Grand i10,Hyundai,2015,"49,030 km",Petrol,Manual,"EMI ₹7,189/m*",₹2.73 lakh
2346,Hyundai Eon,Hyundai,2013,"25,004 km",Petrol,Manual,"EMI ₹6,261/m*",₹1.33 lakh
2347,Maruti Alto,Maruti,2019,"18,337 km",Petrol,Manual,"EMI ₹4,237/m*",₹2.40 lakh
2348,Toyota Etios,Toyota,2011,"61,522 km",Petrol,Manual,"EMI ₹4,237/m*",₹1.03 lakh
2349,Maruti Swift Dzire,Maruti,2011,"1,28,566 km",Petrol,Manual,"EMI ₹4,237/m*",₹0.87 lakh
2350,Hyundai Santro Xing,Hyundai,2013,"44,582 km",Petrol,Manual,"EMI ₹7,249/m*",₹1.54 lakh
2351,Hyundai VENUE,Hyundai,2020,"1,07,000 km",Petrol,Manual,"EMI ₹11,100/m*",₹4.99 lakh
2352,Volkswagen Polo,Volkswagen,2020,"1,11,505 km",Petrol,Manual,"EMI ₹11,122/m*",₹5.00 lakh
2353,Maruti Vitara Brezza,Maruti,2017,"75,075 km",Diesel,Manual,"EMI ₹33,763/m*",₹3.80 lakh
2354,Honda City,Honda,2015,"1,31,571 km",Petrol,Manual,"EMI ₹9,928/m*",₹3.77 lakh
2355,Hyundai Eon,Hyundai,2011,"7,698 km",Petrol,Manual,"EMI ₹9,928/m*",₹0.93 lakh
2356,Maruti Swift,Maruti,2025,"9,935 km",Petrol,Auto,"EMI ₹11,457/m*",₹6.49 lakh
2357,Tata NEXON,Tata,2024,"12,801 km",Petrol,Manual,"EMI ₹18,835/m*",₹11.00 lakh
2358,Maruti Ertiga,Maruti,2014,"83,941 km",Petrol,Manual,"EMI ₹13,917/m*",₹4.19 lakh
2359,Hyundai Santro Xing,Hyundai,2013,"24,691 km",Petrol,Manual,"EMI ₹6,167/m*",₹1.31 lakh
2360,Ford Figo Aspire,Ford,2018,"35,704 km",Petrol,Manual,"EMI ₹5,296/m*",₹3.00 lakh
2361,Hyundai Grand i10,Hyundai,2014,"1,83,267 km",Petrol,Manual,"EMI ₹6,204/m*",₹1.87 lakh
2362,Maruti Wagon R 1.0,Maruti,2014,"1,03,493 km",Petrol,Manual,"EMI ₹5,646/m*",₹1.70 lakh
2363,Honda City,Honda,2015,"73,115 km",Petrol,Manual,"EMI ₹10,534/m*",₹4.00 lakh
2364,Maruti Wagon R 1.0,Maruti,2012,"1,09,623 km",Petrol,Manual,"EMI ₹11,106/m*",₹1.25 lakh
2365,Hyundai VENUE,Hyundai,2022,"88,114 km",Petrol,Manual,"EMI ₹10,380/m*",₹5.88 lakh
2366,Toyota Etios,Toyota,2011,"98,775 km",Petrol,Manual,"EMI ₹10,380/m*",₹1.14 lakh
2367,Renault TRIBER,Renault,2020,"51,198 km",Petrol,Manual,"EMI ₹7,061/m*",₹4.00 lakh
2368,Maruti Wagon R 1.0,Maruti,2016,"2,32,351 km",Petrol,Manual,"EMI ₹3,559/m*",₹1.60 lakh
2369,Ford Ecosport,Ford,2020,"46,905 km",Diesel,Manual,"EMI ₹13,852/m*",₹5.26 lakh
2370,Renault Kwid,Renault,2019,"43,851 km",Petrol,Manual,"EMI ₹4,007/m*",₹2.27 lakh
2371,Toyota Etios,Toyota,2014,"24,198 km",Petrol,Manual,"EMI ₹7,979/m*",₹2.40 lakh
2372,Maruti Swift,Maruti,2011,"51,338 km",Petrol,Manual,"EMI ₹7,979/m*",₹1.05 lakh
2373,MG HECTOR,MG,2019,"38,263 km",Petrol,Auto,"EMI ₹16,592/m*",₹9.69 lakh
2374,Chevrolet Beat,Chevrolet,2011,"60,230 km",Petrol,Manual,"EMI ₹16,592/m*",₹0.55 lakh
2375,Skoda Octavia,Skoda,2018,"1,11,491 km",Petrol,Auto,"EMI ₹16,683/m*",₹7.50 lakh
2376,Honda City,Honda,2017,"96,857 km",Petrol,Auto,"EMI ₹8,993/m*",₹4.60 lakh
2377,Renault Lodgy,Renault,2016,"94,165 km",Diesel,Manual,"EMI ₹8,993/m*",₹2.00 lakh
2378,Maruti Wagon R 1.0,Maruti,2011,"1,02,689 km",Petrol,Manual,"EMI ₹8,993/m*",₹0.84 lakh
2379,Maruti Wagon R 1.0,Maruti,2011,"66,298 km",Petrol,Manual,"EMI ₹8,993/m*",₹0.74 lakh
2380,Hyundai i10,Hyundai,2011,"2,64,001 km",Petrol,Manual,"EMI ₹8,993/m*",₹0.95 lakh
2381,Honda Amaze,Honda,2017,"73,720 km",Petrol,Manual,"EMI ₹5,161/m*",₹2.64 lakh
2382,Hyundai Santro Xing,Hyundai,2012,"1,05,646 km",Petrol,Manual,"EMI ₹6,841/m*",₹0.77 lakh
2383,Hyundai Elite i20,Hyundai,2015,"1,10,610 km",Petrol,Manual,"EMI ₹7,373/m*",₹2.80 lakh
2384,Hyundai VENUE,Hyundai,2019,"24,662 km",Petrol,Manual,"EMI ₹9,709/m*",₹5.50 lakh
2385,Maruti Wagon R 1.0,Maruti,2011,"58,170 km",Petrol,Manual,"EMI ₹9,709/m*",₹0.75 lakh
2386,Hyundai i10,Hyundai,2013,"71,934 km",Petrol,Manual,"EMI ₹6,355/m*",₹1.35 lakh
2387,Mahindra Scorpio,Mahindra,2019,"2,45,781 km",Diesel,Manual,"EMI ₹27,337/m*",₹8.35 lakh
2388,Honda City,Honda,2014,"64,613 km",Petrol,Manual,"EMI ₹9,533/m*",₹2.87 lakh
2389,Nissan MAGNITE,Nissan,2022,"61,228 km",Petrol,Manual,"EMI ₹8,261/m*",₹4.68 lakh
2390,Tata ALTROZ,Tata,2020,"50,430 km",Petrol,Manual,"EMI ₹7,661/m*",₹4.34 lakh
2391,Hyundai i10,Hyundai,2011,"1,08,174 km",Petrol,Manual,"EMI ₹7,661/m*",₹1.00 lakh
2392,Tata TIGOR,Tata,2018,"90,272 km",Petrol,Manual,"EMI ₹4,996/m*",₹2.83 lakh
2393,Nissan MAGNITE,Nissan,2025,"8,700 km",Petrol,Auto,"EMI ₹12,975/m*",₹7.35 lakh
2394,Maruti Celerio,Maruti,2021,"17,396 km",Petrol,Manual,"EMI ₹7,220/m*",₹4.09 lakh
2395,Maruti Baleno,Maruti,2018,"86,957 km",Petrol,Manual,"EMI ₹7,502/m*",₹4.25 lakh
2396,Maruti Vitara Brezza,Maruti,2017,"1,32,812 km",Diesel,Manual,"EMI ₹32,519/m*",₹3.66 lakh
2397,Maruti Alto 800,Maruti,2013,"1,35,137 km",Petrol,Manual,"EMI ₹6,167/m*",₹1.31 lakh
2398,Maruti Dzire,Maruti,2017,"41,490 km",Petrol,Auto,"EMI ₹10,186/m*",₹5.21 lakh
2399,Maruti Wagon R 1.0,Maruti,2011,"19,512 km",Petrol,Manual,"EMI ₹10,186/m*",₹0.90 lakh
2400,Renault TRIBER,Renault,2020,"1,35,026 km",Petrol,Manual,"EMI ₹7,786/m*",₹3.50 lakh
2401,Tata Tiago,Tata,2016,"86,003 km",Petrol,Manual,"EMI ₹6,184/m*",₹2.78 lakh
2402,Maruti Wagon R 1.0,Maruti,2012,"1,17,386 km",Petrol,Manual,"EMI ₹8,974/m*",₹1.01 lakh
2403,Tata NEXON,Tata,2021,"62,282 km",Petrol,Manual,"EMI ₹12,074/m*",₹6.84 lakh
2404,Maruti Alto K10,Maruti,2011,"56,975 km",Petrol,Manual,"EMI ₹12,074/m*",₹0.94 lakh
2405,Honda City,Honda,2017,"84,822 km",Petrol,Auto,"EMI ₹9,384/m*",₹4.80 lakh
2406,Hyundai i10,Hyundai,2014,"83,000 km",Petrol,Manual,"EMI ₹5,248/m*",₹1.58 lakh
2407,Renault TRIBER,Renault,2019,"37,383 km",Petrol,Manual,"EMI ₹7,061/m*",₹4.00 lakh
2408,Ford Ecosport,Ford,2016,"1,94,617 km",Diesel,Manual,"EMI ₹9,243/m*",₹3.51 lakh
2409,Hyundai i10,Hyundai,2011,"42,565 km",Petrol,Manual,"EMI ₹9,243/m*",₹0.82 lakh
2410,Hyundai i10,Hyundai,2011,"83,688 km",Petrol,Manual,"EMI ₹9,243/m*",₹0.94 lakh
2411,Hyundai Grand i10,Hyundai,2017,"1,37,862 km",Petrol,Manual,"EMI ₹6,384/m*",₹2.87 lakh
2412,Maruti Wagon R 1.0,Maruti,2015,"97,221 km",Petrol,Manual,"EMI ₹4,477/m*",₹1.70 lakh
2413,Ford Ecosport,Ford,2017,"81,315 km",Diesel,Manual,"EMI ₹37,850/m*",₹4.26 lakh
2414,Ford Ecosport,Ford,2017,"78,392 km",Petrol,Manual,"EMI ₹7,273/m*",₹3.72 lakh
2415,Maruti Wagon R 1.0,Maruti,2014,"90,310 km",Petrol,Manual,"EMI ₹5,580/m*",₹1.68 lakh
2416,Toyota Etios,Toyota,2011,"1,06,947 km",Petrol,Manual,"EMI ₹5,580/m*",₹0.94 lakh
2417,Hyundai i10,Hyundai,2011,"61,364 km",Petrol,Manual,"EMI ₹5,580/m*",₹1.15 lakh
2418,Mahindra SCORPIO-N,Mahindra,2023,"8,642 km",Petrol,Auto,"EMI ₹37,995/m*",₹22.19 lakh
2419,Hyundai GRAND I10 NIOS,Hyundai,2022,"51,182 km",Petrol,Manual,"EMI ₹7,061/m*",₹4.00 lakh
2420,Maruti Wagon R 1.0,Maruti,2012,"3,26,909 km",Petrol,Manual,"EMI ₹8,174/m*",₹0.92 lakh
2421,Maruti Wagon R 1.0,Maruti,2016,"1,95,390 km",Petrol,Manual,"EMI ₹4,671/m*",₹2.10 lakh
2422,Maruti Wagon R 1.0,Maruti,2014,"94,287 km",Petrol,Manual,"EMI ₹4,982/m*",₹1.50 lakh
2423,Maruti Ertiga,Maruti,2013,"1,08,547 km",Petrol,Manual,"EMI ₹14,216/m*",₹3.02 lakh
2424,Mahindra Kuv100,Mahindra,2018,"1,49,742 km",Petrol,Manual,"EMI ₹3,982/m*",₹1.79 lakh
2425,Maruti Wagon R 1.0,Maruti,2011,"1,27,388 km",Petrol,Manual,"EMI ₹3,982/m*",₹0.93 lakh
2426,Honda City,Honda,2015,"1,02,850 km",Petrol,Auto,"EMI ₹12,746/m*",₹4.84 lakh
2427,Volkswagen Vento,Volkswagen,2011,"73,025 km",Petrol,Manual,"EMI ₹12,746/m*",₹1.31 lakh
2428,Maruti Alto 800,Maruti,2015,"53,526 km",Petrol,Manual,"EMI ₹4,529/m*",₹1.72 lakh
2429,Hyundai Santro Xing,Hyundai,2011,"1,07,505 km",Petrol,Manual,"EMI ₹4,529/m*",₹0.94 lakh
2430,Volkswagen Polo,Volkswagen,2011,"2,50,000 km",Petrol,Manual,"EMI ₹4,529/m*",₹0.84 lakh
2431,Honda City,Honda,2016,"99,279 km",Petrol,Manual,"EMI ₹10,611/m*",₹4.77 lakh
2432,Chevrolet Beat,Chevrolet,2013,"1,05,684 km",Petrol,Manual,"EMI ₹3,954/m*",₹0.84 lakh
2433,Renault Duster,Renault,2013,"1,08,972 km",Petrol,Manual,"EMI ₹9,415/m*",₹2.00 lakh
2434,Maruti Wagon R 1.0,Maruti,2012,"1,01,000 km",Petrol,Manual,"EMI ₹9,418/m*",₹1.06 lakh
2435,Hyundai Grand i10,Hyundai,2017,"1,64,004 km",Diesel,Manual,"EMI ₹22,301/m*",₹2.51 lakh
2436,Maruti Swift,Maruti,2012,"98,801 km",Petrol,Manual,"EMI ₹13,150/m*",₹1.48 lakh
2437,Toyota Etios,Toyota,2011,"51,180 km",Petrol,Manual,"EMI ₹13,150/m*",₹1.20 lakh
2438,Hyundai Creta,Hyundai,2016,"2,23,270 km",Diesel,Manual,"EMI ₹13,150/m*",₹5.75 lakh
2439,Maruti Ertiga,Maruti,2024,"28,137 km",Petrol,Manual,"EMI ₹15,958/m*",₹9.32 lakh
2440,Maruti New Wagon-R,Maruti,2019,"48,102 km",Petrol,Manual,"EMI ₹7,449/m*",₹4.22 lakh
2441,Hyundai i20,Hyundai,2011,"1,32,736 km",Petrol,Manual,"EMI ₹7,449/m*",₹1.15 lakh
2442,Honda City,Honda,2016,"83,800 km",Petrol,Manual,"EMI ₹10,077/m*",₹4.53 lakh
2443,Maruti Vitara Brezza,Maruti,2019,"93,122 km",Diesel,Manual,"EMI ₹18,268/m*",₹5.50 lakh
2444,Honda City,Honda,2016,"1,17,530 km",Petrol,Manual,"EMI ₹9,788/m*",₹4.40 lakh
2445,Renault TRIBER,Renault,2021,"21,553 km",Petrol,Manual,"EMI ₹8,138/m*",₹4.61 lakh
2446,Hyundai Verna,Hyundai,2017,"92,024 km",Diesel,Manual,"EMI ₹47,978/m*",₹5.40 lakh
2447,Mahindra XUV500,Mahindra,2019,"2,53,720 km",Diesel,Manual,"EMI ₹18,500/m*",₹5.57 lakh
2448,Hyundai Elite i20,Hyundai,2016,"93,765 km",Petrol,Manual,"EMI ₹6,651/m*",₹2.99 lakh
2449,Toyota Etios,Toyota,2011,"1,45,544 km",Petrol,Manual,"EMI ₹6,651/m*",₹1.43 lakh
2450,Honda Amaze,Honda,2018,"1,53,624 km",Petrol,Manual,"EMI ₹8,230/m*",₹3.70 lakh
2451,Honda Amaze,Honda,2018,"1,06,040 km",Petrol,Manual,"EMI ₹8,075/m*",₹3.63 lakh
2452,Hyundai i20,Hyundai,2011,"85,686 km",Petrol,Manual,"EMI ₹8,075/m*",₹0.93 lakh
2453,Maruti Baleno,Maruti,2018,"76,341 km",Petrol,Manual,"EMI ₹7,061/m*",₹4.00 lakh
2454,Maruti Wagon R 1.0,Maruti,2017,"64,816 km",Petrol,Manual,"EMI ₹5,220/m*",₹2.67 lakh
2455,Maruti S Cross,Maruti,2017,"1,07,051 km",Diesel,Manual,"EMI ₹39,182/m*",₹4.41 lakh
2456,Honda Amaze,Honda,2014,"1,13,757 km",Petrol,Manual,"EMI ₹5,049/m*",₹1.52 lakh
2457,Maruti Ertiga,Maruti,2015,"46,839 km",Petrol,Manual,"EMI ₹12,588/m*",₹4.78 lakh
2458,Mahindra Kuv100,Mahindra,2017,"1,51,309 km",Diesel,Manual,"EMI ₹14,394/m*",₹1.62 lakh
2459,Hyundai Verna,Hyundai,2022,"64,002 km",Petrol,Manual,"EMI ₹17,516/m*",₹10.23 lakh
2460,Maruti Ritz,Maruti,2011,"1,97,661 km",Petrol,Manual,"EMI ₹17,516/m*",₹0.95 lakh
2461,Maruti Swift,Maruti,2011,"49,574 km",Petrol,Manual,"EMI ₹17,516/m*",₹1.15 lakh
2462,Maruti Wagon R 1.0,Maruti,2012,"1,13,833 km",Petrol,Manual,"EMI ₹11,817/m*",₹1.33 lakh
2463,Chevrolet Cruze,Chevrolet,2017,"1,07,285 km",Diesel,Auto,"EMI ₹37,583/m*",₹4.23 lakh
2464,Mahindra XUV500,Mahindra,2018,"1,16,440 km",Diesel,Auto,"EMI ₹38,871/m*",₹8.34 lakh
2465,Nissan Micra,Nissan,2011,"22,127 km",Petrol,Manual,"EMI ₹38,871/m*",₹0.90 lakh
2466,Maruti Alto K10,Maruti,2016,"46,535 km",Petrol,Manual,"EMI ₹4,738/m*",₹2.13 lakh
2467,Toyota Glanza,Toyota,2023,"16,603 km",Petrol,Manual,"EMI ₹9,444/m*",₹5.35 lakh
2468,Hyundai Elite i20,Hyundai,2019,"51,519 km",Petrol,Manual,"EMI ₹8,261/m*",₹4.68 lakh
2469,Hyundai i10,Hyundai,2011,"74,984 km",Petrol,Manual,"EMI ₹8,261/m*",₹0.94 lakh
2470,Maruti Swift,Maruti,2020,"45,288 km",Petrol,Auto,"EMI ₹8,032/m*",₹4.55 lakh
2471,Maruti Baleno,Maruti,2023,"18,800 km",Petrol,Manual,"EMI ₹9,780/m*",₹5.54 lakh
2472,Tata NEXON,Tata,2018,"65,950 km",Diesel,Manual,"EMI ₹17,088/m*",₹3.63 lakh
2473,Honda Amaze,Honda,2013,"71,097 km",Petrol,Manual,"EMI ₹7,861/m*",₹1.67 lakh
2474,Maruti Wagon R 1.0,Maruti,2011,"51,788 km",Petrol,Manual,"EMI ₹7,861/m*",₹1.00 lakh
2475,Datsun Go,Datsun,2016,"97,034 km",Petrol,Manual,"EMI ₹2,736/m*",₹1.23 lakh
2476,Hyundai i20,Hyundai,2011,"83,188 km",Petrol,Manual,"EMI ₹2,736/m*",₹1.32 lakh
2477,Volkswagen Polo,Volkswagen,2015,"78,067 km",Petrol,Manual,"EMI ₹7,505/m*",₹2.85 lakh
2478,Honda BR-V,Honda,2018,"2,51,110 km",Petrol,Manual,"EMI ₹14,770/m*",₹6.64 lakh
2479,Maruti Wagon R 1.0,Maruti,2012,"2,64,959 km",Petrol,Manual,"EMI ₹9,773/m*",₹1.10 lakh
2480,Hyundai Santro Xing,Hyundai,2012,"1,06,731 km",Petrol,Manual,"EMI ₹9,685/m*",₹1.09 lakh
2481,Hyundai i10,Hyundai,2011,"84,248 km",Petrol,Manual,"EMI ₹9,685/m*",₹0.60 lakh
2482,Maruti Alto K10,Maruti,2011,"32,493 km",Petrol,Manual,"EMI ₹9,685/m*",₹0.93 lakh
2483,Maruti Alto K10,Maruti,2023,"38,728 km",Petrol,Manual,"EMI ₹6,267/m*",₹3.55 lakh
2484,Maruti Swift,Maruti,2019,"57,259 km",Petrol,Manual,"EMI ₹6,832/m*",₹3.87 lakh
2485,Maruti Swift Dzire,Maruti,2016,"98,568 km",Petrol,Manual,"EMI ₹6,896/m*",₹3.10 lakh
2486,Hyundai Grand i10,Hyundai,2014,"1,30,388 km",Petrol,Auto,"EMI ₹7,473/m*",₹2.25 lakh
2487,Maruti A Star,Maruti,2011,"2,23,782 km",Petrol,Manual,"EMI ₹7,473/m*",₹0.71 lakh
2488,Maruti Ciaz,Maruti,2015,"1,03,874 km",Petrol,Manual,"EMI ₹9,322/m*",₹3.54 lakh
2489,Maruti Baleno,Maruti,2016,"42,204 km",Petrol,Manual,"EMI ₹7,786/m*",₹3.50 lakh
2490,Toyota Etios,Toyota,2011,"75,871 km",Petrol,Manual,"EMI ₹7,786/m*",₹1.10 lakh
2491,Toyota Etios,Toyota,2011,"1,33,350 km",Petrol,Manual,"EMI ₹7,786/m*",₹0.90 lakh
2492,Maruti S Cross,Maruti,2022,"30,575 km",Petrol,Manual,"EMI ₹11,933/m*",₹6.76 lakh
2493,Hyundai Accent,Hyundai,2011,"86,957 km",Petrol,Manual,"EMI ₹11,933/m*",₹0.72 lakh
2494,Maruti Swift Dzire,Maruti,2011,"46,577 km",Petrol,Manual,"EMI ₹11,933/m*",₹1.34 lakh
2495,Honda WR-V,Honda,2019,"20,692 km",Petrol,Manual,"EMI ₹8,957/m*",₹5.07 lakh
2496,Hyundai Creta,Hyundai,2016,"58,727 km",Petrol,Manual,"EMI ₹15,304/m*",₹6.88 lakh
2497,Ford Ecosport,Ford,2016,"75,188 km",Petrol,Auto,"EMI ₹7,563/m*",₹3.40 lakh
2498,KIA SELTOS,KIA,2023,"20,523 km",Petrol,Manual,"EMI ₹16,711/m*",₹9.76 lakh
2499,Ford Figo,Ford,2011,"49,647 km",Petrol,Manual,"EMI ₹16,711/m*",₹0.90 lakh
2500,Hyundai i10,Hyundai,2011,"47,873 km",Petrol,Manual,"EMI ₹16,711/m*",₹1.03 lakh
2501,Tata ALTROZ,Tata,2021,"75,524 km",Diesel,Manual,"EMI ₹8,103/m*",₹4.59 lakh
2502,Maruti Alto,Maruti,2021,"28,538 km",Petrol,Manual,"EMI ₹5,508/m*",₹3.12 lakh
2503,Ford Figo,Ford,2011,"75,357 km",Petrol,Manual,"EMI ₹5,508/m*",₹0.89 lakh
2504,Skoda Rapid,Skoda,2012,"1,10,251 km",Petrol,Auto,"EMI ₹16,881/m*",₹1.90 lakh
2505,Maruti Swift Dzire,Maruti,2015,"1,50,643 km",Petrol,Manual,"EMI ₹8,111/m*",₹3.08 lakh
2506,Maruti Baleno,Maruti,2018,"1,28,319 km",Petrol,Auto,"EMI ₹8,520/m*",₹3.83 lakh
2507,Hyundai Grand i10,Hyundai,2015,"80,054 km",Petrol,Manual,"EMI ₹7,558/m*",₹2.87 lakh
2508,Hyundai Creta,Hyundai,2017,"1,78,371 km",Petrol,Manual,"EMI ₹10,455/m*",₹4.70 lakh
2509,Hyundai i10,Hyundai,2011,"1,28,322 km",Petrol,Manual,"EMI ₹10,455/m*",₹0.74 lakh
2510,Toyota Corolla Altis,Toyota,2011,"63,975 km",Petrol,Manual,"EMI ₹10,455/m*",₹1.80 lakh
2511,Maruti IGNIS,Maruti,2018,"1,67,786 km",Petrol,Manual,"EMI ₹7,274/m*",₹3.27 lakh
2512,Hyundai Creta,Hyundai,2017,"64,211 km",Petrol,Manual,"EMI ₹11,730/m*",₹6.00 lakh
2513,Hyundai Santro Xing,Hyundai,2012,"1,59,834 km",Petrol,Manual,"EMI ₹10,751/m*",₹1.21 lakh
2514,Honda City,Honda,2011,"98,793 km",Petrol,Manual,"EMI ₹10,751/m*",₹1.58 lakh
2515,Hyundai Santro Xing,Hyundai,2013,"1,53,288 km",Petrol,Manual,"EMI ₹4,237/m*",₹0.90 lakh
2516,Maruti Swift Dzire,Maruti,2011,"1,00,000 km",Petrol,Manual,"EMI ₹4,237/m*",₹0.97 lakh
2517,Maruti Eeco,Maruti,2019,"1,98,821 km",Petrol,Manual,"EMI ₹4,894/m*",₹2.20 lakh
2518,Maruti Swift,Maruti,2020,"66,352 km",Petrol,Auto,"EMI ₹8,950/m*",₹5.07 lakh
2519,Hyundai GRAND I10 NIOS,Hyundai,2021,"29,638 km",Petrol,Manual,"EMI ₹7,502/m*",₹4.25 lakh
2520,Honda City,Honda,2014,"1,16,580 km",Petrol,Manual,"EMI ₹9,931/m*",₹2.99 lakh
2521,Hyundai Grand i10,Hyundai,2018,"16,282 km",Petrol,Manual,"EMI ₹7,326/m*",₹4.15 lakh
2522,Maruti Zen Estilo,Maruti,2011,"1,69,998 km",Petrol,Manual,"EMI ₹7,326/m*",₹0.50 lakh
2523,Maruti Alto,Maruti,2010,"1,68,951 km",Petrol,Manual,"EMI ₹7,326/m*",₹0.56 lakh
2524,Hyundai VENUE,Hyundai,2021,"57,986 km",Petrol,Manual,"EMI ₹9,532/m*",₹5.40 lakh
2525,Hyundai Santro Xing,Hyundai,2012,"1,65,091 km",Petrol,Manual,"EMI ₹8,618/m*",₹0.97 lakh
2526,Honda City,Honda,2014,"2,01,315 km",Petrol,Manual,"EMI ₹9,300/m*",₹2.80 lakh
2527,Honda BR-V,Honda,2016,"63,417 km",Petrol,Manual,"EMI ₹7,652/m*",₹3.44 lakh
2528,Ford Figo,Ford,2011,"66,252 km",Petrol,Manual,"EMI ₹7,652/m*",₹0.77 lakh
2529,Maruti Dzire,Maruti,2022,"82,754 km",Petrol,Manual,"EMI ₹9,656/m*",₹5.47 lakh
2530,Maruti Swift,Maruti,2010,"50,020 km",Petrol,Manual,"EMI ₹9,656/m*",₹1.18 lakh
2531,Renault Kwid,Renault,2021,"54,036 km",Petrol,Manual,"EMI ₹4,837/m*",₹2.74 lakh
2532,Honda Amaze,Honda,2016,"60,934 km",Petrol,Manual,"EMI ₹7,285/m*",₹3.27 lakh
2533,Hyundai Grand i10,Hyundai,2016,"89,841 km",Petrol,Manual,"EMI ₹6,028/m*",₹2.71 lakh
2534,Tata TIGOR,Tata,2018,"1,07,944 km",Petrol,Manual,"EMI ₹6,607/m*",₹2.97 lakh
2535,Skoda Fabia,Skoda,2011,"56,422 km",Petrol,Manual,"EMI ₹6,607/m*",₹0.97 lakh
2536,Maruti Wagon R 1.0,Maruti,2010,999 km,Petrol,Manual,"EMI ₹6,607/m*",₹0.74 lakh
2537,Mahindra XUV500,Mahindra,2018,"1,32,172 km",Diesel,Auto,"EMI ₹32,951/m*",₹7.00 lakh
2538,Honda City,Honda,2013,"77,413 km",Petrol,Manual,"EMI ₹7,296/m*",₹1.55 lakh
2539,Hyundai Elite i20,Hyundai,2020,"46,915 km",Petrol,Manual,"EMI ₹8,279/m*",₹4.69 lakh
2540,Maruti Wagon R 1.0,Maruti,2015,"1,35,781 km",Petrol,Manual,"EMI ₹4,503/m*",₹1.71 lakh
2541,Tata NEXON,Tata,2019,"2,05,365 km",Diesel,Manual,"EMI ₹14,116/m*",₹4.25 lakh
2542,Maruti Vitara Brezza,Maruti,2017,"2,62,512 km",Diesel,Manual,"EMI ₹40,515/m*",₹4.56 lakh
2543,Honda City,Honda,2011,"1,29,267 km",Petrol,Manual,"EMI ₹40,515/m*",₹1.48 lakh
2544,Honda City,Honda,2011,"79,639 km",Petrol,Manual,"EMI ₹40,515/m*",₹1.21 lakh
2545,Maruti Alto K10,Maruti,2011,"1,510 km",Petrol,Manual,"EMI ₹40,515/m*",₹1.00 lakh
2546,Maruti Swift Dzire,Maruti,2011,"1,22,293 km",Petrol,Manual,"EMI ₹40,515/m*",₹1.27 lakh
2547,Honda Amaze,Honda,2017,"71,358 km",Petrol,Manual,"EMI ₹6,764/m*",₹3.46 lakh
2548,Maruti Wagon R 1.0,Maruti,2011,"42,624 km",Petrol,Manual,"EMI ₹6,764/m*",₹1.35 lakh
2549,Volkswagen Vento,Volkswagen,2011,"65,180 km",Petrol,Manual,"EMI ₹6,764/m*",₹1.37 lakh
2550,Maruti Vitara Brezza,Maruti,2016,"1,23,042 km",Diesel,Manual,"EMI ₹6,764/m*",₹4.68 lakh
2551,Toyota Corolla Altis,Toyota,2011,"1,82,553 km",Petrol,Manual,"EMI ₹6,764/m*",₹1.72 lakh
2552,Honda City,Honda,2010,"93,483 km",Petrol,Auto,"EMI ₹6,764/m*",₹1.32 lakh
2553,Nissan Micra,Nissan,2012,"1,51,045 km",Petrol,Manual,"EMI ₹7,463/m*",₹0.84 lakh
2554,Hyundai Elite i20,Hyundai,2017,"60,570 km",Petrol,Manual,"EMI ₹6,491/m*",₹3.32 lakh
2555,Honda City,Honda,2012,"72,517 km",Petrol,Manual,"EMI ₹12,617/m*",₹1.42 lakh
2556,Honda City,Honda,2011,1 km,Petrol,Manual,"EMI ₹12,617/m*",₹1.12 lakh
2557,Maruti Alto K10,Maruti,2017,"41,104 km",Petrol,Auto,"EMI ₹4,731/m*",₹2.42 lakh
2558,Ford Ecosport,Ford,2016,"95,107 km",Diesel,Manual,"EMI ₹4,731/m*",₹2.66 lakh
2559,Hyundai Elite i20,Hyundai,2019,"5,39,225 km",Petrol,Manual,"EMI ₹8,342/m*",₹3.75 lakh
2560,Honda City,Honda,2011,"1,48,248 km",Petrol,Manual,"EMI ₹8,342/m*",₹1.25 lakh
2561,Honda Amaze,Honda,2015,"77,203 km",Petrol,Manual,"EMI ₹7,900/m*",₹3.00 lakh
2562,Hyundai i10,Hyundai,2011,"69,572 km",Petrol,Manual,"EMI ₹7,900/m*",₹0.65 lakh
2563,Hyundai Grand i10,Hyundai,2014,"47,126 km",Petrol,Manual,"EMI ₹7,473/m*",₹2.25 lakh
2564,Maruti A Star,Maruti,2011,"71,813 km",Petrol,Manual,"EMI ₹7,473/m*",₹0.80 lakh
2565,Maruti Wagon R 1.0,Maruti,2011,"40,920 km",Petrol,Manual,"EMI ₹7,473/m*",₹1.06 lakh
2566,Hyundai Accent,Hyundai,2012,"1,12,332 km",Petrol,Manual,"EMI ₹8,352/m*",₹0.94 lakh
2567,Maruti Swift,Maruti,2011,"1,66,609 km",Petrol,Manual,"EMI ₹8,352/m*",₹1.06 lakh
2568,Hyundai Elite i20,Hyundai,2015,"76,837 km",Petrol,Manual,"EMI ₹9,849/m*",₹3.74 lakh
2569,Maruti Wagon R 1.0,Maruti,2011,"66,062 km",Petrol,Manual,"EMI ₹9,849/m*",₹0.83 lakh
2570,Toyota Etios Liva,Toyota,2017,"26,481 km",Petrol,Manual,"EMI ₹6,725/m*",₹3.44 lakh
2571,Honda City,Honda,2011,"80,441 km",Petrol,Manual,"EMI ₹6,725/m*",₹1.60 lakh
2572,Maruti Wagon R 1.0,Maruti,2011,"31,056 km",Petrol,Manual,"EMI ₹6,725/m*",₹1.16 lakh
2573,Maruti Swift Dzire,Maruti,2016,"72,876 km",Petrol,Manual,"EMI ₹6,785/m*",₹3.05 lakh
2574,Hyundai Santro Xing,Hyundai,2010,"28,481 km",Petrol,Manual,"EMI ₹6,785/m*",₹0.63 lakh
2575,Maruti Celerio,Maruti,2019,"30,088 km",Petrol,Manual,"EMI ₹5,596/m*",₹3.17 lakh
2576,Maruti Swift Dzire,Maruti,2015,"97,977 km",Petrol,Manual,"EMI ₹9,164/m*",₹3.48 lakh
2577,Honda Civic,Honda,2012,"1,13,785 km",Petrol,Manual,"EMI ₹13,772/m*",₹1.55 lakh
2578,Hyundai Creta,Hyundai,2017,"1,15,342 km",Diesel,Manual,"EMI ₹52,598/m*",₹5.92 lakh
2579,Maruti S PRESSO,Maruti,2020,"38,489 km",Petrol,Manual,"EMI ₹6,973/m*",₹3.95 lakh
2580,Maruti Wagon R 1.0,Maruti,2012,"72,742 km",Petrol,Manual,"EMI ₹18,658/m*",₹2.10 lakh
2581,Honda City,Honda,2012,"1,38,141 km",Petrol,Manual,"EMI ₹13,150/m*",₹1.48 lakh
2582,Volkswagen Polo,Volkswagen,2020,"31,353 km",Petrol,Manual,"EMI ₹13,010/m*",₹7.37 lakh
2583,Hyundai Santro Xing,Hyundai,2011,"57,878 km",Petrol,Manual,"EMI ₹13,010/m*",₹0.80 lakh
2584,Hyundai Grand i10,Hyundai,2014,"48,090 km",Petrol,Manual,"EMI ₹7,008/m*",₹2.11 lakh
2585,Chevrolet Beat,Chevrolet,2011,"92,950 km",Petrol,Manual,"EMI ₹7,008/m*",₹0.63 lakh
2586,Maruti Celerio,Maruti,2014,"91,251 km",Petrol,Manual,"EMI ₹5,765/m*",₹1.74 lakh
2587,Hyundai i10,Hyundai,2013,"1,16,873 km",Petrol,Manual,"EMI ₹6,881/m*",₹1.46 lakh
2588,Maruti Dzire,Maruti,2019,"89,704 km",Petrol,Manual,"EMI ₹6,618/m*",₹3.75 lakh
2589,Honda City,Honda,2015,"1,47,795 km",Petrol,Auto,"EMI ₹11,166/m*",₹4.24 lakh
2590,Hyundai Elite i20,Hyundai,2019,"54,429 km",Petrol,Manual,"EMI ₹7,997/m*",₹4.53 lakh
2591,Hyundai Santro Xing,Hyundai,2011,"1,06,403 km",Petrol,Manual,"EMI ₹7,997/m*",₹0.68 lakh
2592,Maruti Vitara Brezza,Maruti,2016,"65,491 km",Diesel,Manual,"EMI ₹7,997/m*",₹4.10 lakh
2593,Maruti Wagon R 1.0,Maruti,2014,"1,83,440 km",Petrol,Manual,"EMI ₹5,447/m*",₹1.64 lakh
2594,Maruti Eeco,Maruti,2016,"2,41,952 km",Petrol,Manual,"EMI ₹4,026/m*",₹1.81 lakh
2595,Chevrolet Beat,Chevrolet,2012,"86,000 km",Petrol,Manual,"EMI ₹6,042/m*",₹0.68 lakh
2596,Honda Amaze,Honda,2016,"1,44,558 km",Petrol,Manual,"EMI ₹5,383/m*",₹2.42 lakh
2597,Hyundai Grand i10,Hyundai,2016,"67,040 km",Petrol,Manual,"EMI ₹5,583/m*",₹2.51 lakh
2598,Hyundai Santro Xing,Hyundai,2011,"95,495 km",Petrol,Manual,"EMI ₹5,583/m*",₹0.84 lakh
2599,Hyundai Grand i10,Hyundai,2016,"60,189 km",Petrol,Manual,"EMI ₹6,429/m*",₹2.89 lakh
2600,Maruti Baleno,Maruti,2022,"53,247 km",Petrol,Manual,"EMI ₹8,897/m*",₹5.04 lakh
2601,Honda Brio,Honda,2012,"44,081 km",Petrol,Manual,"EMI ₹11,550/m*",₹1.30 lakh
2602,Hyundai Grand i10,Hyundai,2019,"29,322 km",Petrol,Manual,"EMI ₹6,196/m*",₹3.51 lakh
2603,Honda City,Honda,2011,"1,48,071 km",Petrol,Manual,"EMI ₹6,196/m*",₹1.30 lakh
2604,Tata NEXON,Tata,2020,"50,703 km",Petrol,Auto,"EMI ₹13,240/m*",₹7.50 lakh
2605,KIA SELTOS,KIA,2020,"79,954 km",Petrol,Manual,"EMI ₹11,916/m*",₹6.75 lakh
2606,Maruti Swift,Maruti,2017,"1,35,991 km",Petrol,Manual,"EMI ₹6,451/m*",₹2.90 lakh
2607,Honda City,Honda,2011,"1,19,837 km",Petrol,Manual,"EMI ₹6,451/m*",₹1.35 lakh
2608,Hyundai i20,Hyundai,2011,"1,13,572 km",Petrol,Manual,"EMI ₹6,451/m*",₹1.23 lakh
2609,Mahindra XUV500,Mahindra,2018,"1,48,556 km",Diesel,Manual,"EMI ₹26,691/m*",₹5.67 lakh
2610,Honda Brio,Honda,2012,"93,708 km",Petrol,Manual,"EMI ₹10,484/m*",₹1.18 lakh
2611,Maruti Swift,Maruti,2011,"70,913 km",Petrol,Manual,"EMI ₹10,484/m*",₹1.12 lakh
2612,Maruti Ertiga,Maruti,2012,"1,92,484 km",Petrol,Manual,"EMI ₹19,724/m*",₹2.22 lakh
2613,Maruti Alto K10,Maruti,2011,"1,06,405 km",Petrol,Manual,"EMI ₹19,724/m*",₹0.91 lakh
2614,Maruti Baleno,Maruti,2016,"1,90,056 km",Petrol,Manual,"EMI ₹6,673/m*",₹3.00 lakh
2615,Mahindra XUV500,Mahindra,2017,"1,16,700 km",Diesel,Auto,"EMI ₹50,555/m*",₹5.69 lakh
2616,Toyota Etios,Toyota,2011,"91,127 km",Petrol,Manual,"EMI ₹50,555/m*",₹1.06 lakh
2617,Maruti Alto,Maruti,2011,"55,806 km",Petrol,Manual,"EMI ₹50,555/m*",₹0.82 lakh
2618,Hyundai Creta,Hyundai,2025,"4,180 km",Petrol,Manual,"EMI ₹18,595/m*",₹10.86 lakh
2619,Honda Amaze,Honda,2016,"54,104 km",Petrol,Manual,"EMI ₹6,006/m*",₹2.70 lakh
2620,Toyota Etios,Toyota,2011,"65,045 km",Petrol,Manual,"EMI ₹6,006/m*",₹1.00 lakh
2621,Honda City,Honda,2017,"1,03,574 km",Diesel,Manual,"EMI ₹37,494/m*",₹4.22 lakh
2622,Honda City,Honda,2015,"1,10,575 km",Petrol,Manual,"EMI ₹11,850/m*",₹4.50 lakh
2623,Mahindra Scorpio,Mahindra,2019,"52,728 km",Diesel,Manual,"EMI ₹36,013/m*",₹11.00 lakh
2624,Tata NEXON,Tata,2018,"98,298 km",Diesel,Auto,"EMI ₹21,183/m*",₹4.50 lakh
2625,Maruti Alto K10,Maruti,2011,"88,807 km",Petrol,Manual,"EMI ₹21,183/m*",₹0.97 lakh
2626,Tata ALTROZ,Tata,2020,"72,220 km",Petrol,Manual,"EMI ₹6,161/m*",₹3.49 lakh
2627,Mahindra Scorpio,Mahindra,2019,"65,918 km",Diesel,Manual,"EMI ₹30,577/m*",₹9.34 lakh
2628,Renault TRIBER,Renault,2020,"54,688 km",Petrol,Auto,"EMI ₹7,467/m*",₹4.23 lakh
2629,Hyundai Grand i10,Hyundai,2016,"1,07,868 km",Petrol,Manual,"EMI ₹5,984/m*",₹2.69 lakh
2630,Maruti Alto,Maruti,2012,"63,161 km",Petrol,Manual,"EMI ₹7,730/m*",₹0.87 lakh
2631,Hyundai i20,Hyundai,2011,"1,54,455 km",Petrol,Manual,"EMI ₹7,730/m*",₹0.84 lakh
2632,Maruti Swift,Maruti,2015,"1,04,357 km",Petrol,Manual,"EMI ₹7,031/m*",₹2.67 lakh
2633,Maruti Baleno,Maruti,2018,"43,507 km",Petrol,Manual,"EMI ₹7,132/m*",₹4.04 lakh
2634,Maruti Baleno,Maruti,2018,"80,696 km",Petrol,Manual,"EMI ₹6,938/m*",₹3.93 lakh
2635,Hyundai i10,Hyundai,2011,"62,556 km",Petrol,Manual,"EMI ₹6,938/m*",₹0.85 lakh
2636,Maruti Swift,Maruti,2012,"96,350 km",Petrol,Manual,"EMI ₹14,660/m*",₹1.65 lakh
2637,Chevrolet Beat,Chevrolet,2012,"32,097 km",Petrol,Manual,"EMI ₹6,397/m*",₹0.72 lakh
2638,Renault TRIBER,Renault,2019,"50,490 km",Petrol,Manual,"EMI ₹7,043/m*",₹3.99 lakh
2639,Volkswagen Vento,Volkswagen,2011,"70,000 km",Petrol,Manual,"EMI ₹7,043/m*",₹1.35 lakh
2640,Maruti Ertiga,Maruti,2012,"76,523 km",Petrol,Manual,"EMI ₹24,433/m*",₹2.75 lakh
2641,Maruti Vitara Brezza,Maruti,2018,"88,450 km",Diesel,Auto,"EMI ₹25,090/m*",₹5.33 lakh
2642,Maruti Ritz,Maruti,2011,"1,10,000 km",Petrol,Manual,"EMI ₹25,090/m*",₹0.81 lakh
2643,Maruti Alto,Maruti,2020,"17,073 km",Petrol,Manual,"EMI ₹5,261/m*",₹2.98 lakh
2644,Maruti Swift Dzire,Maruti,2011,"1,13,891 km",Petrol,Manual,"EMI ₹5,261/m*",₹1.24 lakh
2645,Hyundai i20,Hyundai,2014,"54,483 km",Petrol,Manual,"EMI ₹8,304/m*",₹2.50 lakh
2646,Tata Harrier,Tata,2020,"1,39,421 km",Diesel,Manual,"EMI ₹29,645/m*",₹11.47 lakh
2647,Maruti Dzire,Maruti,2017,"1,14,761 km",Diesel,Manual,"EMI ₹8,230/m*",₹3.70 lakh
2648,Honda WR-V,Honda,2019,"42,424 km",Petrol,Manual,"EMI ₹9,532/m*",₹5.40 lakh
2649,Hyundai i10,Hyundai,2012,"89,028 km",Petrol,Manual,"EMI ₹7,819/m*",₹0.88 lakh
2650,Maruti Ritz,Maruti,2013,"92,786 km",Petrol,Manual,"EMI ₹7,720/m*",₹1.64 lakh
2651,Maruti New Wagon-R,Maruti,2021,"68,018 km",Petrol,Manual,"EMI ₹6,708/m*",₹3.80 lakh
2652,Hyundai Verna,Hyundai,2024,"7,818 km",Petrol,Auto,"EMI ₹23,235/m*",₹13.57 lakh
2653,Honda City,Honda,2012,"1,00,000 km",Petrol,Manual,"EMI ₹19,102/m*",₹2.15 lakh
2654,Ford Ecosport,Ford,2016,"67,317 km",Diesel,Manual,"EMI ₹19,102/m*",₹3.00 lakh
2655,Maruti Celerio,Maruti,2018,"1,48,226 km",Petrol,Manual,"EMI ₹6,451/m*",₹2.90 lakh
2656,Honda City,Honda,2011,"94,669 km",Petrol,Manual,"EMI ₹6,451/m*",₹1.31 lakh
2657,Hyundai i20,Hyundai,2013,"1,13,740 km",Petrol,Manual,"EMI ₹7,908/m*",₹1.68 lakh
2658,Hyundai Creta,Hyundai,2017,"1,25,822 km",Diesel,Auto,"EMI ₹56,152/m*",₹6.32 lakh
2659,Tata PUNCH,Tata,2024,"26,635 km",Petrol,Manual,"EMI ₹11,298/m*",₹6.40 lakh
2660,Honda City,Honda,2011,"1,01,845 km",Petrol,Manual,"EMI ₹11,298/m*",₹1.64 lakh
2661,Maruti Baleno,Maruti,2019,"93,986 km",Petrol,Manual,"EMI ₹6,620/m*",₹3.75 lakh
2662,Maruti Celerio,Maruti,2016,"1,43,237 km",Petrol,Manual,"EMI ₹5,450/m*",₹2.45 lakh
2663,Hyundai NEW I20,Hyundai,2022,"56,587 km",Petrol,Auto,"EMI ₹10,239/m*",₹5.80 lakh
2664,Maruti Vitara Brezza,Maruti,2019,"90,785 km",Diesel,Manual,"EMI ₹17,205/m*",₹5.18 lakh
2665,Ford Ecosport,Ford,2017,"1,04,947 km",Diesel,Manual,"EMI ₹27,543/m*",₹3.10 lakh
2666,Tata NEXON,Tata,2022,"56,000 km",Petrol,Manual,"EMI ₹10,450/m*",₹5.92 lakh
2667,Maruti Swift,Maruti,2016,"90,224 km",Petrol,Manual,"EMI ₹5,895/m*",₹2.65 lakh
2668,Maruti Swift,Maruti,2015,"82,002 km",Petrol,Manual,"EMI ₹7,979/m*",₹3.03 lakh
2669,Honda City,Honda,2018,"74,898 km",Petrol,Manual,"EMI ₹9,515/m*",₹5.39 lakh
2670,Honda Amaze,Honda,2015,"77,169 km",Petrol,Manual,"EMI ₹5,293/m*",₹2.01 lakh
2671,Maruti Alto,Maruti,2012,"62,554 km",Petrol,Manual,"EMI ₹6,575/m*",₹0.74 lakh
2672,Honda Amaze,Honda,2016,"80,000 km",Petrol,Manual,"EMI ₹5,784/m*",₹2.60 lakh
2673,Hyundai Santro Xing,Hyundai,2012,"7,035 km",Petrol,Manual,"EMI ₹7,463/m*",₹0.84 lakh
2674,Maruti Celerio,Maruti,2015,"44,216 km",Petrol,Manual,"EMI ₹7,610/m*",₹2.89 lakh
2675,Honda Amaze,Honda,2018,"82,428 km",Petrol,Auto,"EMI ₹8,085/m*",₹4.58 lakh
2676,Honda City,Honda,2012,"98,899 km",Petrol,Manual,"EMI ₹13,772/m*",₹1.55 lakh
2677,Maruti Baleno,Maruti,2016,"1,13,167 km",Petrol,Manual,"EMI ₹6,740/m*",₹3.03 lakh
2678,Ford Ecosport,Ford,2018,"58,675 km",Petrol,Auto,"EMI ₹9,320/m*",₹4.19 lakh
2679,Mahindra MARAZZO,Mahindra,2019,"42,676 km",Diesel,Manual,"EMI ₹19,663/m*",₹5.92 lakh
2680,Maruti Swift,Maruti,2016,"24,608 km",Petrol,Manual,"EMI ₹7,318/m*",₹3.29 lakh
2681,Hyundai Creta,Hyundai,2017,"84,986 km",Petrol,Auto,"EMI ₹13,568/m*",₹6.94 lakh
2682,Tata NEXON,Tata,2022,"70,766 km",Petrol,Manual,"EMI ₹13,081/m*",₹7.41 lakh
2683,Tata Tiago,Tata,2021,"17,500 km",Petrol,Manual,"EMI ₹6,708/m*",₹3.80 lakh
2684,Maruti Alto K10,Maruti,2016,"14,493 km",Petrol,Manual,"EMI ₹5,895/m*",₹2.65 lakh
2685,Maruti Baleno,Maruti,2022,"31,906 km",Petrol,Manual,"EMI ₹8,809/m*",₹4.99 lakh
2686,Maruti Alto K10,Maruti,2011,"74,184 km",Petrol,Manual,"EMI ₹8,809/m*",₹0.75 lakh
2687,Tata NEXON,Tata,2019,"46,342 km",Petrol,Manual,"EMI ₹7,944/m*",₹4.50 lakh
2688,Maruti Ritz,Maruti,2011,"71,537 km",Petrol,Manual,"EMI ₹7,944/m*",₹0.93 lakh
2689,Honda City,Honda,2012,"86,852 km",Petrol,Auto,"EMI ₹15,726/m*",₹1.77 lakh
2690,KIA CARENS,KIA,2023,"44,690 km",Petrol,Manual,"EMI ₹14,897/m*",₹8.70 lakh
2691,Mahindra Scorpio,Mahindra,2019,"37,603 km",Diesel,Manual,"EMI ₹40,923/m*",₹12.50 lakh
2692,Maruti Swift,Maruti,2015,"93,073 km",Petrol,Manual,"EMI ₹7,637/m*",₹2.90 lakh
2693,Maruti Wagon R 1.0,Maruti,2011,"60,241 km",Petrol,Manual,"EMI ₹7,637/m*",₹0.90 lakh
2694,Maruti Wagon R 1.0,Maruti,2011,"1,32,545 km",Petrol,Manual,"EMI ₹7,637/m*",₹0.97 lakh
2695,Mahindra XUV500,Mahindra,2018,"63,512 km",Diesel,Manual,"EMI ₹38,218/m*",₹8.20 lakh
2696,Hyundai i10,Hyundai,2011,"95,000 km",Petrol,Manual,"EMI ₹38,218/m*",₹0.79 lakh
2697,Honda City,Honda,2014,"99,969 km",Petrol,Manual,"EMI ₹11,359/m*",₹3.42 lakh
2698,Honda WR-V,Honda,2017,"73,881 km",Diesel,Manual,"EMI ₹34,296/m*",₹3.86 lakh
2699,Hyundai i10,Hyundai,2011,"39,676 km",Petrol,Manual,"EMI ₹34,296/m*",₹0.91 lakh
2700,Maruti Wagon R 1.0,Maruti,2011,"1,33,787 km",Petrol,Manual,"EMI ₹34,296/m*",₹0.79 lakh
2701,Maruti Ritz,Maruti,2011,"39,361 km",Petrol,Manual,"EMI ₹34,296/m*",₹1.00 lakh
2702,Maruti Baleno,Maruti,2019,"98,427 km",Petrol,Manual,"EMI ₹8,209/m*",₹4.65 lakh
2703,Maruti Ciaz,Maruti,2018,"51,714 km",Petrol,Manual,"EMI ₹9,003/m*",₹5.10 lakh
2704,Hyundai Creta,Hyundai,2016,"9,00,001 km",Petrol,Manual,"EMI ₹12,279/m*",₹5.52 lakh
2705,Hyundai Verna,Hyundai,2014,"41,885 km",Petrol,Manual,"EMI ₹13,618/m*",₹4.10 lakh
2706,Toyota Etios Liva,Toyota,2011,"1,21,836 km",Petrol,Manual,"EMI ₹13,618/m*",₹1.42 lakh
2707,Renault TRIBER,Renault,2023,"83,484 km",Petrol,Manual,"EMI ₹7,538/m*",₹4.27 lakh
2708,Mahindra XUV500,Mahindra,2017,"2,03,798 km",Diesel,Manual,"EMI ₹34,384/m*",₹3.87 lakh
2709,Hyundai Santro Xing,Hyundai,2013,"28,822 km",Petrol,Manual,"EMI ₹5,884/m*",₹1.25 lakh
2710,Honda Amaze,Honda,2017,"1,20,000 km",Petrol,Manual,"EMI ₹5,984/m*",₹2.69 lakh
2711,Hyundai Santro Xing,Hyundai,2011,"1,37,591 km",Petrol,Manual,"EMI ₹5,984/m*",₹0.73 lakh
2712,Hyundai Verna,Hyundai,2011,"1,27,118 km",Petrol,Manual,"EMI ₹5,984/m*",₹1.44 lakh
2713,Tata NEXON,Tata,2024,"11,084 km",Petrol,Auto,"EMI ₹14,554/m*",₹8.50 lakh
2714,Hyundai i20,Hyundai,2011,"96,421 km",Petrol,Manual,"EMI ₹14,554/m*",₹1.35 lakh
2715,Chevrolet Aveo,Chevrolet,2011,"1,00,000 km",Petrol,Manual,"EMI ₹14,554/m*",₹0.48 lakh
2716,Maruti Vitara Brezza,Maruti,2017,"32,158 km",Diesel,Manual,"EMI ₹46,468/m*",₹5.23 lakh
2717,Toyota Corolla Altis,Toyota,2011,"86,226 km",Petrol,Manual,"EMI ₹46,468/m*",₹1.35 lakh
2718,Maruti Wagon R 1.0,Maruti,2012,"1,88,079 km",Petrol,Manual,"EMI ₹11,017/m*",₹1.24 lakh
2719,Maruti Wagon R 1.0,Maruti,2017,"22,507 km",Petrol,Auto,"EMI ₹6,452/m*",₹3.30 lakh
2720,Mahindra TUV300,Mahindra,2017,"24,990 km",Diesel,Manual,"EMI ₹42,470/m*",₹4.78 lakh
2721,Maruti Celerio,Maruti,2019,"1,18,685 km",Petrol,Manual,"EMI ₹6,651/m*",₹2.99 lakh
2722,Hyundai Verna,Hyundai,2018,"80,951 km",Diesel,Manual,"EMI ₹28,432/m*",₹6.04 lakh
2723,Tata Tiago,Tata,2020,"35,169 km",Petrol,Manual,"EMI ₹6,532/m*",₹3.70 lakh
2724,Tata PUNCH,Tata,2024,"4,190 km",Petrol,Auto,"EMI ₹14,468/m*",₹8.45 lakh
2725,Hyundai i10,Hyundai,2011,"36,999 km",Petrol,Manual,"EMI ₹14,468/m*",₹0.94 lakh
2726,Toyota Etios,Toyota,2011,"26,593 km",Petrol,Manual,"EMI ₹14,468/m*",₹1.60 lakh
2727,Maruti Wagon R 1.0,Maruti,2016,"1,23,497 km",Petrol,Manual,"EMI ₹3,782/m*",₹1.70 lakh
2728,Toyota URBAN CRUISER,Toyota,2022,"65,665 km",Petrol,Auto,"EMI ₹10,433/m*",₹5.91 lakh
2729,Tata ALTROZ,Tata,2024,"27,877 km",Petrol,Manual,"EMI ₹11,404/m*",₹6.46 lakh
2730,Maruti Vitara Brezza,Maruti,2018,"1,25,216 km",Diesel,Manual,"EMI ₹24,337/m*",₹5.17 lakh
2731,Maruti Alto,Maruti,2010,"1,02,473 km",Petrol,Manual,"EMI ₹24,337/m*",₹0.73 lakh
2732,Maruti Ritz,Maruti,2013,"1,13,125 km",Petrol,Manual,"EMI ₹6,920/m*",₹1.47 lakh
2733,Maruti Wagon R 1.0,Maruti,2018,"52,085 km",Petrol,Manual,"EMI ₹5,472/m*",₹3.10 lakh
2734,Honda Brio,Honda,2012,"34,981 km",Petrol,Manual,"EMI ₹13,683/m*",₹1.54 lakh
2735,Hyundai Creta,Hyundai,2017,"92,576 km",Petrol,Auto,"EMI ₹15,406/m*",₹7.88 lakh
2736,Hyundai Grand i10,Hyundai,2016,"51,150 km",Petrol,Manual,"EMI ₹6,451/m*",₹2.90 lakh
2737,Hyundai Santro Xing,Hyundai,2013,"95,531 km",Petrol,Manual,"EMI ₹5,131/m*",₹1.09 lakh
2738,Mahindra SCORPIO-N,Mahindra,2023,"60,012 km",Diesel,Auto,"EMI ₹33,440/m*",₹19.53 lakh
2739,Mahindra XUV500,Mahindra,2018,"1,21,348 km",Diesel,Manual,"EMI ₹37,985/m*",₹8.15 lakh
2740,Maruti Ciaz,Maruti,2017,"1,15,797 km",Diesel,Manual,"EMI ₹27,543/m*",₹3.10 lakh
2741,Maruti Ciaz,Maruti,2016,"47,492 km",Petrol,Manual,"EMI ₹9,031/m*",₹4.06 lakh
2742,Tata Tiago,Tata,2022,"1,01,444 km",Petrol,Manual,"EMI ₹10,744/m*",₹4.83 lakh
2743,Maruti Dzire,Maruti,2018,"78,629 km",Petrol,Manual,"EMI ₹8,897/m*",₹5.04 lakh
2744,Maruti Swift,Maruti,2017,"46,406 km",Petrol,Manual,"EMI ₹5,865/m*",₹3.00 lakh
2745,Hyundai Grand i10,Hyundai,2017,"1,31,225 km",Petrol,Manual,"EMI ₹5,850/m*",₹2.63 lakh
2746,Chevrolet Sail,Chevrolet,2013,"6,526 km",Petrol,Manual,"EMI ₹6,873/m*",₹1.46 lakh
2747,Maruti Vitara Brezza,Maruti,2016,"1,01,430 km",Diesel,Manual,"EMI ₹6,873/m*",₹4.51 lakh
2748,Honda Jazz,Honda,2018,"72,739 km",Petrol,Auto,"EMI ₹6,178/m*",₹3.50 lakh
2749,Maruti Wagon R 1.0,Maruti,2016,"29,668 km",Petrol,Manual,"EMI ₹5,895/m*",₹2.65 lakh
2750,Honda City,Honda,2012,"87,789 km",Petrol,Manual,"EMI ₹17,947/m*",₹2.02 lakh
2751,Toyota Etios,Toyota,2016,"93,640 km",Petrol,Manual,"EMI ₹5,761/m*",₹2.59 lakh
2752,Mahindra XUV500,Mahindra,2018,"78,053 km",Diesel,Manual,"EMI ₹43,112/m*",₹9.25 lakh
2753,Hyundai i10,Hyundai,2011,"1,17,033 km",Petrol,Manual,"EMI ₹43,112/m*",₹0.71 lakh
2754,Maruti Ciaz,Maruti,2016,"69,928 km",Petrol,Manual,"EMI ₹8,475/m*",₹3.81 lakh
2755,Honda City,Honda,2012,"2,41,500 km",Petrol,Manual,"EMI ₹13,772/m*",₹1.55 lakh
2756,Maruti Ritz,Maruti,2011,"46,319 km",Petrol,Manual,"EMI ₹13,772/m*",₹0.80 lakh
2757,Honda City,Honda,2011,"93,830 km",Petrol,Manual,"EMI ₹13,772/m*",₹1.65 lakh
2758,Maruti FRONX,Maruti,2024,"61,112 km",Petrol,Manual,"EMI ₹13,681/m*",₹7.75 lakh
2759,Honda Jazz,Honda,2011,"56,154 km",Petrol,Manual,"EMI ₹13,681/m*",₹0.99 lakh
2760,Maruti Swift,Maruti,2015,"51,590 km",Petrol,Manual,"EMI ₹8,301/m*",₹3.15 lakh
2761,Maruti Wagon R 1.0,Maruti,2012,"90,061 km",Petrol,Manual,"EMI ₹9,596/m*",₹1.08 lakh
2762,Maruti Celerio,Maruti,2014,"1,16,571 km",Petrol,Auto,"EMI ₹6,842/m*",₹2.06 lakh
2763,Honda Amaze,Honda,2017,"1,37,452 km",Petrol,Manual,"EMI ₹6,651/m*",₹2.99 lakh
2764,Mahindra SCORPIO-N,Mahindra,2023,"1,13,670 km",Diesel,Auto,"EMI ₹46,551/m*",₹21.41 lakh
2765,Mahindra Scorpio,Mahindra,2017,"44,389 km",Diesel,Manual,"EMI ₹61,039/m*",₹6.87 lakh
2766,Maruti Swift,Maruti,2017,"55,194 km",Diesel,Manual,"EMI ₹28,609/m*",₹3.22 lakh
2767,Hyundai i10,Hyundai,2011,"96,770 km",Petrol,Manual,"EMI ₹28,609/m*",₹1.18 lakh
2768,Maruti Ciaz,Maruti,2017,"39,599 km",Petrol,Manual,"EMI ₹8,055/m*",₹4.12 lakh
2769,Toyota Corolla Altis,Toyota,2011,"63,077 km",Petrol,Manual,"EMI ₹8,055/m*",₹1.84 lakh
2770,Hyundai Eon,Hyundai,2013,"79,115 km",Petrol,Manual,"EMI ₹3,954/m*",₹0.84 lakh
2771,Hyundai Santro Xing,Hyundai,2014,"93,216 km",Petrol,Manual,"EMI ₹6,178/m*",₹1.86 lakh
2772,Honda City,Honda,2015,"81,296 km",Petrol,Manual,"EMI ₹10,455/m*",₹3.97 lakh
2773,Hyundai i20,Hyundai,2011,"58,130 km",Petrol,Manual,"EMI ₹10,455/m*",₹1.06 lakh
2774,Maruti Zen Estilo,Maruti,2011,"1,65,374 km",Petrol,Manual,"EMI ₹10,455/m*",₹0.75 lakh
2775,Tata NEXON,Tata,2018,"1,52,116 km",Petrol,Manual,"EMI ₹8,408/m*",₹3.78 lakh
2776,Hyundai Santro Xing,Hyundai,2011,"68,863 km",Petrol,Manual,"EMI ₹8,408/m*",₹0.76 lakh
2777,Hyundai Elite i20,Hyundai,2019,"64,959 km",Petrol,Manual,"EMI ₹8,279/m*",₹4.69 lakh
2778,Maruti Ritz,Maruti,2011,"61,900 km",Petrol,Manual,"EMI ₹8,279/m*",₹1.28 lakh
2779,Mahindra XUV500,Mahindra,2018,"75,919 km",Diesel,Manual,"EMI ₹36,764/m*",₹7.81 lakh
2780,Hyundai Elite i20,Hyundai,2016,"44,254 km",Petrol,Manual,"EMI ₹6,985/m*",₹3.14 lakh
2781,Skoda Rapid,Skoda,2017,"56,666 km",Petrol,Manual,"EMI ₹9,658/m*",₹4.94 lakh
2782,Honda City,Honda,2012,"70,635 km",Petrol,Manual,"EMI ₹17,770/m*",₹2.00 lakh
2783,Maruti Ertiga,Maruti,2013,"82,331 km",Petrol,Manual,"EMI ₹15,958/m*",₹3.39 lakh
2784,Maruti Ertiga,Maruti,2020,"51,893 km",Petrol,Manual,"EMI ₹12,357/m*",₹7.00 lakh
2785,Ford Figo Aspire,Ford,2016,"1,45,244 km",Diesel,Manual,"EMI ₹12,357/m*",₹2.00 lakh
2786,Ford Ecosport,Ford,2014,"1,62,027 km",Petrol,Auto,"EMI ₹8,802/m*",₹2.65 lakh
2787,Maruti Vitara Brezza,Maruti,2018,"1,70,720 km",Diesel,Manual,"EMI ₹18,547/m*",₹3.94 lakh
2788,Honda City,Honda,2012,"66,742 km",Petrol,Manual,"EMI ₹12,617/m*",₹1.42 lakh
2789,Maruti Dzire,Maruti,2017,"1,25,726 km",Petrol,Auto,"EMI ₹9,044/m*",₹4.07 lakh
2790,Hyundai Grand i10,Hyundai,2016,"53,843 km",Petrol,Manual,"EMI ₹6,228/m*",₹2.80 lakh
2791,Hyundai Santro Xing,Hyundai,2011,"1,54,575 km",Petrol,Manual,"EMI ₹6,228/m*",₹0.84 lakh
2792,Hyundai Santro Xing,Hyundai,2012,"64,258 km",Petrol,Manual,"EMI ₹9,329/m*",₹1.05 lakh
2793,Hyundai i20,Hyundai,2011,"96,356 km",Petrol,Manual,"EMI ₹9,329/m*",₹0.85 lakh
2794,Toyota Innova Crysta,Toyota,2017,"1,60,348 km",Diesel,Manual,"EMI ₹95,010/m*",₹10.75 lakh
2795,Tata NEXON,Tata,2018,"83,137 km",Petrol,Manual,"EMI ₹7,096/m*",₹4.02 lakh
2796,Honda City,Honda,2018,"66,290 km",Petrol,Manual,"EMI ₹8,756/m*",₹4.96 lakh
2797,Mahindra XUV500,Mahindra,2016,"98,898 km",Diesel,Manual,"EMI ₹8,756/m*",₹4.01 lakh
2798,Toyota Etios Liva,Toyota,2011,"1,02,917 km",Petrol,Manual,"EMI ₹8,756/m*",₹1.10 lakh
2799,Maruti Celerio,Maruti,2014,"75,609 km",Petrol,Auto,"EMI ₹7,473/m*",₹2.25 lakh
2800,Maruti Wagon R 1.0,Maruti,2011,"97,231 km",Petrol,Manual,"EMI ₹7,473/m*",₹0.81 lakh
2801,Hyundai Elite i20,Hyundai,2019,"1,12,055 km",Diesel,Manual,"EMI ₹17,072/m*",₹5.14 lakh
2802,Honda Brio,Honda,2013,"70,061 km",Petrol,Manual,"EMI ₹7,014/m*",₹1.49 lakh
2803,Hyundai i20,Hyundai,2011,"94,684 km",Petrol,Manual,"EMI ₹7,014/m*",₹0.79 lakh
2804,Tata ALTROZ,Tata,2021,"1,05,051 km",Diesel,Manual,"EMI ₹9,699/m*",₹4.36 lakh
2805,Maruti Celerio,Maruti,2016,"43,881 km",Petrol,Auto,"EMI ₹8,008/m*",₹3.60 lakh
2806,Maruti Swift,Maruti,2020,"13,860 km",Petrol,Manual,"EMI ₹9,956/m*",₹5.64 lakh
2807,Maruti Baleno,Maruti,2016,"1,13,092 km",Petrol,Manual,"EMI ₹6,896/m*",₹3.10 lakh
2808,Maruti Swift Dzire,Maruti,2011,"46,818 km",Petrol,Manual,"EMI ₹6,896/m*",₹1.03 lakh
2809,Hyundai VENUE,Hyundai,2020,"46,582 km",Petrol,Manual,"EMI ₹9,691/m*",₹5.49 lakh
2810,Ford Figo,Ford,2011,"1,10,228 km",Petrol,Manual,"EMI ₹9,691/m*",₹0.94 lakh
2811,Renault Kwid,Renault,2018,"80,148 km",Petrol,Auto,"EMI ₹3,884/m*",₹2.20 lakh
2812,Honda Brio,Honda,2015,"83,546 km",Petrol,Manual,"EMI ₹5,925/m*",₹2.25 lakh
2813,Hyundai Creta,Hyundai,2025,"10,556 km",Petrol,Manual,"EMI ₹18,852/m*",₹11.01 lakh
2814,Hyundai Verna,Hyundai,2011,"1,42,597 km",Petrol,Manual,"EMI ₹18,852/m*",₹1.41 lakh
2815,Hyundai Grand i10,Hyundai,2016,"36,964 km",Petrol,Manual,"EMI ₹6,807/m*",₹3.06 lakh
2816,Honda City,Honda,2011,"1,25,774 km",Petrol,Auto,"EMI ₹6,807/m*",₹1.29 lakh
2817,Nissan Micra,Nissan,2011,"1,02,570 km",Petrol,Manual,"EMI ₹6,807/m*",₹0.85 lakh
2818,Hyundai Elite i20,Hyundai,2019,"54,913 km",Petrol,Manual,"EMI ₹7,911/m*",₹4.48 lakh
2819,Hyundai NEW I20,Hyundai,2022,"25,224 km",Petrol,Manual,"EMI ₹11,192/m*",₹6.34 lakh
2820,Toyota Etios,Toyota,2011,"1,24,449 km",Petrol,Manual,"EMI ₹11,192/m*",₹1.29 lakh
2821,Tata NEXON,Tata,2021,"53,432 km",Petrol,Manual,"EMI ₹11,121/m*",₹6.30 lakh
2822,Maruti SX4,Maruti,2013,"90,288 km",Petrol,Manual,"EMI ₹7,249/m*",₹1.54 lakh
2823,Renault TRIBER,Renault,2022,"28,760 km",Petrol,Manual,"EMI ₹7,700/m*",₹4.36 lakh
2824,Honda City,Honda,2014,"48,000 km",Petrol,Manual,"EMI ₹9,466/m*",₹2.85 lakh
2825,Maruti Vitara Brezza,Maruti,2021,"1,04,861 km",Petrol,Manual,"EMI ₹11,701/m*",₹5.26 lakh
2826,Honda Brio,Honda,2011,"1,98,983 km",Petrol,Manual,"EMI ₹11,701/m*",₹1.06 lakh
2827,Hyundai Xcent,Hyundai,2015,"1,00,951 km",Petrol,Manual,"EMI ₹4,529/m*",₹1.72 lakh
2828,Hyundai Santro Xing,Hyundai,2011,"44,975 km",Petrol,Manual,"EMI ₹4,529/m*",₹0.87 lakh
2829,Hyundai Elite i20,Hyundai,2015,"1,04,313 km",Petrol,Manual,"EMI ₹7,163/m*",₹2.72 lakh
2830,Honda City,Honda,2015,"1,01,622 km",Petrol,Manual,"EMI ₹8,716/m*",₹3.31 lakh
2831,Tata Harrier,Tata,2022,"43,528 km",Diesel,Manual,"EMI ₹22,993/m*",₹12.08 lakh
2832,Tata NEXON,Tata,2022,"32,133 km",Petrol,Auto,"EMI ₹14,126/m*",₹8.25 lakh
2833,Maruti Wagon R 1.0,Maruti,2011,"2,86,754 km",Petrol,Manual,"EMI ₹14,126/m*",₹0.90 lakh
2834,Maruti Swift,Maruti,2011,"1,02,392 km",Petrol,Manual,"EMI ₹14,126/m*",₹1.10 lakh
2835,Skoda SLAVIA,Skoda,2023,"9,718 km",Petrol,Auto,"EMI ₹22,156/m*",₹12.94 lakh
2836,Hyundai VENUE,Hyundai,2021,"59,347 km",Petrol,Manual,"EMI ₹10,027/m*",₹5.68 lakh
2837,Hyundai Santro Xing,Hyundai,2011,"73,879 km",Petrol,Manual,"EMI ₹10,027/m*",₹0.89 lakh
2838,Skoda Fabia,Skoda,2011,"1,06,314 km",Petrol,Manual,"EMI ₹10,027/m*",₹0.84 lakh
2839,Hyundai Grand i10,Hyundai,2017,"1,10,185 km",Petrol,Manual,"EMI ₹6,651/m*",₹2.99 lakh
2840,Mahindra TUV300,Mahindra,2016,"90,059 km",Diesel,Manual,"EMI ₹6,651/m*",₹4.06 lakh
2841,Maruti SX4,Maruti,2011,"2,10,061 km",Petrol,Manual,"EMI ₹6,651/m*",₹0.90 lakh
2842,Maruti Wagon R 1.0,Maruti,2012,"1,60,733 km",Petrol,Manual,"EMI ₹10,573/m*",₹1.19 lakh
2843,Hyundai Creta,Hyundai,2016,"1,05,680 km",Petrol,Auto,"EMI ₹12,234/m*",₹5.50 lakh
2844,Maruti Wagon R 1.0,Maruti,2010,"72,616 km",Petrol,Manual,"EMI ₹12,234/m*",₹0.72 lakh
2845,Tata Tiago,Tata,2022,"68,016 km",Petrol,Manual,"EMI ₹7,750/m*",₹4.39 lakh
2846,Maruti A Star,Maruti,2010,"79,207 km",Petrol,Manual,"EMI ₹7,750/m*",₹0.63 lakh
2847,Maruti New Wagon-R,Maruti,2019,"1,02,500 km",Petrol,Manual,"EMI ₹7,229/m*",₹3.25 lakh
2848,Mahindra Scorpio,Mahindra,2019,"96,692 km",Diesel,Manual,"EMI ₹27,926/m*",₹8.53 lakh
2849,Maruti Alto,Maruti,2012,"37,728 km",Petrol,Manual,"EMI ₹8,263/m*",₹0.93 lakh
2850,Tata PUNCH,Tata,2022,"51,967 km",Petrol,Manual,"EMI ₹9,338/m*",₹5.29 lakh
2851,Volkswagen Polo,Volkswagen,2011,"1,53,001 km",Petrol,Manual,"EMI ₹9,338/m*",₹1.13 lakh
2852,Maruti Zen Estilo,Maruti,2010,"1,05,042 km",Petrol,Manual,"EMI ₹9,338/m*",₹0.61 lakh
2853,Honda Jazz,Honda,2015,"43,235 km",Petrol,Auto,"EMI ₹7,637/m*",₹2.90 lakh
2854,Honda City,Honda,2011,"82,107 km",Petrol,Manual,"EMI ₹7,637/m*",₹1.45 lakh
2855,Maruti Swift,Maruti,2020,"1,09,748 km",Petrol,Manual,"EMI ₹8,720/m*",₹3.92 lakh
2856,Maruti Baleno,Maruti,2022,"13,275 km",Petrol,Manual,"EMI ₹9,179/m*",₹5.20 lakh
2857,Volkswagen Polo,Volkswagen,2011,"1,26,679 km",Petrol,Manual,"EMI ₹9,179/m*",₹1.11 lakh
2858,Tata Tiago,Tata,2019,"91,932 km",Diesel,Manual,"EMI ₹8,304/m*",₹2.50 lakh
2859,Tata Tiago,Tata,2021,"45,682 km",Petrol,Manual,"EMI ₹6,196/m*",₹3.51 lakh
2860,Hyundai GRAND I10 NIOS,Hyundai,2022,"29,802 km",Petrol,Manual,"EMI ₹8,985/m*",₹5.09 lakh
2861,Maruti Wagon R 1.0,Maruti,2011,"90,119 km",Petrol,Manual,"EMI ₹8,985/m*",₹0.91 lakh
2862,Honda City,Honda,2011,"56,754 km",Petrol,Auto,"EMI ₹8,985/m*",₹1.82 lakh
2863,Hyundai Santro Xing,Hyundai,2012,"1,09,526 km",Petrol,Manual,"EMI ₹8,174/m*",₹0.92 lakh
2864,Maruti Vitara Brezza,Maruti,2016,"96,789 km",Diesel,Manual,"EMI ₹8,174/m*",₹3.16 lakh
2865,Ford New Figo,Ford,2017,"1,05,693 km",Diesel,Manual,"EMI ₹21,235/m*",₹2.39 lakh
2866,Maruti Swift,Maruti,2022,"64,312 km",Petrol,Manual,"EMI ₹8,332/m*",₹4.72 lakh
2867,MG HECTOR,MG,2021,"37,751 km",Petrol,Auto,"EMI ₹14,177/m*",₹8.28 lakh
2868,Maruti Wagon R 1.0,Maruti,2011,"1,28,349 km",Petrol,Manual,"EMI ₹14,177/m*",₹0.90 lakh
2869,Maruti Swift Dzire,Maruti,2017,"98,394 km",Diesel,Manual,"EMI ₹25,322/m*",₹2.85 lakh
2870,Maruti Swift,Maruti,2011,"41,394 km",Petrol,Manual,"EMI ₹25,322/m*",₹0.85 lakh
2871,Hyundai Santro Xing,Hyundai,2013,"86,863 km",Petrol,Manual,"EMI ₹5,319/m*",₹1.13 lakh
2872,Hyundai Santro Xing,Hyundai,2013,"1,13,345 km",Petrol,Manual,"EMI ₹4,472/m*",₹0.95 lakh
2873,Honda City,Honda,2015,"50,905 km",Petrol,Manual,"EMI ₹13,615/m*",₹5.17 lakh
2874,Maruti Baleno,Maruti,2018,"77,373 km",Petrol,Manual,"EMI ₹5,702/m*",₹3.23 lakh
2875,Renault Kwid,Renault,2019,"51,392 km",Petrol,Manual,"EMI ₹4,802/m*",₹2.72 lakh
2876,Maruti Ertiga,Maruti,2012,"1,74,378 km",Petrol,Manual,"EMI ₹23,367/m*",₹2.63 lakh
2877,KIA SELTOS,KIA,2023,"43,506 km",Petrol,Manual,"EMI ₹15,068/m*",₹8.80 lakh
2878,Chevrolet Cruze,Chevrolet,2016,"93,600 km",Diesel,Auto,"EMI ₹15,068/m*",₹3.82 lakh
2879,Maruti Baleno,Maruti,2019,"23,107 km",Petrol,Manual,"EMI ₹7,185/m*",₹4.07 lakh
2880,Maruti Swift,Maruti,2021,"40,847 km",Petrol,Manual,"EMI ₹7,997/m*",₹4.53 lakh
2881,Maruti Eeco,Maruti,2017,"1,19,600 km",Petrol,Manual,"EMI ₹5,383/m*",₹2.42 lakh
2882,Maruti Vitara Brezza,Maruti,2019,"79,181 km",Diesel,Manual,"EMI ₹18,766/m*",₹5.65 lakh
2883,Tata NEXON,Tata,2018,"57,855 km",Diesel,Auto,"EMI ₹21,042/m*",₹4.47 lakh
2884,Ford Figo,Ford,2011,"1,14,108 km",Petrol,Manual,"EMI ₹21,042/m*",₹0.69 lakh
2885,Maruti Swift,Maruti,2019,"30,332 km",Petrol,Manual,"EMI ₹7,908/m*",₹4.48 lakh
2886,Hyundai Accent,Hyundai,2011,"1,16,597 km",Petrol,Manual,"EMI ₹7,908/m*",₹0.75 lakh
2887,Hyundai Santro Xing,Hyundai,2011,"1,20,512 km",Petrol,Manual,"EMI ₹7,908/m*",₹0.63 lakh
2888,Nissan MAGNITE,Nissan,2023,"19,390 km",Petrol,Manual,"EMI ₹8,720/m*",₹4.94 lakh
2889,Nissan Kicks,Nissan,2019,"75,427 km",Diesel,Manual,"EMI ₹14,116/m*",₹4.25 lakh
2890,Maruti Baleno,Maruti,2016,"1,30,795 km",Petrol,Manual,"EMI ₹6,673/m*",₹3.00 lakh
2891,Mahindra MARAZZO,Mahindra,2019,"3,41,397 km",Diesel,Manual,"EMI ₹12,455/m*",₹3.75 lakh
2892,Hyundai Santro Xing,Hyundai,2011,"1,21,551 km",Petrol,Manual,"EMI ₹12,455/m*",₹0.75 lakh
2893,Maruti S Cross,Maruti,2016,"39,180 km",Diesel,Manual,"EMI ₹12,455/m*",₹3.35 lakh
2894,Tata NEXON,Tata,2022,"59,550 km",Petrol,Manual,"EMI ₹15,579/m*",₹9.10 lakh
2895,Maruti Baleno,Maruti,2023,"15,983 km",Petrol,Manual,"EMI ₹12,092/m*",₹6.85 lakh
2896,Hyundai i10,Hyundai,2011,"1,17,222 km",Petrol,Manual,"EMI ₹12,092/m*",₹0.93 lakh
2897,Hyundai VENUE,Hyundai,2024,"12,553 km",Petrol,Manual,"EMI ₹13,852/m*",₹8.09 lakh
2898,Maruti Swift,Maruti,2011,"45,480 km",Petrol,Manual,"EMI ₹13,852/m*",₹1.23 lakh
2899,Renault Duster,Renault,2017,"76,765 km",Diesel,Auto,"EMI ₹43,003/m*",₹4.84 lakh
2900,Tata NEXON,Tata,2025,"15,175 km",Petrol,Manual,"EMI ₹16,164/m*",₹9.44 lakh
2901,Ford Figo Aspire,Ford,2017,"1,49,104 km",Petrol,Manual,"EMI ₹5,361/m*",₹2.41 lakh
2902,Maruti Wagon R 1.0,Maruti,2012,"1,00,173 km",Petrol,Manual,"EMI ₹9,240/m*",₹1.04 lakh
2903,Hyundai AURA,Hyundai,2020,"37,692 km",Petrol,Manual,"EMI ₹8,685/m*",₹4.92 lakh
2904,Hyundai Creta,Hyundai,2025,"6,238 km",Petrol,Auto,"EMI ₹26,728/m*",₹15.61 lakh
2905,Hyundai i10,Hyundai,2011,"87,869 km",Petrol,Manual,"EMI ₹26,728/m*",₹0.91 lakh
2906,Toyota Innova Crysta,Toyota,2016,"85,529 km",Diesel,Manual,"EMI ₹26,728/m*",₹8.65 lakh
2907,Tata TIGOR,Tata,2020,"32,221 km",Petrol,Manual,"EMI ₹7,238/m*",₹4.10 lakh
2908,Renault Kwid,Renault,2016,"97,103 km",Petrol,Manual,"EMI ₹3,581/m*",₹1.61 lakh
2909,Maruti Vitara Brezza,Maruti,2016,"1,06,452 km",Diesel,Manual,"EMI ₹3,581/m*",₹4.75 lakh
2910,Honda City,Honda,2012,"82,417 km",Petrol,Manual,"EMI ₹16,526/m*",₹1.86 lakh
2911,Maruti Swift,Maruti,2011,"1,96,189 km",Petrol,Manual,"EMI ₹16,526/m*",₹1.26 lakh
2912,Honda WR-V,Honda,2017,"1,12,300 km",Petrol,Manual,"EMI ₹6,985/m*",₹3.14 lakh
2913,Maruti Dzire,Maruti,2019,"1,08,934 km",Petrol,Auto,"EMI ₹11,078/m*",₹4.98 lakh
2914,Maruti Baleno,Maruti,2018,"37,500 km",Petrol,Manual,"EMI ₹7,379/m*",₹4.18 lakh
2915,Toyota Corolla Altis,Toyota,2011,"1,19,916 km",Petrol,Manual,"EMI ₹7,379/m*",₹1.64 lakh
2916,Hyundai Eon,Hyundai,2012,"94,507 km",Petrol,Manual,"EMI ₹7,463/m*",₹0.84 lakh
2917,Maruti Wagon R 1.0,Maruti,2012,"2,12,043 km",Petrol,Manual,"EMI ₹11,195/m*",₹1.26 lakh
2918,Hyundai Santro Xing,Hyundai,2012,"73,457 km",Petrol,Manual,"EMI ₹8,085/m*",₹0.91 lakh
2919,Toyota Glanza,Toyota,2022,"16,926 km",Petrol,Manual,"EMI ₹9,568/m*",₹5.42 lakh
2920,Mahindra Scorpio,Mahindra,2021,"44,273 km",Diesel,Manual,"EMI ₹25,460/m*",₹11.71 lakh
2921,Maruti Dzire,Maruti,2018,"1,81,005 km",Petrol,Auto,"EMI ₹10,766/m*",₹4.84 lakh
2922,Maruti Swift Dzire,Maruti,2011,"1,10,454 km",Petrol,Manual,"EMI ₹10,766/m*",₹1.03 lakh
2923,Maruti Alto 800,Maruti,2015,"1,38,426 km",Petrol,Manual,"EMI ₹4,240/m*",₹1.61 lakh
2924,Maruti Wagon R 1.0,Maruti,2012,"84,368 km",Petrol,Manual,"EMI ₹12,528/m*",₹1.41 lakh
2925,Maruti Ciaz,Maruti,2016,"1,03,870 km",Petrol,Manual,"EMI ₹8,275/m*",₹3.72 lakh
2926,Maruti Swift,Maruti,2021,"97,621 km",Petrol,Manual,"EMI ₹8,209/m*",₹4.65 lakh
2927,Tata Tiago,Tata,2018,"1,51,121 km",Petrol,Manual,"EMI ₹5,517/m*",₹2.48 lakh
2928,Maruti Alto K10,Maruti,2011,"84,159 km",Petrol,Manual,"EMI ₹5,517/m*",₹0.88 lakh
2929,Honda Brio,Honda,2011,"81,013 km",Petrol,Manual,"EMI ₹5,517/m*",₹1.14 lakh
2930,Ford Ecosport,Ford,2016,"55,770 km",Petrol,Manual,"EMI ₹7,341/m*",₹3.30 lakh
2931,Mahindra XUV700,Mahindra,2022,"30,874 km",Diesel,Auto,"EMI ₹35,384/m*",₹18.59 lakh
2932,Mahindra XUV300,Mahindra,2019,"44,034 km",Diesel,Manual,"EMI ₹19,929/m*",₹6.00 lakh
2933,Maruti Baleno,Maruti,2017,"52,905 km",Petrol,Manual,"EMI ₹8,621/m*",₹4.41 lakh
2934,Maruti Wagon R 1.0,Maruti,2011,"1,18,951 km",Petrol,Manual,"EMI ₹8,621/m*",₹0.85 lakh
2935,Maruti Swift Dzire,Maruti,2021,"1,07,089 km",Petrol,Manual,"EMI ₹8,831/m*",₹3.97 lakh
2936,Tata TIGOR,Tata,2021,"92,239 km",Petrol,Manual,"EMI ₹6,902/m*",₹3.91 lakh
2937,Hyundai i20,Hyundai,2010,"1,45,682 km",Petrol,Manual,"EMI ₹6,902/m*",₹1.84 lakh
2938,Maruti JIMNY,Maruti,2023,"62,343 km",Petrol,Manual,"EMI ₹16,609/m*",₹9.70 lakh
2939,Maruti Ciaz,Maruti,2016,"1,11,785 km",Diesel,Manual,"EMI ₹16,609/m*",₹3.37 lakh
2940,Hyundai i20,Hyundai,2011,"88,116 km",Petrol,Manual,"EMI ₹16,609/m*",₹0.75 lakh
2941,Jeep Compass,Jeep,2017,"59,245 km",Diesel,Manual,"EMI ₹64,860/m*",₹7.30 lakh
2942,Renault Kwid,Renault,2019,"12,284 km",Petrol,Manual,"EMI ₹5,296/m*",₹3.00 lakh
2943,Hyundai Verna,Hyundai,2019,"67,663 km",Petrol,Manual,"EMI ₹11,668/m*",₹6.61 lakh
2944,Hyundai Grand i10,Hyundai,2016,"64,617 km",Petrol,Manual,"EMI ₹6,740/m*",₹3.03 lakh
2945,Maruti Vitara Brezza,Maruti,2018,"1,92,758 km",Diesel,Manual,"EMI ₹23,725/m*",₹5.04 lakh
2946,Hyundai i20,Hyundai,2011,"78,850 km",Petrol,Manual,"EMI ₹23,725/m*",₹0.82 lakh
2947,Maruti Celerio,Maruti,2019,"1,80,173 km",Petrol,Manual,"EMI ₹7,051/m*",₹3.17 lakh
2948,Honda City,Honda,2015,"81,425 km",Petrol,Auto,"EMI ₹9,138/m*",₹3.47 lakh
2949,Hyundai i10,Hyundai,2011,"81,847 km",Petrol,Manual,"EMI ₹9,138/m*",₹1.10 lakh
2950,Maruti Baleno,Maruti,2015,"1,72,802 km",Petrol,Manual,"EMI ₹7,558/m*",₹2.87 lakh
2951,Honda City,Honda,2012,"99,455 km",Petrol,Manual,"EMI ₹14,927/m*",₹1.68 lakh
2952,Honda City,Honda,2011,"96,647 km",Petrol,Manual,"EMI ₹14,927/m*",₹1.29 lakh
2953,Honda City,Honda,2012,"77,206 km",Petrol,Manual,"EMI ₹15,104/m*",₹1.70 lakh
2954,Maruti Wagon R 1.0,Maruti,2014,"1,55,261 km",Petrol,Manual,"EMI ₹4,982/m*",₹1.50 lakh
2955,Maruti Eeco,Maruti,2019,"86,998 km",Petrol,Manual,"EMI ₹5,119/m*",₹2.90 lakh
2956,Hyundai i20,Hyundai,2011,"76,048 km",Petrol,Manual,"EMI ₹5,119/m*",₹0.95 lakh
2957,Hyundai Grand i10,Hyundai,2017,"1,19,845 km",Petrol,Manual,"EMI ₹5,539/m*",₹2.49 lakh
2958,Hyundai i10,Hyundai,2011,"1,21,154 km",Petrol,Manual,"EMI ₹5,539/m*",₹0.77 lakh
2959,Maruti Celerio,Maruti,2016,"1,60,956 km",Petrol,Manual,"EMI ₹5,339/m*",₹2.40 lakh
2960,Maruti Baleno,Maruti,2016,"67,974 km",Petrol,Manual,"EMI ₹7,852/m*",₹3.53 lakh
2961,Maruti Baleno,Maruti,2016,"1,20,009 km",Petrol,Manual,"EMI ₹6,584/m*",₹2.96 lakh
2962,Maruti Wagon R 1.0,Maruti,2011,"27,336 km",Petrol,Manual,"EMI ₹6,584/m*",₹1.03 lakh
2963,Ford Figo Aspire,Ford,2019,"92,538 km",Petrol,Manual,"EMI ₹5,755/m*",₹3.26 lakh
2964,Maruti Ciaz,Maruti,2017,"56,641 km",Petrol,Manual,"EMI ₹9,091/m*",₹4.65 lakh
2965,Mahindra XUV700,Mahindra,2023,"85,037 km",Diesel,Auto,"EMI ₹33,697/m*",₹19.68 lakh
2966,Honda City,Honda,2011,"85,658 km",Petrol,Manual,"EMI ₹33,697/m*",₹1.55 lakh
2967,Tata Harrier,Tata,2022,"59,400 km",Diesel,Auto,"EMI ₹26,115/m*",₹13.72 lakh
2968,Maruti Ertiga,Maruti,2017,"94,629 km",Petrol,Manual,"EMI ₹11,261/m*",₹5.76 lakh
2969,Tata NEXON,Tata,2018,"1,54,555 km",Diesel,Auto,"EMI ₹19,263/m*",₹4.09 lakh
2970,Mahindra XUV300,Mahindra,2023,"1,903 km",Petrol,Manual,"EMI ₹11,474/m*",₹6.50 lakh
2971,Hyundai Elite i20,Hyundai,2015,"65,488 km",Petrol,Manual,"EMI ₹7,637/m*",₹2.90 lakh
2972,Hyundai AURA,Hyundai,2021,"97,426 km",Petrol,Manual,"EMI ₹8,509/m*",₹4.82 lakh
2973,Hyundai Verna,Hyundai,2024,"15,938 km",Petrol,Auto,"EMI ₹25,684/m*",₹15.00 lakh
2974,Hyundai Grand i10,Hyundai,2015,"44,764 km",Petrol,Manual,"EMI ₹7,900/m*",₹3.00 lakh
2975,Honda Amaze,Honda,2016,"72,256 km",Petrol,Manual,"EMI ₹5,361/m*",₹2.41 lakh
2976,Honda Jazz,Honda,2015,"61,812 km",Petrol,Manual,"EMI ₹8,084/m*",₹3.07 lakh
2977,Tata Tiago,Tata,2023,"27,931 km",Petrol,Manual,"EMI ₹7,079/m*",₹4.01 lakh
2978,Maruti New Wagon-R,Maruti,2021,"1,06,849 km",Petrol,Manual,"EMI ₹8,230/m*",₹3.70 lakh
2979,Mahindra Scorpio,Mahindra,2019,"65,745 km",Diesel,Manual,"EMI ₹37,650/m*",₹11.50 lakh
2980,Hyundai Creta,Hyundai,2018,"94,392 km",Diesel,Manual,"EMI ₹19,677/m*",₹4.18 lakh
2981,Hyundai Santro Xing,Hyundai,2013,"45,305 km",Petrol,Manual,"EMI ₹7,155/m*",₹1.52 lakh
2982,Tata Indica EV2 Xeta,Tata,2011,"44,738 km",Petrol,Manual,"EMI ₹7,155/m*",₹0.89 lakh
2983,Hyundai Santro Xing,Hyundai,2013,"60,291 km",Petrol,Manual,"EMI ₹8,379/m*",₹1.78 lakh
2984,Nissan MAGNITE,Nissan,2024,"14,440 km",Petrol,Auto,"EMI ₹11,121/m*",₹6.30 lakh
2985,Toyota Innova Crysta,Toyota,2021,"41,094 km",Diesel,Manual,"EMI ₹33,701/m*",₹15.50 lakh
2986,Maruti Swift,Maruti,2015,"47,375 km",Petrol,Manual,"EMI ₹7,874/m*",₹2.99 lakh
2987,Hyundai GRAND I10 NIOS,Hyundai,2019,"39,599 km",Petrol,Manual,"EMI ₹7,432/m*",₹4.21 lakh
2988,Toyota Etios,Toyota,2011,"68,740 km",Petrol,Manual,"EMI ₹7,432/m*",₹0.99 lakh
2989,Maruti Ritz,Maruti,2011,"46,487 km",Petrol,Manual,"EMI ₹7,432/m*",₹0.73 lakh
2990,Maruti SX4,Maruti,2014,"1,07,518 km",Petrol,Manual,"EMI ₹5,480/m*",₹1.65 lakh
2991,Maruti Eeco,Maruti,2011,"48,235 km",Petrol,Manual,"EMI ₹5,480/m*",₹1.09 lakh
2992,Maruti Alto K10,Maruti,2016,"48,047 km",Petrol,Manual,"EMI ₹5,539/m*",₹2.49 lakh
2993,Maruti Celerio,Maruti,2014,"1,96,106 km",Petrol,Manual,"EMI ₹5,879/m*",₹1.77 lakh
2994,Hyundai i10,Hyundai,2011,"21,211 km",Petrol,Manual,"EMI ₹5,879/m*",₹1.00 lakh
2995,Maruti Alto K10,Maruti,2011,"32,342 km",Petrol,Manual,"EMI ₹5,879/m*",₹1.27 lakh
2996,Maruti Baleno,Maruti,2016,"95,044 km",Petrol,Manual,"EMI ₹6,540/m*",₹2.94 lakh
2997,Nissan Sunny,Nissan,2011,"85,734 km",Petrol,Manual,"EMI ₹6,540/m*",₹0.85 lakh
2998,Maruti Swift,Maruti,2011,"1,15,972 km",Petrol,Manual,"EMI ₹6,540/m*",₹1.05 lakh
2999,Maruti Baleno,Maruti,2021,"53,433 km",Petrol,Manual,"EMI ₹7,414/m*",₹4.20 lakh
3000,Maruti Wagon R 1.0,Maruti,2017,"37,315 km",Petrol,Auto,"EMI ₹5,982/m*",₹3.06 lakh
3001,Maruti Baleno,Maruti,2023,"47,885 km",Petrol,Manual,"EMI ₹11,615/m*",₹6.58 lakh
3002,Maruti Swift Dzire,Maruti,2012,"2,32,312 km",Petrol,Manual,"EMI ₹11,995/m*",₹1.35 lakh
3003,Hyundai Santro Xing,Hyundai,2012,"1,25,112 km",Petrol,Manual,"EMI ₹8,085/m*",₹0.91 lakh
3004,Hyundai i20,Hyundai,2011,"54,716 km",Petrol,Manual,"EMI ₹8,085/m*",₹0.94 lakh
3005,Maruti Eeco,Maruti,2012,"1,39,299 km",Petrol,Manual,"EMI ₹10,306/m*",₹1.16 lakh
3006,Hyundai GRAND I10 NIOS,Hyundai,2021,"41,267 km",Petrol,Auto,"EMI ₹8,562/m*",₹4.85 lakh
3007,Maruti Ciaz,Maruti,2017,"40,224 km",Petrol,Manual,"EMI ₹8,016/m*",₹4.10 lakh
3008,Volkswagen Polo,Volkswagen,2011,"42,872 km",Petrol,Manual,"EMI ₹8,016/m*",₹1.14 lakh
3009,Maruti Swift Dzire,Maruti,2011,"96,603 km",Petrol,Manual,"EMI ₹8,016/m*",₹1.16 lakh
3010,Maruti Ertiga,Maruti,2023,"71,365 km",Petrol,Manual,"EMI ₹14,879/m*",₹8.69 lakh
3011,Honda City,Honda,2011,"83,273 km",Petrol,Manual,"EMI ₹14,879/m*",₹1.23 lakh
3012,Tata NEXON,Tata,2019,"87,044 km",Diesel,Manual,"EMI ₹14,448/m*",₹4.35 lakh
3013,Honda City,Honda,2011,"1,07,447 km",Petrol,Manual,"EMI ₹14,448/m*",₹1.32 lakh
3014,Volvo XC 60,Volvo,2018,"2,57,641 km",Diesel,Auto,"EMI ₹97,131/m*",₹20.84 lakh
3015,Maruti Swift Dzire,Maruti,2011,"87,889 km",Petrol,Manual,"EMI ₹97,131/m*",₹0.90 lakh
3016,Hyundai NEW I20,Hyundai,2021,"40,476 km",Petrol,Auto,"EMI ₹11,510/m*",₹6.52 lakh
3017,Maruti Vitara Brezza,Maruti,2019,"1,44,380 km",Diesel,Manual,"EMI ₹16,541/m*",₹4.98 lakh
3018,Renault Duster,Renault,2017,"39,077 km",Diesel,Auto,"EMI ₹35,540/m*",₹4.00 lakh
3019,Hyundai Grand i10,Hyundai,2014,"79,621 km",Petrol,Manual,"EMI ₹6,909/m*",₹2.08 lakh
3020,Honda Amaze,Honda,2017,"81,598 km",Petrol,Manual,"EMI ₹5,474/m*",₹2.80 lakh
3021,Hyundai Santro Xing,Hyundai,2012,"82,549 km",Petrol,Manual,"EMI ₹9,773/m*",₹1.10 lakh
3022,Hyundai Creta,Hyundai,2018,"59,206 km",Petrol,Manual,"EMI ₹9,709/m*",₹5.50 lakh
3023,Ford Ecosport,Ford,2017,"51,219 km",Diesel,Manual,"EMI ₹8,942/m*",₹4.02 lakh
3024,Maruti Swift Dzire,Maruti,2011,"1,05,033 km",Petrol,Manual,"EMI ₹8,942/m*",₹0.99 lakh
3025,Hyundai Creta,Hyundai,2017,"1,31,280 km",Diesel,Manual,"EMI ₹61,928/m*",₹6.97 lakh
3026,Honda City,Honda,2011,"49,104 km",Petrol,Manual,"EMI ₹61,928/m*",₹1.58 lakh
3027,Hyundai i10,Hyundai,2011,"73,870 km",Petrol,Manual,"EMI ₹61,928/m*",₹0.81 lakh
3028,Ford FREESTYLE,Ford,2021,"65,531 km",Petrol,Manual,"EMI ₹7,891/m*",₹4.47 lakh
3029,Hyundai Santro Xing,Hyundai,2013,"1,75,000 km",Petrol,Manual,"EMI ₹4,566/m*",₹0.97 lakh
3030,Hyundai i20 Active,Hyundai,2017,"1,11,412 km",Petrol,Manual,"EMI ₹7,363/m*",₹3.31 lakh
3031,Tata ALTROZ,Tata,2020,"10,448 km",Petrol,Manual,"EMI ₹7,644/m*",₹4.33 lakh
3032,Honda City,Honda,2015,"1,04,436 km",Petrol,Manual,"EMI ₹8,374/m*",₹3.18 lakh
3033,Maruti Vitara Brezza,Maruti,2019,"58,622 km",Diesel,Auto,"EMI ₹16,375/m*",₹4.93 lakh
3034,Maruti Swift Dzire,Maruti,2015,"38,526 km",Petrol,Manual,"EMI ₹9,217/m*",₹3.50 lakh
3035,Hyundai i10,Hyundai,2011,"1,15,906 km",Petrol,Manual,"EMI ₹9,217/m*",₹0.64 lakh
3036,Maruti Swift Dzire,Maruti,2011,"79,349 km",Petrol,Manual,"EMI ₹9,217/m*",₹1.02 lakh
3037,Ford Ecosport,Ford,2019,"94,219 km",Diesel,Manual,"EMI ₹13,286/m*",₹4.00 lakh
3038,Honda Amaze,Honda,2016,"41,072 km",Petrol,Manual,"EMI ₹7,363/m*",₹3.31 lakh
3039,Hyundai Elite i20,Hyundai,2016,"41,810 km",Petrol,Manual,"EMI ₹7,474/m*",₹3.36 lakh
3040,Hyundai Elite i20,Hyundai,2018,"1,00,384 km",Petrol,Manual,"EMI ₹8,030/m*",₹3.61 lakh
3041,Honda Amaze,Honda,2018,"49,331 km",Petrol,Auto,"EMI ₹6,708/m*",₹3.80 lakh
3042,Honda City,Honda,2012,"87,386 km",Petrol,Manual,"EMI ₹13,327/m*",₹1.50 lakh
3043,Maruti Swift,Maruti,2011,"1,91,795 km",Petrol,Manual,"EMI ₹13,327/m*",₹1.04 lakh
3044,Hyundai AURA,Hyundai,2021,"75,139 km",Petrol,Manual,"EMI ₹10,768/m*",₹6.10 lakh
3045,Hyundai i10,Hyundai,2010,"1,19,931 km",Petrol,Manual,"EMI ₹10,768/m*",₹0.68 lakh
3046,Maruti SX4,Maruti,2011,"1,27,222 km",Petrol,Manual,"EMI ₹10,768/m*",₹0.82 lakh
3047,Honda City,Honda,2017,"83,986 km",Diesel,Manual,"EMI ₹46,734/m*",₹5.26 lakh
3048,Honda City,Honda,2015,"1,13,515 km",Petrol,Manual,"EMI ₹8,769/m*",₹3.33 lakh
3049,Hyundai NEW I20,Hyundai,2022,"98,831 km",Diesel,Manual,"EMI ₹12,512/m*",₹6.40 lakh
3050,Hyundai Grand i10,Hyundai,2019,"91,750 km",Petrol,Manual,"EMI ₹7,803/m*",₹4.42 lakh
3051,Volkswagen VIRTUS,Volkswagen,2023,"14,814 km",Petrol,Auto,"EMI ₹21,745/m*",₹12.70 lakh
3052,Hyundai i10,Hyundai,2011,"97,565 km",Petrol,Auto,"EMI ₹21,745/m*",₹1.20 lakh
3053,Maruti Swift Dzire,Maruti,2011,"52,845 km",Petrol,Manual,"EMI ₹21,745/m*",₹0.90 lakh
3054,Maruti Ertiga,Maruti,2021,"31,312 km",Petrol,Manual,"EMI ₹13,869/m*",₹8.10 lakh
3055,Maruti Swift Dzire,Maruti,2017,"70,988 km",Diesel,Manual,"EMI ₹39,449/m*",₹4.44 lakh
3056,Maruti FRONX,Maruti,2023,"24,683 km",Petrol,Manual,"EMI ₹11,157/m*",₹6.32 lakh
3057,Chevrolet Beat,Chevrolet,2011,"1,03,481 km",Petrol,Manual,"EMI ₹11,157/m*",₹0.64 lakh
3058,Toyota Etios,Toyota,2011,"94,092 km",Petrol,Manual,"EMI ₹11,157/m*",₹0.85 lakh
3059,Nissan Sunny,Nissan,2011,"1,12,067 km",Petrol,Manual,"EMI ₹11,157/m*",₹0.97 lakh
3060,Tata Harrier,Tata,2019,"51,679 km",Diesel,Manual,"EMI ₹26,505/m*",₹7.98 lakh
3061,Honda Jazz,Honda,2016,"1,33,212 km",Diesel,Manual,"EMI ₹26,505/m*",₹2.55 lakh
3062,Jeep Compass,Jeep,2017,"1,07,202 km",Petrol,Auto,"EMI ₹17,351/m*",₹7.80 lakh
3063,Toyota Corolla Altis,Toyota,2011,"47,844 km",Petrol,Manual,"EMI ₹17,351/m*",₹1.88 lakh
3064,Hyundai Santro Xing,Hyundai,2012,"1,10,442 km",Petrol,Manual,"EMI ₹8,352/m*",₹0.94 lakh
3065,Mahindra XUV500,Mahindra,2017,"1,61,558 km",Diesel,Manual,"EMI ₹48,778/m*",₹5.49 lakh
3066,Mahindra XUV500,Mahindra,2016,"1,18,730 km",Diesel,Manual,"EMI ₹48,778/m*",₹3.73 lakh
3067,Hyundai i10,Hyundai,2010,"1,29,228 km",Petrol,Manual,"EMI ₹48,778/m*",₹0.60 lakh
3068,Tata Harrier,Tata,2019,"59,646 km",Diesel,Manual,"EMI ₹24,977/m*",₹7.52 lakh
3069,Ford FREESTYLE,Ford,2019,"65,297 km",Diesel,Manual,"EMI ₹15,378/m*",₹4.63 lakh
3070,Mahindra XUV500,Mahindra,2017,"99,166 km",Diesel,Manual,"EMI ₹54,287/m*",₹6.11 lakh
3071,Maruti Dzire,Maruti,2019,"84,386 km",Petrol,Manual,"EMI ₹7,855/m*",₹4.45 lakh
3072,Hyundai Verna,Hyundai,2019,"99,736 km",Petrol,Auto,"EMI ₹12,357/m*",₹7.00 lakh
3073,Tata NEXON,Tata,2025,"6,889 km",Petrol,Auto,"EMI ₹18,835/m*",₹11.00 lakh
3074,Maruti Dzire,Maruti,2017,"94,542 km",Petrol,Manual,"EMI ₹6,764/m*",₹3.46 lakh
3075,Hyundai i10,Hyundai,2013,"1,19,275 km",Petrol,Manual,"EMI ₹6,496/m*",₹1.38 lakh
3076,Renault TRIBER,Renault,2024,"10,341 km",Petrol,Manual,"EMI ₹11,898/m*",₹6.74 lakh
3077,Honda Amaze,Honda,2017,"1,04,221 km",Diesel,Manual,"EMI ₹24,167/m*",₹2.72 lakh
3078,Maruti Wagon R 1.0,Maruti,2014,"45,015 km",Petrol,Manual,"EMI ₹10,296/m*",₹3.10 lakh
3079,Ford Ecosport,Ford,2016,"86,925 km",Petrol,Auto,"EMI ₹10,277/m*",₹4.62 lakh
3080,Honda Amaze,Honda,2016,"91,709 km",Petrol,Manual,"EMI ₹5,784/m*",₹2.60 lakh
3081,Hyundai Grand i10,Hyundai,2017,"1,81,463 km",Petrol,Manual,"EMI ₹6,451/m*",₹2.90 lakh
3082,Hyundai i20,Hyundai,2011,"91,898 km",Petrol,Manual,"EMI ₹6,451/m*",₹0.80 lakh
3083,Maruti Swift,Maruti,2015,"1,38,328 km",Petrol,Manual,"EMI ₹9,112/m*",₹3.46 lakh
3084,Hyundai Grand i10,Hyundai,2015,"90,676 km",Petrol,Manual,"EMI ₹6,741/m*",₹2.56 lakh
3085,Maruti Swift,Maruti,2011,"83,993 km",Petrol,Manual,"EMI ₹6,741/m*",₹0.98 lakh
3086,Renault Duster,Renault,2014,"53,909 km",Petrol,Manual,"EMI ₹8,603/m*",₹2.59 lakh
3087,Maruti Baleno,Maruti,2021,"45,486 km",Petrol,Manual,"EMI ₹8,314/m*",₹4.71 lakh
3088,Tata Tiago,Tata,2017,"44,123 km",Petrol,Manual,"EMI ₹6,197/m*",₹3.17 lakh
3089,Toyota Etios,Toyota,2011,"63,392 km",Petrol,Manual,"EMI ₹6,197/m*",₹1.18 lakh
3090,Volkswagen Polo,Volkswagen,2011,"1,05,480 km",Petrol,Manual,"EMI ₹6,197/m*",₹1.16 lakh
3091,Maruti Alto K10,Maruti,2010,"99,999 km",Petrol,Manual,"EMI ₹6,197/m*",₹0.72 lakh
3092,Hyundai i20,Hyundai,2011,"83,580 km",Petrol,Manual,"EMI ₹6,197/m*",₹0.93 lakh
3093,Hyundai Santro Xing,Hyundai,2013,"98,917 km",Petrol,Manual,"EMI ₹4,425/m*",₹0.94 lakh
3094,Maruti Baleno,Maruti,2016,"92,195 km",Petrol,Manual,"EMI ₹6,451/m*",₹2.90 lakh
3095,Mahindra XUV500,Mahindra,2018,"48,322 km",Diesel,Manual,"EMI ₹38,451/m*",₹8.25 lakh
3096,Maruti Swift Dzire,Maruti,2011,"1,13,281 km",Petrol,Manual,"EMI ₹38,451/m*",₹0.88 lakh
3097,Maruti Swift,Maruti,2017,"62,465 km",Diesel,Manual,"EMI ₹32,252/m*",₹3.63 lakh
3098,Ford Ecosport,Ford,2016,"1,26,250 km",Petrol,Auto,"EMI ₹8,164/m*",₹3.67 lakh
3099,Maruti Wagon R 1.0,Maruti,2012,"90,008 km",Petrol,Manual,"EMI ₹11,995/m*",₹1.35 lakh
3100,Honda Brio,Honda,2012,"90,979 km",Petrol,Manual,"EMI ₹10,306/m*",₹1.16 lakh
3101,Maruti Eeco,Maruti,2015,"61,416 km",Petrol,Manual,"EMI ₹4,608/m*",₹1.75 lakh
3102,Maruti Ertiga,Maruti,2022,"1,24,326 km",Petrol,Manual,"EMI ₹19,960/m*",₹9.18 lakh
3103,Maruti Ciaz,Maruti,2019,"57,283 km",Petrol,Manual,"EMI ₹8,985/m*",₹5.09 lakh
3104,Hyundai i10,Hyundai,2011,"28,559 km",Petrol,Manual,"EMI ₹8,985/m*",₹0.78 lakh
3105,Maruti Swift,Maruti,2013,"3,732 km",Petrol,Manual,"EMI ₹14,357/m*",₹3.05 lakh
3106,Skoda SLAVIA,Skoda,2023,"42,028 km",Petrol,Auto,"EMI ₹19,400/m*",₹11.33 lakh
3107,Tata NEXON,Tata,2023,"70,250 km",Petrol,Auto,"EMI ₹18,201/m*",₹10.63 lakh
3108,Maruti Wagon R 1.0,Maruti,2011,"30,497 km",Petrol,Manual,"EMI ₹18,201/m*",₹0.86 lakh
3109,Hyundai i10,Hyundai,2011,"45,972 km",Petrol,Manual,"EMI ₹18,201/m*",₹0.93 lakh
3110,Toyota Corolla Altis,Toyota,2014,"1,85,972 km",Petrol,Manual,"EMI ₹9,134/m*",₹2.75 lakh
3111,Maruti Dzire,Maruti,2018,"95,150 km",Petrol,Manual,"EMI ₹6,267/m*",₹3.55 lakh
3112,Hyundai i20 Active,Hyundai,2015,"1,35,600 km",Diesel,Manual,"EMI ₹6,267/m*",₹2.63 lakh
3113,Skoda Fabia,Skoda,2012,"1,05,640 km",Petrol,Manual,"EMI ₹7,730/m*",₹0.87 lakh
3114,Honda City,Honda,2011,"1,06,695 km",Petrol,Manual,"EMI ₹7,730/m*",₹1.20 lakh
3115,Maruti Swift Dzire,Maruti,2011,"1,08,824 km",Petrol,Manual,"EMI ₹7,730/m*",₹1.39 lakh
3116,Honda Amaze,Honda,2020,"48,971 km",Petrol,Manual,"EMI ₹7,414/m*",₹4.20 lakh
3117,Maruti Ciaz,Maruti,2019,"42,718 km",Petrol,Auto,"EMI ₹9,938/m*",₹5.63 lakh
3118,Honda Amaze,Honda,2019,"15,014 km",Petrol,Manual,"EMI ₹8,526/m*",₹4.83 lakh
3119,Maruti Dzire,Maruti,2019,"45,587 km",Petrol,Manual,"EMI ₹8,791/m*",₹4.98 lakh
3120,Honda City,Honda,2015,"1,45,255 km",Petrol,Auto,"EMI ₹9,259/m*",₹3.52 lakh
3121,Toyota URBAN CRUISER HYRYDER,Toyota,2022,"15,137 km",Petrol,Auto,"EMI ₹23,115/m*",₹13.50 lakh
3122,Hyundai Santro Xing,Hyundai,2010,"1,94,630 km",Petrol,Manual,"EMI ₹23,115/m*",₹0.63 lakh
3123,Hyundai i10,Hyundai,2011,"85,818 km",Petrol,Manual,"EMI ₹23,115/m*",₹0.72 lakh
3124,Maruti Baleno,Maruti,2017,"72,594 km",Petrol,Manual,"EMI ₹6,158/m*",₹3.15 lakh
3125,Maruti Celerio,Maruti,2018,"1,22,986 km",Petrol,Manual,"EMI ₹7,140/m*",₹3.21 lakh
3126,Tata NEXON,Tata,2019,"65,073 km",Diesel,Manual,"EMI ₹14,282/m*",₹4.30 lakh
3127,Maruti Swift,Maruti,2011,"1,07,641 km",Petrol,Manual,"EMI ₹14,282/m*",₹1.33 lakh
3128,MG ASTOR,MG,2023,"16,086 km",Petrol,Auto,"EMI ₹19,691/m*",₹11.50 lakh
3129,Maruti Wagon R 1.0,Maruti,2017,"79,487 km",Petrol,Manual,"EMI ₹4,203/m*",₹2.15 lakh
3130,Renault Scala,Renault,2013,"1,17,060 km",Petrol,Manual,"EMI ₹6,449/m*",₹1.37 lakh
3131,Maruti Ritz,Maruti,2011,"1,03,215 km",Petrol,Manual,"EMI ₹6,449/m*",₹0.81 lakh
3132,Maruti SX4,Maruti,2010,"3,27,000 km",Petrol,Manual,"EMI ₹6,449/m*",₹0.77 lakh
3133,Hyundai Santro Xing,Hyundai,2012,"92,511 km",Petrol,Manual,"EMI ₹7,463/m*",₹0.84 lakh
3134,Hyundai Creta,Hyundai,2017,"66,746 km",Petrol,Manual,"EMI ₹11,100/m*",₹4.99 lakh
3135,Hyundai VENUE,Hyundai,2019,"48,241 km",Petrol,Auto,"EMI ₹9,921/m*",₹5.62 lakh
3136,Mahindra Thar,Mahindra,2022,"57,675 km",Petrol,Auto,"EMI ₹22,567/m*",₹13.18 lakh
3137,Renault Duster,Renault,2013,"81,874 km",Petrol,Manual,"EMI ₹7,532/m*",₹1.60 lakh
3138,Hyundai Creta,Hyundai,2017,"70,000 km",Petrol,Manual,"EMI ₹11,359/m*",₹5.81 lakh
3139,Hyundai Verna,Hyundai,2011,"1,30,367 km",Petrol,Manual,"EMI ₹11,359/m*",₹1.40 lakh
3140,Ford Ecosport,Ford,2016,"74,021 km",Diesel,Manual,"EMI ₹11,359/m*",₹4.05 lakh
3141,Maruti New Wagon-R,Maruti,2019,"39,772 km",Petrol,Manual,"EMI ₹6,178/m*",₹3.50 lakh
3142,Honda City,Honda,2014,"26,622 km",Petrol,Manual,"EMI ₹9,931/m*",₹2.99 lakh
3143,Maruti Vitara Brezza,Maruti,2017,"1,52,131 km",Diesel,Manual,"EMI ₹34,029/m*",₹3.83 lakh
3144,Ford Ecosport,Ford,2016,"1,18,024 km",Petrol,Manual,"EMI ₹9,254/m*",₹4.16 lakh
3145,Hyundai i20,Hyundai,2011,"82,317 km",Petrol,Manual,"EMI ₹9,254/m*",₹0.92 lakh
3146,Hyundai i20,Hyundai,2011,"76,089 km",Petrol,Manual,"EMI ₹9,254/m*",₹0.93 lakh
3147,Maruti Alto K10,Maruti,2019,"28,754 km",Petrol,Manual,"EMI ₹4,855/m*",₹2.75 lakh
3148,Honda City,Honda,2011,"91,801 km",Petrol,Manual,"EMI ₹4,855/m*",₹1.25 lakh
3149,Honda Brio,Honda,2012,"1,18,836 km",Petrol,Manual,"EMI ₹11,995/m*",₹1.35 lakh
3150,Tata NEXON,Tata,2024,"7,684 km",Petrol,Manual,"EMI ₹13,910/m*",₹7.88 lakh
3151,Tata NEXON,Tata,2018,"2,02,221 km",Diesel,Manual,"EMI ₹15,064/m*",₹3.20 lakh
3152,Maruti Baleno,Maruti,2015,"84,899 km",Petrol,Manual,"EMI ₹8,532/m*",₹3.24 lakh
3153,Renault Kwid,Renault,2022,"20,364 km",Petrol,Manual,"EMI ₹5,737/m*",₹3.25 lakh
3154,Hyundai New Elantra,Hyundai,2012,"48,540 km",Petrol,Manual,"EMI ₹29,853/m*",₹3.36 lakh
3155,Honda City,Honda,2014,"47,372 km",Petrol,Manual,"EMI ₹10,296/m*",₹3.10 lakh
3156,Maruti Baleno,Maruti,2018,"54,751 km",Petrol,Manual,"EMI ₹7,061/m*",₹4.00 lakh
3157,Maruti SX4,Maruti,2011,"87,583 km",Petrol,Manual,"EMI ₹7,061/m*",₹0.89 lakh
3158,Mahindra MARAZZO,Mahindra,2019,"1,58,015 km",Diesel,Manual,"EMI ₹13,286/m*",₹4.00 lakh
3159,Honda Jazz,Honda,2016,"1,17,701 km",Petrol,Manual,"EMI ₹6,673/m*",₹3.00 lakh
3160,Maruti S Cross,Maruti,2017,"66,664 km",Diesel,Manual,"EMI ₹34,651/m*",₹3.90 lakh
3161,Hyundai Verna,Hyundai,2020,"50,207 km",Petrol,Manual,"EMI ₹11,863/m*",₹6.72 lakh
3162,Maruti Swift Dzire,Maruti,2011,"1,53,460 km",Petrol,Manual,"EMI ₹11,863/m*",₹0.97 lakh
3163,Mahindra Thar,Mahindra,2023,"43,541 km",Diesel,Manual,"EMI ₹19,331/m*",₹11.29 lakh
3164,Maruti Celerio X,Maruti,2018,"80,927 km",Petrol,Auto,"EMI ₹7,167/m*",₹4.06 lakh
3165,Hyundai i10,Hyundai,2011,"30,231 km",Petrol,Manual,"EMI ₹7,167/m*",₹1.11 lakh
3166,Mahindra Thar,Mahindra,2023,"18,271 km",Petrol,Auto,"EMI ₹20,359/m*",₹11.89 lakh
3167,Toyota Corolla Altis,Toyota,2016,"72,231 km",Petrol,Auto,"EMI ₹13,347/m*",₹6.00 lakh
3168,Mahindra XUV500,Mahindra,2018,"80,926 km",Diesel,Auto,"EMI ₹44,697/m*",₹9.59 lakh
3169,Hyundai Creta,Hyundai,2022,"38,832 km",Petrol,Manual,"EMI ₹15,838/m*",₹9.25 lakh
3170,Tata TIGOR,Tata,2022,"36,294 km",Petrol,Manual,"EMI ₹9,462/m*",₹5.36 lakh
3171,Toyota Etios,Toyota,2011,"1,06,889 km",Petrol,Manual,"EMI ₹9,462/m*",₹0.85 lakh
3172,Maruti Swift Dzire,Maruti,2011,"1,57,199 km",Petrol,Manual,"EMI ₹9,462/m*",₹0.80 lakh
3173,Maruti Vitara Brezza,Maruti,2017,"97,999 km",Diesel,Manual,"EMI ₹35,095/m*",₹3.95 lakh
3174,Maruti A Star,Maruti,2010,"1,12,875 km",Petrol,Auto,"EMI ₹35,095/m*",₹0.81 lakh
3175,Hyundai EXTER,Hyundai,2024,"18,114 km",Petrol,Manual,"EMI ₹10,168/m*",₹5.76 lakh
3176,Toyota Etios Liva,Toyota,2011,"83,916 km",Petrol,Manual,"EMI ₹10,168/m*",₹1.22 lakh
3177,Hyundai Creta,Hyundai,2017,"1,55,387 km",Petrol,Manual,"EMI ₹11,968/m*",₹5.38 lakh
3178,Tata PUNCH,Tata,2024,"35,818 km",Petrol,Manual,"EMI ₹8,879/m*",₹5.03 lakh
3179,Tata Harrier,Tata,2020,"62,313 km",Diesel,Auto,"EMI ₹25,846/m*",₹10.00 lakh
3180,Mahindra XUV700,Mahindra,2023,"21,009 km",Petrol,Auto,"EMI ₹33,680/m*",₹19.67 lakh
3181,Volkswagen Cross Polo,Volkswagen,2016,"52,328 km",Petrol,Manual,"EMI ₹7,786/m*",₹3.50 lakh
3182,Hyundai i10,Hyundai,2011,"44,691 km",Petrol,Manual,"EMI ₹7,786/m*",₹0.80 lakh
3183,Tata Tiago,Tata,2018,"1,35,075 km",Diesel,Manual,"EMI ₹12,098/m*",₹2.57 lakh
3184,Maruti Eeco,Maruti,2023,"1,16,234 km",Petrol,Manual,"EMI ₹12,791/m*",₹5.75 lakh
3185,Honda City,Honda,2012,"86,255 km",Petrol,Manual,"EMI ₹15,637/m*",₹1.76 lakh
3186,Maruti Ciaz,Maruti,2016,"64,288 km",Petrol,Manual,"EMI ₹9,654/m*",₹4.34 lakh
3187,Maruti Alto K10,Maruti,2011,"80,315 km",Petrol,Manual,"EMI ₹9,654/m*",₹0.94 lakh
3188,Nissan MAGNITE,Nissan,2021,"32,132 km",Petrol,Manual,"EMI ₹7,873/m*",₹4.46 lakh
3189,Hyundai Creta,Hyundai,2017,"64,324 km",Petrol,Auto,"EMI ₹12,571/m*",₹6.43 lakh
3190,Maruti Vitara Brezza,Maruti,2020,"76,371 km",Diesel,Manual,"EMI ₹14,694/m*",₹5.58 lakh
3191,Tata PUNCH,Tata,2024,"11,865 km",Petrol,Manual,"EMI ₹12,057/m*",₹6.83 lakh
3192,Maruti Ertiga,Maruti,2017,"68,254 km",Diesel,Manual,"EMI ₹55,175/m*",₹6.21 lakh
3193,Maruti Alto,Maruti,2012,"76,323 km",Petrol,Manual,"EMI ₹9,151/m*",₹1.03 lakh
3194,Maruti Baleno,Maruti,2023,"1,831 km",Petrol,Auto,"EMI ₹13,557/m*",₹7.68 lakh
3195,Hyundai Verna,Hyundai,2012,"67,431 km",Petrol,Auto,"EMI ₹23,367/m*",₹2.63 lakh
3196,Maruti Dzire,Maruti,2020,"63,014 km",Petrol,Manual,"EMI ₹9,691/m*",₹5.49 lakh
3197,Maruti Wagon R 1.0,Maruti,2011,"2,15,241 km",Petrol,Manual,"EMI ₹9,691/m*",₹1.00 lakh
3198,Maruti Baleno,Maruti,2018,"40,974 km",Petrol,Manual,"EMI ₹6,849/m*",₹3.88 lakh
3199,Hyundai Eon,Hyundai,2013,"1,907 km",Petrol,Manual,"EMI ₹6,214/m*",₹1.32 lakh
3200,Maruti Swift Dzire,Maruti,2016,"35,668 km",Petrol,Manual,"EMI ₹9,343/m*",₹4.20 lakh
3201,Maruti Baleno,Maruti,2018,"33,251 km",Petrol,Manual,"EMI ₹7,096/m*",₹4.02 lakh
3202,Mahindra TUV300,Mahindra,2019,"36,043 km",Diesel,Manual,"EMI ₹19,464/m*",₹5.86 lakh
3203,Honda Amaze,Honda,2018,"63,722 km",Petrol,Manual,"EMI ₹6,284/m*",₹3.56 lakh
3204,Maruti Wagon R 1.0,Maruti,2011,"96,204 km",Petrol,Manual,"EMI ₹6,284/m*",₹0.86 lakh
3205,Maruti Swift Dzire,Maruti,2011,"2,00,033 km",Petrol,Manual,"EMI ₹6,284/m*",₹0.87 lakh
3206,Tata Harrier,Tata,2020,"50,982 km",Diesel,Auto,"EMI ₹25,846/m*",₹10.00 lakh
3207,Maruti Ciaz,Maruti,2017,"1,46,242 km",Diesel,Manual,"EMI ₹39,449/m*",₹4.44 lakh
3208,Hyundai Elite i20,Hyundai,2015,"65,871 km",Petrol,Manual,"EMI ₹9,480/m*",₹3.60 lakh
3209,Nissan MAGNITE,Nissan,2021,"15,888 km",Petrol,Manual,"EMI ₹7,767/m*",₹4.40 lakh
3210,Hyundai Santro Xing,Hyundai,2011,"1,95,680 km",Petrol,Manual,"EMI ₹7,767/m*",₹0.63 lakh
3211,Maruti SX4,Maruti,2010,"1,60,695 km",Petrol,Auto,"EMI ₹7,767/m*",₹0.75 lakh
3212,Honda City,Honda,2019,"82,531 km",Diesel,Manual,"EMI ₹19,098/m*",₹5.75 lakh
3213,Toyota Corolla Altis,Toyota,2011,"77,527 km",Petrol,Manual,"EMI ₹19,098/m*",₹1.49 lakh
3214,Hyundai Creta,Hyundai,2016,"1,45,392 km",Diesel,Manual,"EMI ₹19,098/m*",₹6.17 lakh
3215,Maruti Baleno,Maruti,2018,"1,22,664 km",Petrol,Manual,"EMI ₹7,051/m*",₹3.17 lakh
3216,Maruti Dzire,Maruti,2020,"53,065 km",Petrol,Auto,"EMI ₹10,486/m*",₹5.94 lakh
3217,Hyundai Creta,Hyundai,2016,"91,606 km",Petrol,Manual,"EMI ₹10,900/m*",₹4.90 lakh
3218,Mahindra XUV500,Mahindra,2018,"72,401 km",Diesel,Manual,"EMI ₹50,476/m*",₹10.83 lakh
3219,Renault Kwid,Renault,2018,"90,001 km",Petrol,Manual,"EMI ₹3,177/m*",₹1.80 lakh
3220,Tata Tiago,Tata,2019,"32,123 km",Petrol,Manual,"EMI ₹7,238/m*",₹4.10 lakh
3221,Maruti Eeco,Maruti,2018,"55,532 km",Petrol,Manual,"EMI ₹5,190/m*",₹2.94 lakh
3222,Maruti Ciaz,Maruti,2019,"55,990 km",Petrol,Manual,"EMI ₹8,932/m*",₹5.06 lakh
3223,Nissan Sunny,Nissan,2014,"99,842 km",Petrol,Auto,"EMI ₹8,304/m*",₹2.50 lakh
3224,Honda Jazz,Honda,2016,"90,329 km",Petrol,Auto,"EMI ₹6,673/m*",₹3.00 lakh
3225,Hyundai GRAND I10 NIOS,Hyundai,2022,"55,497 km",Petrol,Manual,"EMI ₹9,074/m*",₹5.14 lakh
3226,Honda City,Honda,2016,"1,09,573 km",Petrol,Auto,"EMI ₹10,455/m*",₹4.70 lakh
3227,Ford Ecosport,Ford,2015,"62,996 km",Petrol,Manual,"EMI ₹8,427/m*",₹3.20 lakh
3228,Toyota Etios,Toyota,2011,"1,07,663 km",Petrol,Manual,"EMI ₹8,427/m*",₹1.10 lakh
3229,Maruti SX4,Maruti,2013,"88,564 km",Petrol,Manual,"EMI ₹8,473/m*",₹1.80 lakh
3230,Ford FREESTYLE,Ford,2018,"1,22,223 km",Petrol,Manual,"EMI ₹7,919/m*",₹3.56 lakh
3231,Honda City,Honda,2019,"40,038 km",Petrol,Auto,"EMI ₹10,592/m*",₹6.00 lakh
3232,Maruti Dzire,Maruti,2018,"1,16,752 km",Petrol,Auto,"EMI ₹10,255/m*",₹4.61 lakh
3233,Hyundai New Elantra,Hyundai,2013,"52,723 km",Petrol,Auto,"EMI ₹14,734/m*",₹3.13 lakh
3234,Honda Amaze,Honda,2015,"77,084 km",Petrol,Manual,"EMI ₹6,373/m*",₹2.42 lakh
3235,Volkswagen VIRTUS,Volkswagen,2022,"38,385 km",Petrol,Auto,"EMI ₹18,800/m*",₹10.98 lakh
3236,Hyundai Verna,Hyundai,2011,"2,97,332 km",Petrol,Manual,"EMI ₹18,800/m*",₹1.74 lakh
3237,Tata Tiago,Tata,2017,"98,966 km",Petrol,Manual,"EMI ₹5,376/m*",₹2.75 lakh
3238,Honda Amaze,Honda,2015,"54,543 km",Petrol,Manual,"EMI ₹7,979/m*",₹3.03 lakh
3239,KIA SONET,KIA,2021,"33,994 km",Petrol,Manual,"EMI ₹11,298/m*",₹6.40 lakh
3240,Tata TIGOR,Tata,2018,"24,289 km",Diesel,Manual,"EMI ₹14,452/m*",₹3.07 lakh
3241,Tata Curvv,Tata,2024,"10,922 km",Petrol,Manual,"EMI ₹16,968/m*",₹9.91 lakh
3242,Maruti Wagon R 1.0,Maruti,2014,"1,14,118 km",Petrol,Manual,"EMI ₹4,982/m*",₹1.50 lakh
3243,Maruti Baleno,Maruti,2021,"55,119 km",Petrol,Manual,"EMI ₹8,491/m*",₹4.81 lakh
3244,Hyundai Creta,Hyundai,2019,"1,41,644 km",Diesel,Manual,"EMI ₹23,748/m*",₹7.15 lakh
3245,Skoda SLAVIA,Skoda,2023,"44,783 km",Petrol,Auto,"EMI ₹20,153/m*",₹11.77 lakh
3246,Mahindra TUV300,Mahindra,2016,"1,42,876 km",Diesel,Manual,"EMI ₹20,153/m*",₹3.37 lakh
3247,Hyundai Creta,Hyundai,2017,"1,02,367 km",Petrol,Auto,"EMI ₹12,346/m*",₹5.55 lakh
3248,Maruti Baleno,Maruti,2024,"60,195 km",Petrol,Manual,"EMI ₹11,563/m*",₹6.55 lakh
3249,Honda City,Honda,2016,"80,664 km",Petrol,Manual,"EMI ₹9,187/m*",₹4.13 lakh
3250,Maruti Baleno,Maruti,2017,"51,576 km",Petrol,Auto,"EMI ₹7,898/m*",₹4.04 lakh
3251,Maruti Ertiga,Maruti,2019,"41,781 km",Petrol,Manual,"EMI ₹13,766/m*",₹8.04 lakh
3252,Ford Classic,Ford,2012,"43,342 km",Petrol,Manual,"EMI ₹14,305/m*",₹1.61 lakh
3253,Volkswagen Vento,Volkswagen,2021,"45,224 km",Petrol,Auto,"EMI ₹16,044/m*",₹9.37 lakh
3254,Mahindra Thar,Mahindra,2023,"22,381 km",Diesel,Manual,"EMI ₹22,088/m*",₹12.90 lakh
3255,Maruti New Wagon-R,Maruti,2021,"97,458 km",Petrol,Manual,"EMI ₹7,238/m*",₹4.10 lakh
3256,Maruti IGNIS,Maruti,2018,"72,359 km",Petrol,Auto,"EMI ₹6,267/m*",₹3.55 lakh
3257,Tata NEXON,Tata,2023,"73,747 km",Diesel,Auto,"EMI ₹17,979/m*",₹10.50 lakh
3258,Maruti Wagon R 1.0,Maruti,2010,"1,20,591 km",Petrol,Manual,"EMI ₹17,979/m*",₹0.73 lakh
3259,Maruti S PRESSO,Maruti,2020,"27,770 km",Petrol,Manual,"EMI ₹7,061/m*",₹4.00 lakh
3260,Hyundai VENUE,Hyundai,2022,"35,437 km",Petrol,Manual,"EMI ₹12,886/m*",₹7.30 lakh
3261,Mahindra XUV500,Mahindra,2017,"92,076 km",Diesel,Manual,"EMI ₹40,426/m*",₹4.55 lakh
3262,Maruti Eeco,Maruti,2010,"1,15,733 km",Petrol,Manual,"EMI ₹40,426/m*",₹0.92 lakh
3263,Hyundai Elite i20,Hyundai,2015,"83,412 km",Petrol,Manual,"EMI ₹7,900/m*",₹3.00 lakh
3264,Honda Amaze,Honda,2017,"1,15,000 km",Petrol,Manual,"EMI ₹6,228/m*",₹2.80 lakh
3265,MG ASTOR,MG,2023,"12,129 km",Petrol,Auto,"EMI ₹23,115/m*",₹13.50 lakh
3266,Tata NEXON,Tata,2024,"45,000 km",Petrol,Auto,"EMI ₹16,609/m*",₹9.70 lakh
3267,Maruti Alto,Maruti,2012,"81,851 km",Petrol,Manual,"EMI ₹7,019/m*",₹0.79 lakh
3268,Maruti Ritz,Maruti,2011,"1,10,330 km",Petrol,Manual,"EMI ₹7,019/m*",₹1.12 lakh
3269,Hyundai Elite i20,Hyundai,2016,"1,15,336 km",Petrol,Manual,"EMI ₹7,652/m*",₹3.44 lakh
3270,Maruti Baleno,Maruti,2018,"86,640 km",Petrol,Manual,"EMI ₹6,426/m*",₹3.64 lakh
3271,Tata TIAGO NRG,Tata,2018,"67,677 km",Petrol,Manual,"EMI ₹5,296/m*",₹3.00 lakh
3272,Maruti S Cross,Maruti,2016,"1,68,159 km",Diesel,Manual,"EMI ₹5,296/m*",₹2.96 lakh
3273,Tata Hexa,Tata,2018,"69,232 km",Diesel,Manual,"EMI ₹25,843/m*",₹5.49 lakh
3274,Hyundai Elite i20,Hyundai,2018,"1,00,918 km",Petrol,Manual,"EMI ₹9,320/m*",₹4.19 lakh
3275,Tata NEXON,Tata,2019,"69,254 km",Diesel,Manual,"EMI ₹15,611/m*",₹4.70 lakh
3276,Renault Duster,Renault,2019,"83,831 km",Diesel,Manual,"EMI ₹15,876/m*",₹4.78 lakh
3277,Maruti Eeco,Maruti,2016,"1,16,295 km",Petrol,Manual,"EMI ₹3,559/m*",₹1.60 lakh
3278,Tata NEXON,Tata,2024,"8,384 km",Petrol,Manual,"EMI ₹13,981/m*",₹7.92 lakh
3279,Honda Jazz,Honda,2011,"46,579 km",Petrol,Manual,"EMI ₹13,981/m*",₹2.02 lakh
3280,Maruti Baleno,Maruti,2016,"91,998 km",Petrol,Manual,"EMI ₹7,986/m*",₹3.59 lakh
3281,Tata NEXON,Tata,2018,"90,191 km",Diesel,Auto,"EMI ₹22,360/m*",₹4.75 lakh
3282,Tata NEXON,Tata,2020,"49,295 km",Petrol,Manual,"EMI ₹11,474/m*",₹6.50 lakh
3283,Hyundai i10,Hyundai,2011,"75,258 km",Petrol,Manual,"EMI ₹11,474/m*",₹0.83 lakh
3284,Maruti Eeco,Maruti,2016,"1,18,525 km",Petrol,Manual,"EMI ₹4,649/m*",₹2.09 lakh
3285,Hyundai Elite i20,Hyundai,2018,"92,272 km",Petrol,Manual,"EMI ₹6,620/m*",₹3.75 lakh
3286,Honda City,Honda,2015,"1,09,721 km",Petrol,Manual,"EMI ₹12,272/m*",₹4.66 lakh
3287,Hyundai Creta,Hyundai,2018,"59,559 km",Petrol,Manual,"EMI ₹10,415/m*",₹5.90 lakh
3288,Hyundai Verna,Hyundai,2017,"67,254 km",Diesel,Manual,"EMI ₹36,606/m*",₹4.12 lakh
3289,Maruti New Wagon-R,Maruti,2019,"1,66,921 km",Petrol,Manual,"EMI ₹7,341/m*",₹3.30 lakh
3290,Maruti Zen Estilo,Maruti,2012,"92,652 km",Petrol,Manual,"EMI ₹11,106/m*",₹1.25 lakh
3291,Hyundai Santro Xing,Hyundai,2011,"1,13,678 km",Petrol,Manual,"EMI ₹11,106/m*",₹0.66 lakh
3292,Ford Ecosport,Ford,2017,"56,227 km",Petrol,Manual,"EMI ₹7,996/m*",₹4.09 lakh
3293,Nissan MAGNITE,Nissan,2021,"89,607 km",Petrol,Manual,"EMI ₹7,273/m*",₹4.12 lakh
3294,Maruti Celerio,Maruti,2018,"60,545 km",Petrol,Manual,"EMI ₹5,631/m*",₹3.19 lakh
3295,Renault Kwid,Renault,2024,"8,063 km",Petrol,Auto,"EMI ₹7,043/m*",₹3.99 lakh
3296,Hyundai NEW I20,Hyundai,2022,"37,413 km",Petrol,Auto,"EMI ₹10,892/m*",₹6.17 lakh
3297,Mahindra XUV700,Mahindra,2022,"78,424 km",Diesel,Manual,"EMI ₹31,730/m*",₹16.67 lakh
3298,Hyundai Santro Xing,Hyundai,2011,"1,40,971 km",Petrol,Manual,"EMI ₹31,730/m*",₹0.55 lakh
3299,Honda City,Honda,2012,"1,24,332 km",Petrol,Manual,"EMI ₹19,191/m*",₹2.16 lakh
3300,Maruti Alto,Maruti,2011,"2,54,112 km",Petrol,Manual,"EMI ₹19,191/m*",₹0.68 lakh
3301,Maruti Eeco,Maruti,2017,"1,40,185 km",Petrol,Manual,"EMI ₹5,494/m*",₹2.47 lakh
3302,Tata PUNCH,Tata,2024,"15,689 km",Petrol,Manual,"EMI ₹8,950/m*",₹5.07 lakh
3303,Jeep Compass,Jeep,2017,"74,231 km",Petrol,Auto,"EMI ₹13,235/m*",₹6.77 lakh
3304,Ford Ecosport,Ford,2016,"78,326 km",Petrol,Manual,"EMI ₹8,097/m*",₹3.64 lakh
3305,Maruti Swift,Maruti,2021,"85,782 km",Petrol,Manual,"EMI ₹8,385/m*",₹4.75 lakh
3306,Honda City,Honda,2015,"90,429 km",Petrol,Manual,"EMI ₹12,298/m*",₹4.67 lakh
3307,Hyundai i10,Hyundai,2011,"1,02,206 km",Petrol,Manual,"EMI ₹12,298/m*",₹0.96 lakh
3308,Mahindra SCORPIO-N,Mahindra,2023,"82,782 km",Diesel,Manual,"EMI ₹24,725/m*",₹14.44 lakh
3309,Tata Tiago,Tata,2019,"1,02,284 km",Petrol,Auto,"EMI ₹7,608/m*",₹3.42 lakh
3310,Honda City,Honda,2015,"1,19,511 km",Petrol,Auto,"EMI ₹12,061/m*",₹4.58 lakh
3311,Maruti Ciaz,Maruti,2020,"82,698 km",Petrol,Manual,"EMI ₹10,539/m*",₹5.97 lakh
3312,Maruti Alto,Maruti,2011,"40,412 km",Petrol,Manual,"EMI ₹10,539/m*",₹0.64 lakh
3313,Maruti Swift Dzire,Maruti,2011,"1,05,466 km",Petrol,Manual,"EMI ₹10,539/m*",₹1.20 lakh
3314,Maruti Dzire,Maruti,2017,"73,940 km",Diesel,Manual,"EMI ₹33,940/m*",₹3.82 lakh
3315,Chevrolet Beat,Chevrolet,2011,"80,290 km",Petrol,Manual,"EMI ₹33,940/m*",₹0.70 lakh
3316,Maruti New Wagon-R,Maruti,2020,"86,626 km",Petrol,Manual,"EMI ₹7,202/m*",₹4.08 lakh
3317,Tata PUNCH,Tata,2025,64 km,Petrol,Manual,"EMI ₹12,110/m*",₹6.86 lakh
3318,Tata Tiago,Tata,2020,"61,177 km",Petrol,Manual,"EMI ₹6,390/m*",₹3.62 lakh
3319,Hyundai i10,Hyundai,2011,"67,665 km",Petrol,Manual,"EMI ₹6,390/m*",₹0.89 lakh
3320,Hyundai Creta,Hyundai,2017,"65,338 km",Petrol,Manual,"EMI ₹9,032/m*",₹4.62 lakh
3321,Hyundai GRAND I10 NIOS,Hyundai,2022,"19,446 km",Petrol,Manual,"EMI ₹8,915/m*",₹5.05 lakh
3322,Hyundai VENUE,Hyundai,2021,"52,990 km",Petrol,Manual,"EMI ₹9,938/m*",₹5.63 lakh
3323,Mahindra XUV300,Mahindra,2019,"38,377 km",Petrol,Manual,"EMI ₹8,985/m*",₹5.09 lakh
3324,Maruti Ciaz,Maruti,2016,"68,000 km",Petrol,Manual,"EMI ₹7,341/m*",₹3.30 lakh
3325,Maruti Alto,Maruti,2012,"95,000 km",Petrol,Manual,"EMI ₹6,664/m*",₹0.75 lakh
3326,Ford Ecosport,Ford,2017,"52,434 km",Diesel,Manual,"EMI ₹41,137/m*",₹4.63 lakh
3327,Tata NEXON,Tata,2022,"47,436 km",Petrol,Auto,"EMI ₹12,145/m*",₹6.88 lakh
3328,Maruti A Star,Maruti,2011,"70,000 km",Petrol,Manual,"EMI ₹12,145/m*",₹0.80 lakh
3329,Maruti Swift,Maruti,2019,"28,388 km",Petrol,Manual,"EMI ₹7,449/m*",₹4.22 lakh
3330,KIA SONET,KIA,2024,"16,470 km",Petrol,Manual,"EMI ₹13,610/m*",₹7.71 lakh
3331,Maruti Wagon R 1.0,Maruti,2014,"1,03,477 km",Petrol,Manual,"EMI ₹5,979/m*",₹1.80 lakh
3332,Toyota Innova Crysta,Toyota,2018,"70,031 km",Diesel,Manual,"EMI ₹47,400/m*",₹10.17 lakh
3333,Hyundai Elite i20,Hyundai,2019,"46,292 km",Petrol,Auto,"EMI ₹8,544/m*",₹4.84 lakh
3334,Hyundai Santro Xing,Hyundai,2014,"1,16,735 km",Petrol,Manual,"EMI ₹4,916/m*",₹1.48 lakh
3335,Maruti Alto,Maruti,2011,"59,649 km",Petrol,Manual,"EMI ₹4,916/m*",₹0.70 lakh
3336,Hyundai i20,Hyundai,2011,"1,06,982 km",Petrol,Manual,"EMI ₹4,916/m*",₹0.93 lakh
3337,Tata TIGOR,Tata,2018,"54,971 km",Petrol,Auto,"EMI ₹6,620/m*",₹3.75 lakh
3338,Hyundai Elite i20,Hyundai,2018,"58,153 km",Petrol,Manual,"EMI ₹6,461/m*",₹3.66 lakh
3339,Tata Tiago,Tata,2017,"24,523 km",Petrol,Auto,"EMI ₹6,843/m*",₹3.50 lakh
3340,Renault Kiger,Renault,2022,"40,659 km",Petrol,Manual,"EMI ₹9,126/m*",₹5.17 lakh
3341,Maruti Zen Estilo,Maruti,2010,"1,93,092 km",Petrol,Manual,"EMI ₹9,126/m*",₹0.55 lakh
3342,Honda City,Honda,2020,"49,439 km",Petrol,Manual,"EMI ₹13,946/m*",₹7.90 lakh
3343,Maruti IGNIS,Maruti,2024,"22,554 km",Petrol,Manual,"EMI ₹8,826/m*",₹5.00 lakh
3344,Mahindra MARAZZO,Mahindra,2019,"47,420 km",Diesel,Manual,"EMI ₹18,268/m*",₹5.50 lakh
3345,Tata NEXON,Tata,2021,"66,553 km",Petrol,Manual,"EMI ₹9,585/m*",₹5.43 lakh
3346,Honda Jazz,Honda,2015,"80,746 km",Petrol,Manual,"EMI ₹6,873/m*",₹2.61 lakh
3347,Hyundai Creta,Hyundai,2016,"1,56,297 km",Diesel,Manual,"EMI ₹6,873/m*",₹5.50 lakh
3348,Mahindra XUV500,Mahindra,2016,"90,287 km",Diesel,Manual,"EMI ₹6,873/m*",₹3.91 lakh
3349,Maruti Wagon R 1.0,Maruti,2010,"1,07,902 km",Petrol,Manual,"EMI ₹6,873/m*",₹0.77 lakh
3350,Maruti Wagon R 1.0,Maruti,2011,"1,15,704 km",Petrol,Manual,"EMI ₹6,873/m*",₹0.95 lakh
3351,Hyundai Creta,Hyundai,2018,"77,298 km",Diesel,Manual,"EMI ₹11,730/m*",₹6.00 lakh
3352,Hyundai i10,Hyundai,2011,"1,53,100 km",Petrol,Manual,"EMI ₹11,730/m*",₹1.04 lakh
3353,Maruti Dzire,Maruti,2017,"81,084 km",Petrol,Auto,"EMI ₹6,843/m*",₹3.50 lakh
3354,Maruti Vitara Brezza,Maruti,2018,"94,196 km",Diesel,Manual,"EMI ₹20,336/m*",₹4.32 lakh
3355,Maruti Dzire,Maruti,2017,"1,08,788 km",Petrol,Manual,"EMI ₹8,475/m*",₹3.81 lakh
3356,Tata PUNCH,Tata,2022,"20,125 km",Petrol,Manual,"EMI ₹8,491/m*",₹4.81 lakh
3357,Honda City,Honda,2011,"97,719 km",Petrol,Manual,"EMI ₹8,491/m*",₹1.31 lakh
3358,Hyundai Grand i10,Hyundai,2017,"8,05,000 km",Petrol,Manual,"EMI ₹6,540/m*",₹2.94 lakh
3359,Ford Ecosport,Ford,2014,"63,848 km",Petrol,Auto,"EMI ₹7,905/m*",₹2.38 lakh
3360,KIA SONET,KIA,2021,"89,913 km",Petrol,Manual,"EMI ₹10,592/m*",₹6.00 lakh
3361,Toyota Etios,Toyota,2015,"1,00,617 km",Petrol,Manual,"EMI ₹6,636/m*",₹2.52 lakh
3362,Hyundai Grand i10,Hyundai,2017,"77,306 km",Petrol,Manual,"EMI ₹5,670/m*",₹2.90 lakh
3363,Honda City,Honda,2014,"28,881 km",Petrol,Manual,"EMI ₹10,296/m*",₹3.10 lakh
3364,Hyundai AURA,Hyundai,2022,"13,535 km",Petrol,Auto,"EMI ₹10,486/m*",₹5.94 lakh
3365,Hyundai Santro Xing,Hyundai,2013,"1,15,953 km",Petrol,Manual,"EMI ₹7,155/m*",₹1.52 lakh
3366,Hyundai Creta,Hyundai,2017,"1,57,979 km",Diesel,Auto,"EMI ₹57,574/m*",₹6.48 lakh
3367,Maruti Ciaz,Maruti,2016,"64,171 km",Petrol,Manual,"EMI ₹7,763/m*",₹3.49 lakh
3368,Honda City,Honda,2016,"1,16,598 km",Petrol,Manual,"EMI ₹8,497/m*",₹3.82 lakh
3369,Maruti Baleno,Maruti,2016,"1,16,781 km",Petrol,Manual,"EMI ₹7,407/m*",₹3.33 lakh
3370,Hyundai Creta,Hyundai,2016,"1,24,593 km",Petrol,Manual,"EMI ₹12,234/m*",₹5.50 lakh
3371,Honda City,Honda,2015,"64,327 km",Petrol,Manual,"EMI ₹8,295/m*",₹3.15 lakh
3372,Maruti Swift,Maruti,2023,"8,484 km",Petrol,Manual,"EMI ₹10,592/m*",₹6.00 lakh
3373,Maruti New Wagon-R,Maruti,2021,"66,309 km",Petrol,Manual,"EMI ₹6,973/m*",₹3.95 lakh
3374,Maruti Baleno,Maruti,2018,"58,664 km",Petrol,Manual,"EMI ₹7,096/m*",₹4.02 lakh
3375,Maruti Vitara Brezza,Maruti,2018,"91,899 km",Diesel,Manual,"EMI ₹25,937/m*",₹5.51 lakh
3376,Tata TIAGO NRG,Tata,2023,"15,563 km",Petrol,Manual,"EMI ₹8,826/m*",₹5.00 lakh
3377,Honda City,Honda,2017,"1,05,873 km",Petrol,Manual,"EMI ₹9,298/m*",₹4.18 lakh
3378,Tata NEXON,Tata,2024,"51,177 km",Petrol,Auto,"EMI ₹17,516/m*",₹10.23 lakh
3379,Honda Amaze,Honda,2017,"56,153 km",Petrol,Manual,"EMI ₹6,080/m*",₹3.11 lakh
3380,Hyundai Creta,Hyundai,2019,"1,35,944 km",Diesel,Manual,"EMI ₹20,747/m*",₹6.25 lakh
3381,Tata PUNCH,Tata,2023,"42,729 km",Petrol,Manual,"EMI ₹9,179/m*",₹5.20 lakh
3382,Maruti Swift,Maruti,2011,"97,082 km",Petrol,Manual,"EMI ₹9,179/m*",₹0.80 lakh
3383,Maruti New Wagon-R,Maruti,2020,"43,377 km",Petrol,Manual,"EMI ₹6,673/m*",₹3.78 lakh
3384,Mahindra XUV700,Mahindra,2023,"11,538 km",Petrol,Auto,"EMI ₹32,533/m*",₹19.00 lakh
3385,Maruti Dzire,Maruti,2022,"89,620 km",Petrol,Manual,"EMI ₹10,503/m*",₹5.95 lakh
3386,Maruti Dzire,Maruti,2020,"56,758 km",Petrol,Manual,"EMI ₹8,226/m*",₹4.66 lakh
3387,Hyundai Santro Xing,Hyundai,2011,"1,00,026 km",Petrol,Manual,"EMI ₹8,226/m*",₹0.79 lakh
3388,Maruti Celerio,Maruti,2017,"44,869 km",Petrol,Auto,"EMI ₹5,259/m*",₹2.69 lakh
3389,Volkswagen VIRTUS,Volkswagen,2024,"17,278 km",Petrol,Auto,"EMI ₹24,965/m*",₹14.58 lakh
3390,Hyundai i20,Hyundai,2011,"1,78,904 km",Petrol,Manual,"EMI ₹24,965/m*",₹1.14 lakh
3391,Mahindra XUV500,Mahindra,2018,"72,600 km",Diesel,Auto,"EMI ₹33,187/m*",₹7.05 lakh
3392,Honda City,Honda,2016,"1,32,913 km",Petrol,Manual,"EMI ₹9,743/m*",₹4.38 lakh
3393,Maruti Dzire,Maruti,2018,"65,243 km",Petrol,Manual,"EMI ₹6,832/m*",₹3.87 lakh
3394,Maruti Wagon R 1.0,Maruti,2012,"80,362 km",Petrol,Manual,"EMI ₹10,928/m*",₹1.23 lakh
3395,Maruti Vitara Brezza,Maruti,2016,"1,53,962 km",Diesel,Manual,"EMI ₹12,166/m*",₹4.62 lakh
3396,Maruti S Cross,Maruti,2017,"1,09,389 km",Diesel,Manual,"EMI ₹49,400/m*",₹5.56 lakh
3397,Hyundai i20,Hyundai,2011,"1,07,819 km",Petrol,Manual,"EMI ₹49,400/m*",₹0.90 lakh
3398,Tata NEXON,Tata,2021,"49,970 km",Petrol,Manual,"EMI ₹12,233/m*",₹6.93 lakh
3399,Ford Ecosport,Ford,2016,"1,07,469 km",Petrol,Manual,"EMI ₹6,718/m*",₹3.02 lakh
3400,Ford Ecosport,Ford,2016,"89,743 km",Diesel,Manual,"EMI ₹6,583/m*",₹2.50 lakh
3401,Hyundai Creta,Hyundai,2016,"99,478 km",Diesel,Auto,"EMI ₹6,583/m*",₹6.35 lakh
3402,Tata NEXON,Tata,2023,"37,578 km",Petrol,Manual,"EMI ₹11,068/m*",₹6.27 lakh
3403,Honda City,Honda,2015,"67,767 km",Petrol,Manual,"EMI ₹9,217/m*",₹3.50 lakh
3404,Maruti Swift Dzire,Maruti,2011,"1,05,392 km",Petrol,Manual,"EMI ₹9,217/m*",₹0.86 lakh
3405,Tata NEXON,Tata,2022,"64,243 km",Petrol,Manual,"EMI ₹13,363/m*",₹7.57 lakh
3406,Ford Ecosport,Ford,2017,"1,51,619 km",Diesel,Manual,"EMI ₹33,141/m*",₹3.73 lakh
3407,Maruti Alto,Maruti,2021,"25,825 km",Petrol,Manual,"EMI ₹4,907/m*",₹2.78 lakh
3408,Tata NEXON,Tata,2020,"79,650 km",Petrol,Auto,"EMI ₹9,956/m*",₹5.64 lakh
3409,Ford Ecosport,Ford,2017,"1,48,024 km",Diesel,Manual,"EMI ₹44,247/m*",₹4.98 lakh
3410,Toyota Corolla Altis,Toyota,2011,"45,782 km",Petrol,Manual,"EMI ₹44,247/m*",₹2.03 lakh
3411,Hyundai Creta,Hyundai,2018,"96,639 km",Petrol,Auto,"EMI ₹9,709/m*",₹5.50 lakh
3412,Tata Harrier,Tata,2020,"43,000 km",Diesel,Auto,"EMI ₹22,841/m*",₹13.34 lakh
3413,Tata NEXON,Tata,2021,"29,440 km",Petrol,Manual,"EMI ₹11,457/m*",₹6.49 lakh
3414,Tata Tiago,Tata,2019,"62,603 km",Petrol,Manual,"EMI ₹4,819/m*",₹2.73 lakh
3415,Maruti Baleno,Maruti,2018,"23,206 km",Petrol,Manual,"EMI ₹7,608/m*",₹4.31 lakh
3416,Ford Ecosport,Ford,2015,"81,320 km",Petrol,Manual,"EMI ₹9,428/m*",₹3.58 lakh
3417,Tata PUNCH,Tata,2023,"58,492 km",Petrol,Manual,"EMI ₹8,826/m*",₹5.00 lakh
3418,Tata NEXON,Tata,2019,"68,502 km",Petrol,Manual,"EMI ₹6,973/m*",₹3.95 lakh
3419,Maruti Alto K10,Maruti,2018,"46,913 km",Petrol,Auto,"EMI ₹5,472/m*",₹3.10 lakh
3420,Hyundai i20,Hyundai,2011,"1,14,524 km",Petrol,Manual,"EMI ₹5,472/m*",₹0.94 lakh
3421,Honda Brio,Honda,2016,"55,531 km",Petrol,Manual,"EMI ₹5,717/m*",₹2.57 lakh
3422,Hyundai Santro Xing,Hyundai,2012,"1,38,656 km",Petrol,Manual,"EMI ₹6,664/m*",₹0.75 lakh
3423,Maruti Dzire,Maruti,2018,"73,509 km",Petrol,Manual,"EMI ₹6,867/m*",₹3.89 lakh
3424,Hyundai AURA,Hyundai,2023,"7,010 km",Petrol,Manual,"EMI ₹10,450/m*",₹5.92 lakh
3425,Mahindra XUV500,Mahindra,2017,"44,000 km",Diesel,Manual,"EMI ₹44,424/m*",₹5.00 lakh
3426,Hyundai Elite i20,Hyundai,2019,"66,408 km",Petrol,Manual,"EMI ₹9,374/m*",₹5.31 lakh
3427,Maruti Baleno,Maruti,2018,"90,244 km",Petrol,Manual,"EMI ₹6,002/m*",₹3.40 lakh
3428,Honda City,Honda,2015,"1,29,523 km",Petrol,Auto,"EMI ₹10,823/m*",₹4.11 lakh
3429,Maruti Vitara Brezza,Maruti,2019,"1,20,652 km",Diesel,Manual,"EMI ₹15,611/m*",₹4.70 lakh
3430,Maruti Celerio,Maruti,2020,"1,04,804 km",Petrol,Manual,"EMI ₹8,831/m*",₹3.97 lakh
3431,Honda City,Honda,2015,"1,12,107 km",Petrol,Manual,"EMI ₹8,163/m*",₹3.10 lakh
3432,Hyundai Elite i20,Hyundai,2018,"59,439 km",Petrol,Manual,"EMI ₹8,526/m*",₹4.83 lakh
3433,Mahindra BOLERO NEO,Mahindra,2023,"16,302 km",Diesel,Manual,"EMI ₹16,609/m*",₹9.70 lakh
3434,Mahindra XUV500,Mahindra,2019,"1,14,877 km",Diesel,Auto,"EMI ₹36,798/m*",₹11.24 lakh
3435,Maruti Celerio,Maruti,2021,"29,007 km",Petrol,Auto,"EMI ₹8,050/m*",₹4.56 lakh
3436,Tata NEXON,Tata,2024,"23,377 km",Petrol,Auto,"EMI ₹14,554/m*",₹8.50 lakh
3437,Maruti Alto K10,Maruti,2011,"82,806 km",Petrol,Manual,"EMI ₹14,554/m*",₹0.97 lakh
3438,Ford FREESTYLE,Ford,2020,"1,08,233 km",Petrol,Manual,"EMI ₹8,787/m*",₹3.95 lakh
3439,Maruti Ritz,Maruti,2011,"1,00,001 km",Petrol,Manual,"EMI ₹8,787/m*",₹0.85 lakh
3440,Maruti New Wagon-R,Maruti,2020,"1,08,391 km",Petrol,Manual,"EMI ₹8,408/m*",₹3.78 lakh
3441,Hyundai Grand i10,Hyundai,2017,"46,970 km",Petrol,Manual,"EMI ₹5,670/m*",₹2.90 lakh
3442,Maruti Swift,Maruti,2025,"8,887 km",Petrol,Manual,"EMI ₹13,610/m*",₹7.71 lakh
3443,Hyundai Santro Xing,Hyundai,2011,"1,17,506 km",Petrol,Manual,"EMI ₹13,610/m*",₹0.77 lakh
3444,Renault TRIBER,Renault,2022,"94,999 km",Petrol,Manual,"EMI ₹6,708/m*",₹3.80 lakh
3445,Tata NEXON,Tata,2021,"40,333 km",Petrol,Manual,"EMI ₹13,715/m*",₹8.01 lakh
3446,Mahindra XUV500,Mahindra,2017,"61,571 km",Diesel,Manual,"EMI ₹72,561/m*",₹8.21 lakh
3447,Skoda SLAVIA,Skoda,2022,"37,331 km",Petrol,Manual,"EMI ₹14,087/m*",₹7.98 lakh
3448,Tata Safari Storme,Tata,2018,"23,852 km",Diesel,Manual,"EMI ₹30,927/m*",₹6.57 lakh
3449,Ford Ecosport,Ford,2017,"1,25,714 km",Diesel,Manual,"EMI ₹26,388/m*",₹2.97 lakh
3450,Honda Amaze,Honda,2019,"52,571 km",Petrol,Manual,"EMI ₹7,432/m*",₹4.21 lakh
3451,Maruti Ertiga,Maruti,2017,"2,36,715 km",Petrol,Manual,"EMI ₹10,677/m*",₹4.80 lakh
3452,Maruti New Wagon-R,Maruti,2020,"1,05,079 km",Petrol,Manual,"EMI ₹7,786/m*",₹3.50 lakh
3453,Maruti Ertiga,Maruti,2017,"72,931 km",Petrol,Manual,"EMI ₹9,931/m*",₹5.08 lakh
3454,Tata NEXON,Tata,2019,"54,265 km",Petrol,Manual,"EMI ₹8,791/m*",₹4.98 lakh
3455,Honda City,Honda,2014,"1,12,609 km",Petrol,Manual,"EMI ₹11,160/m*",₹3.36 lakh
3456,Hyundai Elite i20,Hyundai,2019,"72,628 km",Petrol,Manual,"EMI ₹7,855/m*",₹4.45 lakh
3457,Maruti Baleno,Maruti,2018,"1,16,000 km",Diesel,Manual,"EMI ₹18,688/m*",₹3.97 lakh
3458,Tata PUNCH,Tata,2022,"80,483 km",Petrol,Manual,"EMI ₹8,279/m*",₹4.69 lakh
3459,Honda City,Honda,2015,"48,777 km",Petrol,Manual,"EMI ₹12,114/m*",₹4.60 lakh
3460,Maruti IGNIS,Maruti,2018,"50,946 km",Petrol,Auto,"EMI ₹6,938/m*",₹3.93 lakh
3461,Tata NEXON,Tata,2021,"70,844 km",Petrol,Manual,"EMI ₹10,592/m*",₹6.00 lakh
3462,Maruti Wagon R 1.0,Maruti,2011,"1,03,737 km",Petrol,Manual,"EMI ₹10,592/m*",₹1.12 lakh
3463,Hyundai ALCAZAR,Hyundai,2022,"34,651 km",Petrol,Auto,"EMI ₹22,876/m*",₹13.36 lakh
3464,Hyundai Creta,Hyundai,2016,"55,041 km",Petrol,Manual,"EMI ₹13,413/m*",₹6.03 lakh
3465,Nissan Sunny,Nissan,2014,"1,02,326 km",Petrol,Manual,"EMI ₹7,706/m*",₹2.32 lakh
3466,Tata NEXON,Tata,2019,"71,055 km",Petrol,Manual,"EMI ₹7,432/m*",₹4.21 lakh
3467,Honda Amaze,Honda,2022,"31,862 km",Petrol,Manual,"EMI ₹10,239/m*",₹5.80 lakh
3468,Maruti S PRESSO,Maruti,2020,"31,663 km",Petrol,Manual,"EMI ₹5,967/m*",₹3.38 lakh
3469,Maruti Swift,Maruti,2022,"61,801 km",Petrol,Manual,"EMI ₹7,432/m*",₹4.21 lakh
3470,Nissan MAGNITE,Nissan,2023,"19,696 km",Petrol,Manual,"EMI ₹8,279/m*",₹4.69 lakh
3471,Skoda Rapid,Skoda,2017,"74,025 km",Petrol,Manual,"EMI ₹8,974/m*",₹4.59 lakh
3472,Hyundai AURA,Hyundai,2022,"54,417 km",Petrol,Manual,"EMI ₹10,044/m*",₹5.69 lakh
3473,Maruti Baleno,Maruti,2023,135 km,Petrol,Manual,"EMI ₹12,180/m*",₹6.90 lakh
3474,Maruti New Wagon-R,Maruti,2019,"1,12,584 km",Petrol,Manual,"EMI ₹7,585/m*",₹3.41 lakh
3475,Maruti Eeco,Maruti,2011,"2,57,888 km",Petrol,Manual,"EMI ₹7,585/m*",₹0.85 lakh
3476,Maruti Baleno,Maruti,2017,"27,393 km",Petrol,Manual,"EMI ₹8,016/m*",₹4.10 lakh
3477,Mahindra XUV500,Mahindra,2016,"58,240 km",Diesel,Auto,"EMI ₹8,016/m*",₹6.50 lakh
3478,Tata ALTROZ,Tata,2021,"25,540 km",Petrol,Manual,"EMI ₹8,173/m*",₹4.63 lakh
3479,Renault Duster,Renault,2016,"69,045 km",Diesel,Manual,"EMI ₹8,173/m*",₹2.76 lakh
3480,Maruti IGNIS,Maruti,2023,"29,527 km",Petrol,Manual,"EMI ₹10,256/m*",₹5.81 lakh
3481,Maruti Ertiga,Maruti,2020,"1,10,427 km",Petrol,Manual,"EMI ₹17,195/m*",₹7.73 lakh
3482,Tata PUNCH,Tata,2021,"42,046 km",Petrol,Manual,"EMI ₹8,685/m*",₹4.92 lakh
3483,Hyundai i10,Hyundai,2011,"98,574 km",Petrol,Manual,"EMI ₹8,685/m*",₹0.95 lakh
3484,Hyundai Xcent,Hyundai,2017,"1,36,611 km",Diesel,Manual,"EMI ₹24,167/m*",₹2.72 lakh
3485,Maruti Ciaz,Maruti,2016,"78,618 km",Diesel,Manual,"EMI ₹24,167/m*",₹3.24 lakh
3486,Maruti Vitara Brezza,Maruti,2017,"1,28,061 km",Diesel,Manual,"EMI ₹40,959/m*",₹4.61 lakh
3487,Maruti Alto 800,Maruti,2013,"82,766 km",Petrol,Manual,"EMI ₹7,767/m*",₹1.65 lakh
3488,Hyundai Verna,Hyundai,2021,"20,927 km",Petrol,Manual,"EMI ₹15,753/m*",₹9.20 lakh
3489,Honda Amaze,Honda,2018,"78,401 km",Petrol,Manual,"EMI ₹6,973/m*",₹3.95 lakh
3490,Hyundai i10,Hyundai,2010,"99,387 km",Petrol,Auto,"EMI ₹6,973/m*",₹0.97 lakh
3491,Tata Harrier,Tata,2019,"99,992 km",Diesel,Manual,"EMI ₹25,808/m*",₹7.77 lakh
3492,Hyundai NEW I20,Hyundai,2022,"48,561 km",Petrol,Auto,"EMI ₹11,351/m*",₹6.43 lakh
3493,Hyundai Santro Xing,Hyundai,2013,"76,959 km",Petrol,Manual,"EMI ₹6,355/m*",₹1.35 lakh
3494,Honda City,Honda,2014,"54,784 km",Petrol,Auto,"EMI ₹11,094/m*",₹3.34 lakh
3495,Hyundai ALCAZAR,Hyundai,2022,"97,127 km",Diesel,Auto,"EMI ₹25,506/m*",₹13.40 lakh
3496,Tata NEXON,Tata,2021,"93,193 km",Diesel,Auto,"EMI ₹17,394/m*",₹8.00 lakh
3497,Hyundai Creta,Hyundai,2018,"1,66,362 km",Petrol,Auto,"EMI ₹14,014/m*",₹6.30 lakh
3498,Toyota Etios,Toyota,2014,"66,337 km",Petrol,Manual,"EMI ₹9,798/m*",₹2.95 lakh
3499,Honda Amaze,Honda,2017,"99,793 km",Diesel,Manual,"EMI ₹26,210/m*",₹2.95 lakh
3500,Hyundai Elite i20,Hyundai,2015,"55,578 km",Petrol,Manual,"EMI ₹8,453/m*",₹3.21 lakh
3501,Maruti Vitara Brezza,Maruti,2017,"1,01,904 km",Diesel,Manual,"EMI ₹37,316/m*",₹4.20 lakh
3502,Maruti New Wagon-R,Maruti,2021,"1,43,691 km",Petrol,Manual,"EMI ₹8,230/m*",₹3.70 lakh
3503,Maruti Vitara Brezza,Maruti,2017,"1,11,781 km",Diesel,Manual,"EMI ₹35,540/m*",₹4.00 lakh
3504,Maruti Swift Dzire,Maruti,2016,"1,68,775 km",Diesel,Manual,"EMI ₹35,540/m*",₹3.70 lakh
3505,Maruti Alto K10,Maruti,2023,"19,742 km",Petrol,Manual,"EMI ₹6,902/m*",₹3.91 lakh
3506,Tata NEXON,Tata,2020,"72,465 km",Petrol,Manual,"EMI ₹8,826/m*",₹5.00 lakh
3507,Maruti Baleno,Maruti,2019,"94,491 km",Petrol,Manual,"EMI ₹7,644/m*",₹4.33 lakh
3508,Honda City,Honda,2015,"64,707 km",Petrol,Manual,"EMI ₹8,822/m*",₹3.35 lakh
3509,Maruti XL6,Maruti,2021,"59,003 km",Petrol,Manual,"EMI ₹12,922/m*",₹7.32 lakh
3510,Maruti Swift Dzire,Maruti,2015,"1,31,839 km",Petrol,Manual,"EMI ₹8,980/m*",₹3.41 lakh
3511,Maruti Dzire,Maruti,2017,"1,19,530 km",Diesel,Auto,"EMI ₹31,364/m*",₹3.53 lakh
3512,Toyota Corolla Altis,Toyota,2011,"1,21,637 km",Petrol,Manual,"EMI ₹31,364/m*",₹1.47 lakh
3513,Hyundai Verna,Hyundai,2019,"96,923 km",Petrol,Auto,"EMI ₹11,474/m*",₹6.50 lakh
3514,Hyundai Elite i20,Hyundai,2020,"70,019 km",Petrol,Manual,"EMI ₹8,791/m*",₹4.98 lakh
3515,Hyundai Creta,Hyundai,2017,"1,48,706 km",Petrol,Auto,"EMI ₹13,235/m*",₹5.95 lakh
3516,Toyota Corolla Altis,Toyota,2011,"77,760 km",Petrol,Manual,"EMI ₹13,235/m*",₹1.45 lakh
3517,Hyundai Grand i10,Hyundai,2014,"50,169 km",Petrol,Manual,"EMI ₹10,130/m*",₹3.05 lakh
3518,Honda Amaze,Honda,2018,"69,793 km",Petrol,Manual,"EMI ₹7,414/m*",₹4.20 lakh
3519,Mahindra XUV300,Mahindra,2019,"59,488 km",Petrol,Manual,"EMI ₹8,738/m*",₹4.95 lakh
3520,Skoda Superb,Skoda,2011,"1,11,644 km",Petrol,Manual,"EMI ₹8,738/m*",₹1.81 lakh
3521,Honda City,Honda,2016,"88,713 km",Petrol,Manual,"EMI ₹8,141/m*",₹3.66 lakh
3522,Mahindra XUV 3XO,Mahindra,2025,196 km,Petrol,Manual,"EMI ₹13,681/m*",₹7.75 lakh
3523,Mahindra Scorpio,Mahindra,2021,"95,924 km",Diesel,Manual,"EMI ₹23,917/m*",₹11.00 lakh
3524,Maruti Alto,Maruti,2010,"1,81,156 km",Petrol,Manual,"EMI ₹23,917/m*",₹0.52 lakh
3525,Tata NEXON,Tata,2022,"16,238 km",Petrol,Auto,"EMI ₹12,710/m*",₹7.20 lakh
3526,Hyundai Santro Xing,Hyundai,2012,"99,913 km",Petrol,Manual,"EMI ₹7,019/m*",₹0.79 lakh
3527,Hyundai Creta,Hyundai,2017,"1,44,693 km",Petrol,Manual,"EMI ₹10,900/m*",₹4.90 lakh
3528,Mahindra XUV700,Mahindra,2022,"65,009 km",Diesel,Auto,"EMI ₹37,459/m*",₹19.68 lakh
3529,Mahindra XUV700,Mahindra,2023,"20,038 km",Petrol,Manual,"EMI ₹30,290/m*",₹17.69 lakh
3530,Honda Amaze,Honda,2018,"89,786 km",Diesel,Auto,"EMI ₹21,418/m*",₹4.55 lakh
3531,Hyundai Elite i20,Hyundai,2017,"1,79,087 km",Diesel,Manual,"EMI ₹31,008/m*",₹3.49 lakh
3532,Maruti Swift Dzire,Maruti,2017,"1,12,810 km",Diesel,Manual,"EMI ₹37,761/m*",₹4.25 lakh
3533,Maruti Vitara Brezza,Maruti,2017,"1,43,125 km",Diesel,Manual,"EMI ₹36,783/m*",₹4.14 lakh
3534,Maruti Ertiga,Maruti,2019,"52,506 km",Petrol,Manual,"EMI ₹12,798/m*",₹7.25 lakh
3535,Tata Hexa,Tata,2017,"45,820 km",Diesel,Manual,"EMI ₹37,761/m*",₹4.25 lakh
3536,Tata NEXON,Tata,2018,"38,585 km",Petrol,Manual,"EMI ₹8,209/m*",₹4.65 lakh
3537,Maruti Wagon R 1.0,Maruti,2010,"1,18,175 km",Petrol,Manual,"EMI ₹8,209/m*",₹0.68 lakh
3538,Maruti Wagon R 1.0,Maruti,2011,"91,656 km",Petrol,Manual,"EMI ₹8,209/m*",₹0.94 lakh
3539,Tata Tiago,Tata,2022,"29,741 km",Petrol,Manual,"EMI ₹7,026/m*",₹3.98 lakh
3540,Hyundai Verna,Hyundai,2016,"89,177 km",Petrol,Manual,"EMI ₹8,564/m*",₹3.85 lakh
3541,Maruti New Wagon-R,Maruti,2020,"1,22,462 km",Petrol,Manual,"EMI ₹8,987/m*",₹4.04 lakh
3542,Honda Jazz,Honda,2012,"42,981 km",Petrol,Manual,"EMI ₹12,883/m*",₹1.45 lakh
3543,Maruti Eeco,Maruti,2018,"1,15,051 km",Petrol,Manual,"EMI ₹5,272/m*",₹2.37 lakh
3544,Maruti Wagon R 1.0,Maruti,2011,"13,995 km",Petrol,Manual,"EMI ₹5,272/m*",₹0.86 lakh
3545,Maruti Alto,Maruti,2011,"31,753 km",Petrol,Manual,"EMI ₹5,272/m*",₹0.92 lakh
3546,Hyundai Santro Xing,Hyundai,2010,"1,48,447 km",Petrol,Manual,"EMI ₹5,272/m*",₹0.60 lakh
3547,Hyundai Grand i10,Hyundai,2017,"23,316 km",Petrol,Manual,"EMI ₹7,234/m*",₹3.70 lakh
3548,Maruti S PRESSO,Maruti,2021,"1,11,256 km",Petrol,Manual,"EMI ₹7,475/m*",₹3.36 lakh
3549,Maruti Wagon R 1.0,Maruti,2018,"78,381 km",Petrol,Manual,"EMI ₹4,819/m*",₹2.73 lakh
3550,Tata NEXON,Tata,2019,"1,02,322 km",Petrol,Auto,"EMI ₹11,434/m*",₹5.14 lakh
3551,Mahindra SCORPIO-N,Mahindra,2023,"22,536 km",Petrol,Manual,"EMI ₹27,225/m*",₹15.90 lakh
3552,Honda WR-V,Honda,2018,"77,451 km",Petrol,Manual,"EMI ₹9,285/m*",₹5.26 lakh
3553,Ford Ecosport,Ford,2015,"97,023 km",Petrol,Manual,"EMI ₹8,058/m*",₹3.06 lakh
3554,Maruti Alto 800,Maruti,2018,"29,220 km",Petrol,Manual,"EMI ₹4,307/m*",₹2.44 lakh
3555,Volkswagen Vento,Volkswagen,2016,"2,14,898 km",Petrol,Auto,"EMI ₹7,474/m*",₹3.36 lakh
3556,Honda Amaze,Honda,2017,"64,294 km",Petrol,Manual,"EMI ₹6,061/m*",₹3.10 lakh
3557,Renault TRIBER,Renault,2022,"28,210 km",Petrol,Manual,"EMI ₹8,067/m*",₹4.57 lakh
3558,Tata Harrier,Tata,2020,"98,660 km",Diesel,Manual,"EMI ₹22,272/m*",₹8.62 lakh
3559,KIA CARENS,KIA,2022,"91,645 km",Diesel,Manual,"EMI ₹23,355/m*",₹12.27 lakh
3560,Maruti Dzire,Maruti,2022,"72,778 km",Petrol,Manual,"EMI ₹9,780/m*",₹5.54 lakh
3561,Hyundai Santro Xing,Hyundai,2013,"1,12,385 km",Petrol,Manual,"EMI ₹5,178/m*",₹1.10 lakh
3562,Mahindra XUV700,Mahindra,2023,"42,942 km",Diesel,Auto,"EMI ₹34,245/m*",₹20.00 lakh
3563,Maruti Swift,Maruti,2021,"20,285 km",Petrol,Manual,"EMI ₹10,044/m*",₹5.69 lakh
3564,Maruti Swift,Maruti,2012,"79,024 km",Petrol,Manual,"EMI ₹16,881/m*",₹1.90 lakh
3565,Maruti Alto,Maruti,2012,"75,806 km",Petrol,Manual,"EMI ₹7,641/m*",₹0.86 lakh
3566,Maruti New Wagon-R,Maruti,2022,"57,276 km",Petrol,Manual,"EMI ₹7,661/m*",₹4.34 lakh
3567,Hyundai Santro Xing,Hyundai,2013,"91,105 km",Petrol,Manual,"EMI ₹6,449/m*",₹1.37 lakh
3568,Honda City,Honda,2011,"2,31,062 km",Petrol,Manual,"EMI ₹6,449/m*",₹1.20 lakh
3569,Hyundai Creta,Hyundai,2019,"51,864 km",Petrol,Auto,"EMI ₹15,633/m*",₹9.13 lakh
3570,Tata NEXON,Tata,2022,"75,824 km",Petrol,Manual,"EMI ₹11,474/m*",₹6.50 lakh
3571,Maruti Dzire,Maruti,2017,"95,835 km",Petrol,Manual,"EMI ₹7,253/m*",₹3.71 lakh
3572,Hyundai Creta,Hyundai,2019,"70,716 km",Petrol,Auto,"EMI ₹15,410/m*",₹9.00 lakh
3573,Honda Amaze,Honda,2019,"55,465 km",Petrol,Manual,"EMI ₹7,485/m*",₹4.24 lakh
3574,Hyundai Creta,Hyundai,2018,"1,16,586 km",Diesel,Manual,"EMI ₹30,598/m*",₹6.50 lakh
3575,Mahindra XUV500,Mahindra,2018,"71,536 km",Diesel,Manual,"EMI ₹36,247/m*",₹7.70 lakh
3576,Mahindra XUV500,Mahindra,2017,"48,324 km",Diesel,Auto,"EMI ₹68,858/m*",₹7.75 lakh
3577,Maruti New Wagon-R,Maruti,2021,"99,189 km",Petrol,Manual,"EMI ₹6,637/m*",₹3.76 lakh
3578,Maruti Dzire,Maruti,2018,"1,05,778 km",Petrol,Manual,"EMI ₹9,765/m*",₹4.39 lakh
3579,Mahindra XUV500,Mahindra,2017,"82,125 km",Diesel,Auto,"EMI ₹50,200/m*",₹5.65 lakh
3580,Honda City,Honda,2013,"81,432 km",Petrol,Manual,"EMI ₹9,697/m*",₹2.06 lakh
3581,Hyundai Creta,Hyundai,2017,"1,04,422 km",Diesel,Manual,"EMI ₹42,736/m*",₹4.81 lakh
3582,Volkswagen Polo,Volkswagen,2013,"97,655 km",Petrol,Manual,"EMI ₹11,815/m*",₹2.51 lakh
3583,Maruti New Wagon-R,Maruti,2021,"83,948 km",Petrol,Manual,"EMI ₹6,708/m*",₹3.80 lakh
3584,Tata NEXON,Tata,2022,"35,502 km",Petrol,Manual,"EMI ₹11,563/m*",₹6.55 lakh
3585,Maruti Swift,Maruti,2020,"53,947 km",Petrol,Manual,"EMI ₹8,809/m*",₹4.99 lakh
3586,Hyundai Eon,Hyundai,2013,"27,350 km",Petrol,Manual,"EMI ₹6,167/m*",₹1.31 lakh
3587,Hyundai Elite i20,Hyundai,2017,"49,636 km",Petrol,Manual,"EMI ₹6,843/m*",₹3.50 lakh
3588,Hyundai Elite i20,Hyundai,2015,"38,901 km",Petrol,Manual,"EMI ₹9,033/m*",₹3.43 lakh
3589,Maruti New Wagon-R,Maruti,2020,"87,884 km",Petrol,Manual,"EMI ₹6,161/m*",₹3.49 lakh
3590,Hyundai Elite i20,Hyundai,2017,"72,503 km",Petrol,Manual,"EMI ₹7,155/m*",₹3.66 lakh
3591,Hyundai i20,Hyundai,2011,"1,10,326 km",Petrol,Manual,"EMI ₹7,155/m*",₹0.85 lakh
3592,Maruti New Wagon-R,Maruti,2022,"62,839 km",Petrol,Manual,"EMI ₹7,206/m*",₹4.08 lakh
3593,Toyota Innova Crysta,Toyota,2017,"90,204 km",Diesel,Manual,"EMI ₹87,675/m*",₹9.92 lakh
3594,Maruti Ciaz,Maruti,2018,"2,25,122 km",Diesel,Manual,"EMI ₹16,476/m*",₹3.50 lakh
3595,Ford Ecosport,Ford,2017,"78,059 km",Diesel,Manual,"EMI ₹30,031/m*",₹3.38 lakh
3596,Ford Ecosport,Ford,2018,"1,24,848 km",Diesel,Manual,"EMI ₹23,537/m*",₹5.00 lakh
3597,Maruti Vitara Brezza,Maruti,2020,"33,971 km",Petrol,Manual,"EMI ₹11,810/m*",₹6.69 lakh
3598,Maruti Ertiga,Maruti,2016,"76,329 km",Diesel,Manual,"EMI ₹11,810/m*",₹4.15 lakh
3599,Honda Amaze,Honda,2017,"78,009 km",Petrol,Manual,"EMI ₹6,061/m*",₹3.10 lakh
3600,Honda City,Honda,2015,"64,087 km",Petrol,Manual,"EMI ₹8,875/m*",₹3.37 lakh
3601,Nissan MAGNITE,Nissan,2021,"1,85,051 km",Petrol,Manual,"EMI ₹8,698/m*",₹3.91 lakh
3602,Honda Amaze,Honda,2021,"1,12,546 km",Petrol,Manual,"EMI ₹9,765/m*",₹4.39 lakh
3603,Hyundai i20 Active,Hyundai,2016,"1,17,031 km",Diesel,Manual,"EMI ₹9,765/m*",₹4.00 lakh
3604,Tata ALTROZ,Tata,2020,"65,375 km",Diesel,Manual,"EMI ₹12,983/m*",₹4.93 lakh
3605,Maruti New Wagon-R,Maruti,2023,"66,094 km",Petrol,Manual,"EMI ₹8,085/m*",₹4.58 lakh
3606,Maruti New Wagon-R,Maruti,2021,"81,315 km",Petrol,Manual,"EMI ₹6,743/m*",₹3.82 lakh
3607,Maruti Vitara Brezza,Maruti,2018,"94,403 km",Diesel,Manual,"EMI ₹18,641/m*",₹3.96 lakh
3608,Honda City,Honda,2016,"77,197 km",Petrol,Manual,"EMI ₹8,987/m*",₹4.04 lakh
3609,Tata Hexa,Tata,2018,"78,562 km",Diesel,Manual,"EMI ₹32,650/m*",₹6.94 lakh
3610,Toyota Etios,Toyota,2015,"46,678 km",Petrol,Manual,"EMI ₹8,005/m*",₹3.04 lakh
3611,Mahindra Thar,Mahindra,2023,"8,554 km",Petrol,Auto,"EMI ₹26,540/m*",₹15.50 lakh
3612,Maruti Alto,Maruti,2012,"1,20,838 km",Petrol,Manual,"EMI ₹8,618/m*",₹0.97 lakh
3613,Hyundai Creta,Hyundai,2017,"77,178 km",Diesel,Manual,"EMI ₹49,666/m*",₹5.59 lakh
3614,Maruti Dzire,Maruti,2018,"1,67,909 km",Petrol,Manual,"EMI ₹9,587/m*",₹4.31 lakh
3615,Hyundai NEW SANTRO,Hyundai,2019,"24,713 km",Petrol,Auto,"EMI ₹5,825/m*",₹3.30 lakh
3616,Hyundai Eon,Hyundai,2013,"78,350 km",Petrol,Manual,"EMI ₹5,884/m*",₹1.25 lakh
3617,Maruti New Wagon-R,Maruti,2022,"1,10,245 km",Petrol,Manual,"EMI ₹10,121/m*",₹4.55 lakh
3618,Hyundai Creta,Hyundai,2019,"70,591 km",Petrol,Auto,"EMI ₹13,681/m*",₹7.75 lakh
3619,Honda City,Honda,2015,"70,349 km",Petrol,Auto,"EMI ₹12,509/m*",₹4.75 lakh
3620,Hyundai Creta,Hyundai,2017,"1,11,298 km",Diesel,Manual,"EMI ₹47,534/m*",₹5.35 lakh
3621,Toyota Etios,Toyota,2016,"75,200 km",Petrol,Manual,"EMI ₹6,184/m*",₹2.78 lakh
3622,Tata Hexa,Tata,2018,"1,19,265 km",Diesel,Manual,"EMI ₹27,679/m*",₹5.88 lakh
3623,Maruti Dzire,Maruti,2017,"2,03,462 km",Diesel,Manual,"EMI ₹35,095/m*",₹3.95 lakh
3624,Hyundai GRAND I10 NIOS,Hyundai,2022,"13,868 km",Diesel,Auto,"EMI ₹12,219/m*",₹6.25 lakh
3625,Maruti Ertiga,Maruti,2013,"76,857 km",Petrol,Manual,"EMI ₹15,111/m*",₹3.21 lakh
3626,Tata TIGOR,Tata,2022,"81,022 km",Petrol,Manual,"EMI ₹8,120/m*",₹4.60 lakh
3627,Maruti Dzire,Maruti,2022,"92,559 km",Petrol,Manual,"EMI ₹11,845/m*",₹6.71 lakh
3628,Maruti Vitara Brezza,Maruti,2022,"41,377 km",Petrol,Manual,"EMI ₹10,680/m*",₹6.05 lakh
3629,Tata Harrier,Tata,2022,"86,278 km",Diesel,Auto,"EMI ₹25,829/m*",₹13.57 lakh
3630,Maruti Baleno,Maruti,2018,"69,193 km",Petrol,Manual,"EMI ₹6,920/m*",₹3.92 lakh
3631,Maruti IGNIS,Maruti,2020,"30,537 km",Petrol,Manual,"EMI ₹12,498/m*",₹7.08 lakh
3632,Maruti Baleno,Maruti,2023,"52,990 km",Petrol,Manual,"EMI ₹10,821/m*",₹6.13 lakh
3633,Hyundai Creta,Hyundai,2017,"83,261 km",Petrol,Manual,"EMI ₹9,716/m*",₹4.97 lakh
3634,Honda City,Honda,2019,"70,727 km",Petrol,Manual,"EMI ₹10,486/m*",₹5.94 lakh
3635,Mahindra XUV500,Mahindra,2019,"1,60,000 km",Diesel,Manual,"EMI ₹21,589/m*",₹6.50 lakh
3636,Maruti Dzire,Maruti,2019,"95,523 km",Petrol,Manual,"EMI ₹6,708/m*",₹3.80 lakh
3637,Honda City,Honda,2015,"1,03,493 km",Petrol,Auto,"EMI ₹8,558/m*",₹3.25 lakh
3638,Honda Mobilio,Honda,2014,"40,794 km",Petrol,Manual,"EMI ₹10,828/m*",₹3.26 lakh
3639,Hyundai Creta,Hyundai,2017,"1,65,119 km",Diesel,Manual,"EMI ₹40,337/m*",₹4.54 lakh
3640,Tata NEXON,Tata,2022,"27,476 km",Petrol,Manual,"EMI ₹12,357/m*",₹7.00 lakh
3641,Hyundai Santro Xing,Hyundai,2013,"1,12,007 km",Petrol,Manual,"EMI ₹5,272/m*",₹1.12 lakh
3642,Ford Ecosport,Ford,2015,"93,299 km",Petrol,Manual,"EMI ₹8,348/m*",₹3.17 lakh
3643,Tata NEXON,Tata,2021,"81,154 km",Diesel,Auto,"EMI ₹13,925/m*",₹6.26 lakh
3644,Maruti Vitara Brezza,Maruti,2016,"1,21,216 km",Diesel,Manual,"EMI ₹13,925/m*",₹4.03 lakh
3645,Hyundai GRAND I10 NIOS,Hyundai,2022,"12,250 km",Petrol,Manual,"EMI ₹10,150/m*",₹5.75 lakh
3646,Maruti Vitara Brezza,Maruti,2016,"60,170 km",Diesel,Manual,"EMI ₹10,150/m*",₹4.50 lakh
3647,Maruti Vitara Brezza,Maruti,2017,"1,77,353 km",Diesel,Manual,"EMI ₹39,360/m*",₹4.43 lakh
3648,Hyundai AURA,Hyundai,2023,"47,504 km",Petrol,Manual,"EMI ₹11,051/m*",₹6.26 lakh
3649,Honda Jazz,Honda,2012,"1,09,131 km",Petrol,Manual,"EMI ₹10,129/m*",₹1.14 lakh
3650,Tata NEXON,Tata,2023,"41,990 km",Petrol,Auto,"EMI ₹13,698/m*",₹8.00 lakh
3651,Tata TIGOR,Tata,2023,"90,517 km",Petrol,Manual,"EMI ₹10,150/m*",₹5.75 lakh
3652,Tata PUNCH,Tata,2024,"26,222 km",Petrol,Manual,"EMI ₹9,091/m*",₹5.15 lakh
3653,Hyundai Creta,Hyundai,2017,"44,318 km",Petrol,Auto,"EMI ₹15,246/m*",₹8.01 lakh
3654,Hyundai AURA,Hyundai,2022,"37,679 km",Petrol,Manual,"EMI ₹10,592/m*",₹6.00 lakh
3655,Toyota Innova Crysta,Toyota,2017,"2,85,531 km",Diesel,Manual,"EMI ₹98,811/m*",₹11.18 lakh
3656,Maruti Celerio,Maruti,2018,"1,06,833 km",Petrol,Manual,"EMI ₹6,673/m*",₹3.00 lakh
3657,KIA SELTOS,KIA,2019,"52,396 km",Petrol,Manual,"EMI ₹16,327/m*",₹7.34 lakh
3658,Honda Jazz,Honda,2017,"57,888 km",Petrol,Auto,"EMI ₹8,172/m*",₹4.18 lakh
3659,Hyundai AURA,Hyundai,2021,"1,25,910 km",Petrol,Manual,"EMI ₹11,500/m*",₹5.17 lakh
3660,Hyundai VENUE,Hyundai,2022,"29,214 km",Petrol,Manual,"EMI ₹11,474/m*",₹6.50 lakh
3661,Mahindra Kuv100,Mahindra,2017,"27,610 km",Petrol,Manual,"EMI ₹4,868/m*",₹2.49 lakh
3662,Maruti Baleno,Maruti,2024,"44,413 km",Petrol,Manual,"EMI ₹9,833/m*",₹5.57 lakh
3663,Hyundai Elite i20,Hyundai,2015,"44,606 km",Petrol,Manual,"EMI ₹8,848/m*",₹3.36 lakh
3664,Hyundai Creta,Hyundai,2018,"58,313 km",Petrol,Manual,"EMI ₹10,592/m*",₹6.00 lakh
3665,Ford Ecosport,Ford,2018,"58,857 km",Petrol,Manual,"EMI ₹7,803/m*",₹4.42 lakh
3666,Maruti Ertiga,Maruti,2015,"83,280 km",Petrol,Manual,"EMI ₹10,139/m*",₹3.85 lakh
3667,Maruti Wagon R 1.0,Maruti,2017,"64,500 km",Petrol,Manual,"EMI ₹4,731/m*",₹2.42 lakh
3668,Maruti Baleno,Maruti,2018,"1,38,395 km",Diesel,Manual,"EMI ₹18,971/m*",₹4.03 lakh
3669,Maruti Swift,Maruti,2017,"70,997 km",Petrol,Manual,"EMI ₹5,767/m*",₹2.95 lakh
3670,Maruti Swift Dzire,Maruti,2020,"67,170 km",Petrol,Manual,"EMI ₹6,973/m*",₹3.95 lakh
3671,Honda City,Honda,2019,"37,813 km",Petrol,Auto,"EMI ₹11,933/m*",₹6.76 lakh
3672,Hyundai GRAND I10 NIOS,Hyundai,2022,"30,522 km",Petrol,Manual,"EMI ₹9,268/m*",₹5.25 lakh
3673,Nissan MAGNITE,Nissan,2023,"47,805 km",Petrol,Manual,"EMI ₹7,785/m*",₹4.41 lakh
3674,Tata NEXON,Tata,2022,"37,745 km",Petrol,Manual,"EMI ₹12,357/m*",₹7.00 lakh
3675,Maruti S Cross,Maruti,2016,"1,23,644 km",Diesel,Manual,"EMI ₹12,357/m*",₹3.05 lakh
3676,Maruti IGNIS,Maruti,2021,"60,599 km",Petrol,Manual,"EMI ₹6,426/m*",₹3.64 lakh
3677,Maruti Ertiga,Maruti,2017,"2,30,128 km",Diesel,Manual,"EMI ₹35,451/m*",₹3.99 lakh
3678,Maruti New Wagon-R,Maruti,2023,"37,532 km",Petrol,Manual,"EMI ₹10,239/m*",₹5.80 lakh
3679,Maruti Dzire,Maruti,2017,"77,120 km",Diesel,Auto,"EMI ₹36,353/m*",₹4.09 lakh
3680,Tata TIGOR,Tata,2022,"1,07,606 km",Petrol,Manual,"EMI ₹8,787/m*",₹3.95 lakh
3681,Toyota Innova Crysta,Toyota,2017,"1,14,243 km",Diesel,Auto,"EMI ₹92,801/m*",₹10.50 lakh
3682,Hyundai Elite i20,Hyundai,2017,"58,349 km",Petrol,Manual,"EMI ₹6,843/m*",₹3.50 lakh
3683,Ford Ecosport,Ford,2021,"61,051 km",Petrol,Manual,"EMI ₹11,015/m*",₹6.24 lakh
3684,Tata Tiago,Tata,2022,"76,672 km",Petrol,Manual,"EMI ₹6,690/m*",₹3.79 lakh
3685,Maruti Baleno,Maruti,2018,"51,810 km",Petrol,Manual,"EMI ₹6,532/m*",₹3.70 lakh
3686,Hyundai Elite i20,Hyundai,2016,"35,507 km",Petrol,Manual,"EMI ₹7,051/m*",₹3.17 lakh
3687,Honda Amaze,Honda,2018,"1,16,473 km",Petrol,Manual,"EMI ₹8,742/m*",₹3.93 lakh
3688,Maruti Ertiga,Maruti,2016,"85,549 km",Diesel,Manual,"EMI ₹8,742/m*",₹6.32 lakh
3689,Honda Jazz,Honda,2016,"35,003 km",Petrol,Manual,"EMI ₹7,407/m*",₹3.33 lakh
3690,Maruti IGNIS,Maruti,2020,"83,204 km",Petrol,Manual,"EMI ₹6,231/m*",₹3.53 lakh
3691,Hyundai Creta,Hyundai,2016,"94,380 km",Diesel,Manual,"EMI ₹6,231/m*",₹5.81 lakh
3692,Hyundai Elite i20,Hyundai,2017,"80,815 km",Petrol,Manual,"EMI ₹6,628/m*",₹3.39 lakh
3693,Maruti Vitara Brezza,Maruti,2018,"80,666 km",Diesel,Manual,"EMI ₹25,890/m*",₹5.50 lakh
3694,Tata PUNCH,Tata,2024,"10,378 km",Petrol,Manual,"EMI ₹9,338/m*",₹5.29 lakh
3695,Hyundai i20 Active,Hyundai,2016,"65,360 km",Petrol,Manual,"EMI ₹7,741/m*",₹3.48 lakh
3696,Maruti Celerio,Maruti,2020,"62,484 km",Petrol,Manual,"EMI ₹6,796/m*",₹3.85 lakh
3697,Maruti S PRESSO,Maruti,2024,"6,728 km",Petrol,Manual,"EMI ₹6,496/m*",₹3.68 lakh
3698,Tata TIGOR,Tata,2022,"1,39,817 km",Petrol,Manual,"EMI ₹10,054/m*",₹4.52 lakh
3699,Hyundai Elite i20,Hyundai,2017,"59,492 km",Petrol,Manual,"EMI ₹7,234/m*",₹3.70 lakh
3700,Hyundai Creta,Hyundai,2016,"14,330 km",Petrol,Auto,"EMI ₹13,235/m*",₹5.95 lakh
3701,Maruti Swift Dzire,Maruti,2017,"72,844 km",Diesel,Manual,"EMI ₹26,655/m*",₹3.00 lakh
3702,Hyundai AURA,Hyundai,2023,"50,817 km",Petrol,Manual,"EMI ₹10,539/m*",₹5.97 lakh
3703,CITROEN C3,CITROEN,2023,"11,474 km",Petrol,Manual,"EMI ₹8,985/m*",₹5.09 lakh
3704,Mahindra XUV500,Mahindra,2017,"59,482 km",Diesel,Manual,"EMI ₹53,309/m*",₹6.00 lakh
3705,Mahindra Scorpio,Mahindra,2021,"75,923 km",Diesel,Manual,"EMI ₹24,808/m*",₹11.41 lakh
3706,Maruti Dzire,Maruti,2022,"51,375 km",Petrol,Manual,"EMI ₹10,927/m*",₹6.19 lakh
3707,Hyundai Elite i20,Hyundai,2018,"16,905 km",Petrol,Manual,"EMI ₹7,767/m*",₹4.40 lakh
3708,Hyundai GRAND I10 NIOS,Hyundai,2020,"61,155 km",Petrol,Manual,"EMI ₹7,538/m*",₹4.27 lakh
3709,Honda Amaze,Honda,2017,"54,110 km",Petrol,Manual,"EMI ₹6,364/m*",₹3.25 lakh
3710,Hyundai Grand i10,Hyundai,2019,"51,386 km",Petrol,Auto,"EMI ₹6,620/m*",₹3.75 lakh
3711,Ford Ecosport,Ford,2018,"1,00,090 km",Petrol,Manual,"EMI ₹10,010/m*",₹4.50 lakh
3712,Honda City,Honda,2014,"84,809 km",Petrol,Manual,"EMI ₹10,629/m*",₹3.20 lakh
3713,Maruti Wagon R 1.0,Maruti,2012,"1,04,239 km",Petrol,Manual,"EMI ₹11,995/m*",₹1.35 lakh
3714,Hyundai Verna,Hyundai,2023,"46,625 km",Petrol,Auto,"EMI ₹18,150/m*",₹10.60 lakh
3715,Honda City,Honda,2015,"82,152 km",Petrol,Auto,"EMI ₹10,297/m*",₹3.91 lakh
3716,Mahindra XUV500,Mahindra,2016,"1,60,951 km",Diesel,Manual,"EMI ₹10,297/m*",₹5.76 lakh
3717,Hyundai Santro Xing,Hyundai,2012,"1,10,140 km",Petrol,Manual,"EMI ₹8,618/m*",₹0.97 lakh
3718,Tata PUNCH,Tata,2023,"16,812 km",Petrol,Manual,"EMI ₹10,062/m*",₹5.70 lakh
3719,Maruti New Wagon-R,Maruti,2021,"1,53,997 km",Petrol,Manual,"EMI ₹9,521/m*",₹4.28 lakh
3720,Honda Mobilio,Honda,2015,"79,795 km",Petrol,Manual,"EMI ₹8,901/m*",₹3.38 lakh
3721,Hyundai Grand i10,Hyundai,2018,"24,769 km",Petrol,Manual,"EMI ₹5,914/m*",₹3.35 lakh
3722,Maruti Dzire,Maruti,2022,"54,291 km",Petrol,Manual,"EMI ₹11,721/m*",₹6.64 lakh
3723,KIA SONET,KIA,2020,"34,799 km",Petrol,Manual,"EMI ₹10,998/m*",₹6.23 lakh
3724,Maruti New Wagon-R,Maruti,2022,"34,430 km",Petrol,Manual,"EMI ₹8,562/m*",₹4.85 lakh
3725,Hyundai Elite i20,Hyundai,2017,"1,01,144 km",Petrol,Manual,"EMI ₹7,563/m*",₹3.40 lakh
3726,Maruti New Wagon-R,Maruti,2022,"85,070 km",Petrol,Manual,"EMI ₹7,873/m*",₹4.46 lakh
3727,Hyundai Creta,Hyundai,2019,"1,25,722 km",Diesel,Auto,"EMI ₹23,250/m*",₹7.00 lakh
3728,Honda City,Honda,2013,"61,941 km",Petrol,Manual,"EMI ₹12,663/m*",₹2.69 lakh
3729,Hyundai NEW SANTRO,Hyundai,2022,"56,294 km",Petrol,Manual,"EMI ₹7,291/m*",₹4.13 lakh
3730,Hyundai Creta,Hyundai,2018,"74,257 km",Diesel,Manual,"EMI ₹35,305/m*",₹7.50 lakh
3731,Maruti New Wagon-R,Maruti,2022,"22,021 km",Petrol,Manual,"EMI ₹7,308/m*",₹4.14 lakh
3732,Toyota Etios,Toyota,2015,"1,85,352 km",Petrol,Manual,"EMI ₹8,690/m*",₹3.30 lakh
3733,Toyota Innova Crysta,Toyota,2017,"1,03,814 km",Diesel,Auto,"EMI ₹115,073/m*",₹13.02 lakh
3734,Maruti New Wagon-R,Maruti,2020,"1,08,937 km",Petrol,Manual,"EMI ₹7,941/m*",₹3.57 lakh
3735,Honda City,Honda,2017,"29,600 km",Petrol,Manual,"EMI ₹9,384/m*",₹4.80 lakh
3736,Hyundai Verna,Hyundai,2018,"62,186 km",Diesel,Manual,"EMI ₹28,574/m*",₹6.07 lakh
3737,Hyundai i20,Hyundai,2011,"98,201 km",Petrol,Manual,"EMI ₹28,574/m*",₹0.89 lakh
3738,Maruti Ciaz,Maruti,2017,"1,17,338 km",Diesel,Manual,"EMI ₹28,432/m*",₹3.20 lakh
3739,Hyundai Creta,Hyundai,2017,"77,495 km",Petrol,Manual,"EMI ₹11,241/m*",₹5.75 lakh
3740,Maruti Celerio,Maruti,2019,"1,02,832 km",Petrol,Manual,"EMI ₹7,496/m*",₹3.37 lakh
3741,Maruti New Wagon-R,Maruti,2022,"97,204 km",Petrol,Manual,"EMI ₹7,520/m*",₹4.26 lakh
3742,Hyundai Creta,Hyundai,2015,"99,585 km",Diesel,Auto,"EMI ₹7,520/m*",₹4.00 lakh
3743,Maruti Vitara Brezza,Maruti,2018,"1,13,962 km",Diesel,Manual,"EMI ₹22,548/m*",₹4.79 lakh
3744,Maruti S Cross,Maruti,2018,"1,02,347 km",Diesel,Manual,"EMI ₹24,949/m*",₹5.30 lakh
3745,Renault Captur,Renault,2017,"1,44,976 km",Diesel,Manual,"EMI ₹32,430/m*",₹3.65 lakh
3746,Maruti New Wagon-R,Maruti,2020,"35,369 km",Petrol,Manual,"EMI ₹6,214/m*",₹3.52 lakh
3747,Maruti Swift,Maruti,2019,"50,829 km",Petrol,Manual,"EMI ₹8,138/m*",₹4.61 lakh
3748,Hyundai Santro Xing,Hyundai,2012,"1,00,915 km",Petrol,Manual,"EMI ₹9,151/m*",₹1.03 lakh
3749,Maruti Vitara Brezza,Maruti,2019,"68,541 km",Diesel,Manual,"EMI ₹18,600/m*",₹5.60 lakh
3750,Tata NEXON,Tata,2022,"60,817 km",Petrol,Manual,"EMI ₹11,527/m*",₹6.53 lakh
3751,Jeep Compass,Jeep,2017,"1,01,510 km",Diesel,Manual,"EMI ₹53,309/m*",₹6.00 lakh
3752,Honda Amaze,Honda,2023,"65,463 km",Petrol,Manual,"EMI ₹9,585/m*",₹5.43 lakh
3753,Hyundai Elite i20,Hyundai,2018,"53,804 km",Petrol,Manual,"EMI ₹7,255/m*",₹4.11 lakh
3754,Mahindra XUV700,Mahindra,2023,"17,982 km",Petrol,Auto,"EMI ₹33,303/m*",₹19.45 lakh
3755,Tata PUNCH,Tata,2024,"8,643 km",Petrol,Manual,"EMI ₹12,269/m*",₹6.95 lakh
3756,Hyundai Elite i20,Hyundai,2016,"67,827 km",Petrol,Manual,"EMI ₹7,452/m*",₹3.35 lakh
3757,KIA SONET,KIA,2025,"18,449 km",Diesel,Manual,"EMI ₹16,027/m*",₹9.36 lakh
3758,Mahindra XUV500,Mahindra,2018,"81,483 km",Diesel,Auto,"EMI ₹37,286/m*",₹8.00 lakh
3759,Maruti Baleno,Maruti,2019,"70,051 km",Petrol,Auto,"EMI ₹7,626/m*",₹4.32 lakh
3760,Maruti Celerio,Maruti,2018,"79,701 km",Petrol,Manual,"EMI ₹5,278/m*",₹2.99 lakh
3761,Mahindra XUV300,Mahindra,2019,"89,300 km",Diesel,Manual,"EMI ₹14,548/m*",₹4.38 lakh
3762,Jeep Compass,Jeep,2018,"66,848 km",Petrol,Auto,"EMI ₹12,357/m*",₹7.00 lakh
3763,Maruti Vitara Brezza,Maruti,2016,"1,74,176 km",Diesel,Manual,"EMI ₹12,357/m*",₹4.01 lakh
3764,Hyundai Elite i20,Hyundai,2017,"92,498 km",Petrol,Manual,"EMI ₹7,194/m*",₹3.68 lakh
3765,Maruti Baleno,Maruti,2016,"31,144 km",Petrol,Manual,"EMI ₹7,430/m*",₹3.34 lakh
3766,Mahindra XUV500,Mahindra,2016,"1,01,197 km",Diesel,Manual,"EMI ₹7,430/m*",₹4.70 lakh
3767,Maruti Swift,Maruti,2021,"55,047 km",Petrol,Manual,"EMI ₹8,438/m*",₹4.78 lakh
3768,Maruti New Wagon-R,Maruti,2023,"43,449 km",Petrol,Manual,"EMI ₹7,750/m*",₹4.39 lakh
3769,Hyundai Creta,Hyundai,2019,"66,898 km",Petrol,Manual,"EMI ₹10,592/m*",₹6.00 lakh
3770,Maruti Baleno,Maruti,2020,"55,603 km",Petrol,Manual,"EMI ₹8,491/m*",₹4.81 lakh
3771,Tata NEXON,Tata,2023,"22,594 km",Petrol,Manual,"EMI ₹18,955/m*",₹11.07 lakh
3772,Honda WR-V,Honda,2018,"91,040 km",Diesel,Manual,"EMI ₹19,724/m*",₹4.19 lakh
3773,Maruti Ciaz,Maruti,2017,"1,13,769 km",Diesel,Manual,"EMI ₹30,742/m*",₹3.46 lakh
3774,Hyundai GRAND I10 NIOS,Hyundai,2021,"77,450 km",Petrol,Manual,"EMI ₹7,591/m*",₹4.30 lakh
3775,Maruti S Cross,Maruti,2018,"1,12,318 km",Diesel,Manual,"EMI ₹21,183/m*",₹4.50 lakh
3776,Maruti Alto K10,Maruti,2018,"1,01,135 km",Petrol,Manual,"EMI ₹4,694/m*",₹2.11 lakh
3777,Honda Amaze,Honda,2019,"74,084 km",Petrol,Manual,"EMI ₹8,667/m*",₹4.91 lakh
3778,Honda City,Honda,2015,"85,283 km",Petrol,Manual,"EMI ₹9,349/m*",₹3.55 lakh
3779,Chevrolet Beat,Chevrolet,2012,"3,23,303 km",Petrol,Manual,"EMI ₹31,097/m*",₹3.50 lakh
3780,Maruti Celerio,Maruti,2019,"86,239 km",Petrol,Manual,"EMI ₹6,125/m*",₹3.47 lakh
3781,Tata Hexa,Tata,2018,"1,63,191 km",Diesel,Manual,"EMI ₹24,478/m*",₹5.20 lakh
3782,Tata NEXON,Tata,2019,"63,016 km",Petrol,Auto,"EMI ₹9,144/m*",₹5.18 lakh
3783,Ford Ecosport,Ford,2019,"54,313 km",Diesel,Manual,"EMI ₹15,910/m*",₹4.79 lakh
3784,Hyundai Grand i10,Hyundai,2017,"42,931 km",Diesel,Manual,"EMI ₹27,010/m*",₹3.04 lakh
3785,Ford Ecosport,Ford,2017,"1,31,481 km",Diesel,Manual,"EMI ₹36,961/m*",₹4.16 lakh
3786,Ford Ecosport,Ford,2017,"47,682 km",Diesel,Manual,"EMI ₹33,318/m*",₹3.75 lakh
3787,Tata NEXON,Tata,2023,"24,596 km",Petrol,Manual,"EMI ₹16,848/m*",₹9.84 lakh
3788,Hyundai Grand i10,Hyundai,2017,"42,767 km",Petrol,Auto,"EMI ₹7,918/m*",₹4.05 lakh
3789,Tata NEXON,Tata,2021,"69,374 km",Petrol,Auto,"EMI ₹11,033/m*",₹6.25 lakh
3790,Honda City,Honda,2017,"1,84,696 km",Petrol,Manual,"EMI ₹10,766/m*",₹4.84 lakh
3791,Maruti New Wagon-R,Maruti,2020,"79,790 km",Petrol,Manual,"EMI ₹5,931/m*",₹3.36 lakh
3792,Hyundai VENUE,Hyundai,2019,"98,637 km",Diesel,Manual,"EMI ₹19,298/m*",₹5.81 lakh
3793,Toyota Etios Liva,Toyota,2011,"53,520 km",Petrol,Manual,"EMI ₹19,298/m*",₹1.32 lakh
3794,Tata NEXON,Tata,2017,"88,471 km",Diesel,Manual,"EMI ₹31,541/m*",₹3.55 lakh
3795,Tata NEXON,Tata,2019,"88,694 km",Diesel,Auto,"EMI ₹13,950/m*",₹4.20 lakh
3796,Honda Amaze,Honda,2016,"84,383 km",Petrol,Manual,"EMI ₹6,896/m*",₹3.10 lakh
3797,Maruti Swift,Maruti,2022,"24,813 km",Petrol,Manual,"EMI ₹8,968/m*",₹5.08 lakh
3798,Hyundai i10,Hyundai,2011,"1,01,651 km",Petrol,Manual,"EMI ₹8,968/m*",₹0.93 lakh
3799,Maruti Vitara Brezza,Maruti,2017,"95,358 km",Diesel,Manual,"EMI ₹33,940/m*",₹3.82 lakh
3800,Tata Tiago,Tata,2022,"38,615 km",Petrol,Manual,"EMI ₹7,079/m*",₹4.01 lakh
3801,Mahindra XUV500,Mahindra,2018,"92,426 km",Diesel,Manual,"EMI ₹32,292/m*",₹6.86 lakh
3802,Maruti Ertiga,Maruti,2017,"74,911 km",Diesel,Manual,"EMI ₹56,508/m*",₹6.36 lakh
3803,Mahindra TUV300,Mahindra,2018,"99,935 km",Diesel,Manual,"EMI ₹17,605/m*",₹3.74 lakh
3804,Renault TRIBER,Renault,2022,"76,145 km",Petrol,Manual,"EMI ₹7,432/m*",₹4.21 lakh
3805,Hyundai GRAND I10 NIOS,Hyundai,2022,"10,402 km",Petrol,Auto,"EMI ₹10,539/m*",₹5.97 lakh
3806,Nissan MAGNITE,Nissan,2022,"36,844 km",Petrol,Manual,"EMI ₹8,032/m*",₹4.55 lakh
3807,Honda WR-V,Honda,2017,"1,56,734 km",Diesel,Manual,"EMI ₹39,093/m*",₹4.40 lakh
3808,Maruti Baleno,Maruti,2017,"89,279 km",Petrol,Manual,"EMI ₹6,862/m*",₹3.51 lakh
3809,Nissan MAGNITE,Nissan,2023,"30,138 km",Petrol,Manual,"EMI ₹8,650/m*",₹4.90 lakh
3810,KIA SONET,KIA,2022,"44,949 km",Petrol,Manual,"EMI ₹11,157/m*",₹6.32 lakh
3811,Hyundai Grand i10,Hyundai,2018,"78,868 km",Diesel,Manual,"EMI ₹15,393/m*",₹3.27 lakh
3812,Hyundai Elite i20,Hyundai,2015,"86,291 km",Petrol,Manual,"EMI ₹8,954/m*",₹3.40 lakh
3813,Tata NEXON,Tata,2024,"19,621 km",Petrol,Manual,"EMI ₹19,554/m*",₹11.42 lakh
3814,Hyundai Verna,Hyundai,2019,"1,01,135 km",Petrol,Manual,"EMI ₹14,103/m*",₹6.34 lakh
3815,Hyundai Grand i10,Hyundai,2017,"36,529 km",Petrol,Auto,"EMI ₹6,412/m*",₹3.28 lakh
3816,Honda City,Honda,2019,"1,12,484 km",Petrol,Manual,"EMI ₹12,190/m*",₹5.48 lakh
3817,Maruti Swift,Maruti,2019,"1,47,230 km",Petrol,Manual,"EMI ₹8,609/m*",₹3.87 lakh
3818,Hyundai Creta,Hyundai,2019,"97,770 km",Diesel,Manual,"EMI ₹20,859/m*",₹6.28 lakh
3819,Tata NEXON,Tata,2023,"24,641 km",Petrol,Auto,"EMI ₹14,034/m*",₹7.95 lakh
3820,Tata Tiago,Tata,2019,"74,000 km",Petrol,Manual,"EMI ₹6,814/m*",₹3.86 lakh
3821,Maruti Ciaz,Maruti,2017,"1,10,374 km",Diesel,Manual,"EMI ₹31,541/m*",₹3.55 lakh
3822,Hyundai NEW I20,Hyundai,2023,"28,476 km",Petrol,Manual,"EMI ₹11,386/m*",₹6.45 lakh
3823,Maruti Vitara Brezza,Maruti,2017,"1,13,069 km",Diesel,Manual,"EMI ₹41,670/m*",₹4.69 lakh
3824,Toyota Corolla Altis,Toyota,2015,"1,45,264 km",Petrol,Auto,"EMI ₹14,484/m*",₹5.50 lakh
3825,Hyundai Elite i20,Hyundai,2015,"76,286 km",Petrol,Manual,"EMI ₹8,295/m*",₹3.15 lakh
3826,Hyundai Creta,Hyundai,2016,"98,490 km",Petrol,Manual,"EMI ₹10,010/m*",₹4.50 lakh
3827,Maruti Dzire,Maruti,2018,"98,365 km",Diesel,Auto,"EMI ₹20,006/m*",₹4.25 lakh
3828,Honda City,Honda,2017,"1,08,817 km",Petrol,Manual,"EMI ₹12,257/m*",₹5.51 lakh
3829,Honda City,Honda,2017,"68,150 km",Petrol,Manual,"EMI ₹8,563/m*",₹4.38 lakh
3830,Maruti Wagon R 1.0,Maruti,2018,"85,186 km",Petrol,Manual,"EMI ₹5,119/m*",₹2.90 lakh
3831,Tata TIGOR,Tata,2022,"1,16,726 km",Petrol,Manual,"EMI ₹10,566/m*",₹4.75 lakh
3832,Hyundai Creta,Hyundai,2017,"1,25,225 km",Diesel,Auto,"EMI ₹57,752/m*",₹6.50 lakh
3833,Maruti Ciaz,Maruti,2017,"1,50,807 km",Petrol,Auto,"EMI ₹9,387/m*",₹4.22 lakh
3834,Toyota RUMION,Toyota,2024,"9,376 km",Petrol,Manual,"EMI ₹20,256/m*",₹11.83 lakh
3835,Mahindra XUV300,Mahindra,2021,"80,260 km",Diesel,Auto,"EMI ₹13,347/m*",₹6.00 lakh
3836,Maruti Celerio,Maruti,2022,"57,268 km",Petrol,Manual,"EMI ₹7,061/m*",₹4.00 lakh
3837,Maruti New Wagon-R,Maruti,2022,"79,496 km",Petrol,Manual,"EMI ₹7,202/m*",₹4.08 lakh
3838,Maruti New Wagon-R,Maruti,2021,"1,33,402 km",Petrol,Manual,"EMI ₹9,076/m*",₹4.08 lakh
3839,Honda Amaze,Honda,2016,"68,231 km",Petrol,Auto,"EMI ₹6,896/m*",₹3.10 lakh
3840,Tata NEXON,Tata,2023,"26,558 km",Petrol,Manual,"EMI ₹11,704/m*",₹6.63 lakh
3841,Mahindra BOLERO NEO,Mahindra,2023,"49,213 km",Diesel,Manual,"EMI ₹13,903/m*",₹8.12 lakh
3842,Maruti Celerio,Maruti,2017,"53,674 km",Petrol,Auto,"EMI ₹6,354/m*",₹3.25 lakh
3843,Mahindra XUV500,Mahindra,2019,"48,280 km",Diesel,Manual,"EMI ₹25,309/m*",₹7.62 lakh
3844,Maruti Swift,Maruti,2016,"77,632 km",Petrol,Manual,"EMI ₹7,274/m*",₹3.27 lakh
3845,Nissan Terrano,Nissan,2016,"1,21,391 km",Diesel,Manual,"EMI ₹7,274/m*",₹2.90 lakh
3846,Tata PUNCH,Tata,2025,128 km,Petrol,Manual,"EMI ₹12,586/m*",₹7.13 lakh
3847,Tata ALTROZ,Tata,2023,"16,445 km",Petrol,Auto,"EMI ₹12,745/m*",₹7.22 lakh
3848,Hyundai Elite i20,Hyundai,2018,"84,751 km",Petrol,Manual,"EMI ₹8,544/m*",₹4.84 lakh
3849,Maruti New Wagon-R,Maruti,2022,"99,245 km",Petrol,Manual,"EMI ₹7,132/m*",₹4.04 lakh
3850,Mahindra XUV500,Mahindra,2021,"47,041 km",Diesel,Manual,"EMI ₹17,394/m*",₹8.00 lakh
3851,Hyundai Verna,Hyundai,2024,"21,779 km",Petrol,Auto,"EMI ₹20,050/m*",₹11.71 lakh
3852,Maruti Baleno,Maruti,2020,"61,410 km",Petrol,Manual,"EMI ₹7,344/m*",₹4.16 lakh
3853,Hyundai Elite i20,Hyundai,2018,"76,285 km",Petrol,Manual,"EMI ₹6,178/m*",₹3.50 lakh
3854,Maruti BREZZA,Maruti,2023,"60,543 km",Petrol,Manual,"EMI ₹13,240/m*",₹7.50 lakh
3855,Maruti Baleno,Maruti,2016,"1,03,486 km",Petrol,Manual,"EMI ₹7,341/m*",₹3.30 lakh
3856,Mahindra BOLERO NEO,Mahindra,2022,"15,989 km",Diesel,Manual,"EMI ₹15,542/m*",₹7.95 lakh
3857,Maruti Swift,Maruti,2011,"52,081 km",Petrol,Manual,"EMI ₹15,542/m*",₹1.25 lakh
3858,Mahindra XUV700,Mahindra,2022,"56,128 km",Petrol,Manual,"EMI ₹23,184/m*",₹13.54 lakh
3859,Hyundai Grand i10,Hyundai,2018,"24,338 km",Petrol,Auto,"EMI ₹6,567/m*",₹3.72 lakh
3860,Nissan MAGNITE,Nissan,2021,"80,365 km",Petrol,Manual,"EMI ₹8,826/m*",₹5.00 lakh
3861,Maruti Dzire,Maruti,2017,"1,25,953 km",Diesel,Auto,"EMI ₹34,384/m*",₹3.87 lakh
3862,Hyundai Elite i20,Hyundai,2016,"83,583 km",Petrol,Manual,"EMI ₹7,140/m*",₹3.21 lakh
3863,Maruti Baleno,Maruti,2018,"1,11,275 km",Petrol,Manual,"EMI ₹8,631/m*",₹3.88 lakh
3864,Maruti New Wagon-R,Maruti,2019,"83,315 km",Petrol,Manual,"EMI ₹6,214/m*",₹3.52 lakh
3865,Ford Ecosport,Ford,2018,"1,05,875 km",Diesel,Manual,"EMI ₹19,300/m*",₹4.10 lakh
3866,Hyundai Elite i20,Hyundai,2017,"59,634 km",Petrol,Manual,"EMI ₹8,094/m*",₹4.14 lakh
3867,Hyundai NEW SANTRO,Hyundai,2021,"63,232 km",Petrol,Manual,"EMI ₹6,426/m*",₹3.64 lakh
3868,Maruti Dzire,Maruti,2019,"54,492 km",Petrol,Manual,"EMI ₹7,891/m*",₹4.47 lakh
3869,Hyundai Grand i10,Hyundai,2017,"87,772 km",Diesel,Manual,"EMI ₹26,477/m*",₹2.98 lakh
3870,Maruti Ertiga,Maruti,2015,"82,932 km",Petrol,Manual,"EMI ₹10,139/m*",₹3.85 lakh
3871,Tata NEXON,Tata,2023,"58,070 km",Petrol,Manual,"EMI ₹12,551/m*",₹7.11 lakh
3872,Hyundai Tucson,Hyundai,2017,"1,68,404 km",Diesel,Auto,"EMI ₹53,309/m*",₹6.00 lakh
3873,Honda City,Honda,2021,"47,706 km",Petrol,Manual,"EMI ₹13,434/m*",₹7.61 lakh
3874,Maruti Ertiga,Maruti,2017,"1,25,365 km",Petrol,Manual,"EMI ₹11,100/m*",₹4.99 lakh
3875,Maruti New Wagon-R,Maruti,2019,"38,647 km",Petrol,Manual,"EMI ₹6,284/m*",₹3.56 lakh
3876,Mahindra XUV700,Mahindra,2024,"5,622 km",Petrol,Auto,"EMI ₹37,378/m*",₹21.83 lakh
3877,Tata ALTROZ,Tata,2021,"39,860 km",Petrol,Manual,"EMI ₹7,944/m*",₹4.50 lakh
3878,ISUZU MU-X,ISUZU,2018,"1,72,000 km",Diesel,Auto,"EMI ₹34,458/m*",₹7.32 lakh
3879,Maruti Alto K10,Maruti,2023,"30,305 km",Petrol,Manual,"EMI ₹7,414/m*",₹4.20 lakh
3880,Honda BR-V,Honda,2016,"2,24,545 km",Diesel,Manual,"EMI ₹7,414/m*",₹4.10 lakh
3881,Honda City,Honda,2015,"71,324 km",Petrol,Manual,"EMI ₹10,823/m*",₹4.11 lakh
3882,Ford Ecosport,Ford,2021,"65,793 km",Petrol,Manual,"EMI ₹11,474/m*",₹6.50 lakh
3883,Jeep Compass,Jeep,2018,"1,46,111 km",Diesel,Manual,"EMI ₹28,244/m*",₹6.00 lakh
3884,Tata NEXON,Tata,2019,"95,745 km",Diesel,Auto,"EMI ₹14,946/m*",₹4.50 lakh
3885,Force Motors Citiline,Force,2024,"7,733 km",Diesel,Manual,"EMI ₹24,382/m*",₹14.24 lakh
3886,Maruti XL6,Maruti,2022,"51,994 km",Petrol,Manual,"EMI ₹16,061/m*",₹9.38 lakh
3887,Maruti Vitara Brezza,Maruti,2019,"65,770 km",Diesel,Manual,"EMI ₹17,936/m*",₹5.40 lakh
3888,Maruti S Cross,Maruti,2017,"58,766 km",Diesel,Manual,"EMI ₹38,827/m*",₹4.37 lakh
3889,Ford Ecosport,Ford,2016,"1,19,180 km",Diesel,Manual,"EMI ₹38,827/m*",₹3.06 lakh
3890,Maruti Baleno,Maruti,2023,"49,050 km",Petrol,Manual,"EMI ₹11,510/m*",₹6.52 lakh
3891,Toyota Etios Liva,Toyota,2018,"1,96,280 km",Diesel,Manual,"EMI ₹17,182/m*",₹3.65 lakh
3892,Maruti Baleno,Maruti,2020,"34,518 km",Petrol,Manual,"EMI ₹7,944/m*",₹4.50 lakh
3893,Tata Tiago,Tata,2019,"42,002 km",Petrol,Manual,"EMI ₹5,508/m*",₹3.12 lakh
3894,Toyota Glanza,Toyota,2021,"61,458 km",Petrol,Auto,"EMI ₹9,391/m*",₹5.32 lakh
3895,Maruti Swift,Maruti,2023,"23,875 km",Petrol,Manual,"EMI ₹10,415/m*",₹5.90 lakh
3896,Hyundai Elite i20,Hyundai,2018,"14,336 km",Petrol,Manual,"EMI ₹8,791/m*",₹4.98 lakh
3897,Hyundai AURA,Hyundai,2023,"12,648 km",Petrol,Manual,"EMI ₹11,986/m*",₹6.79 lakh
3898,Hyundai i20 Active,Hyundai,2016,"1,24,886 km",Diesel,Manual,"EMI ₹11,986/m*",₹3.52 lakh
3899,Hyundai Grand i10,Hyundai,2019,"99,525 km",Petrol,Manual,"EMI ₹6,125/m*",₹3.47 lakh
3900,Maruti New Wagon-R,Maruti,2021,"1,00,567 km",Petrol,Manual,"EMI ₹8,008/m*",₹3.60 lakh
3901,Hyundai Creta,Hyundai,2016,"57,861 km",Petrol,Manual,"EMI ₹14,125/m*",₹6.35 lakh
3902,Mahindra Thar,Mahindra,2017,"49,254 km",Diesel,Manual,"EMI ₹38,649/m*",₹4.35 lakh
3903,Maruti Baleno,Maruti,2022,"54,633 km",Petrol,Manual,"EMI ₹10,044/m*",₹5.69 lakh
3904,KIA SELTOS,KIA,2022,"39,000 km",Diesel,Manual,"EMI ₹15,227/m*",₹8.00 lakh
3905,Hyundai Creta,Hyundai,2015,"94,197 km",Petrol,Manual,"EMI ₹10,850/m*",₹4.12 lakh
3906,Hyundai NEW SANTRO,Hyundai,2020,"11,779 km",Petrol,Manual,"EMI ₹6,743/m*",₹3.82 lakh
3907,Maruti Ciaz,Maruti,2018,"89,940 km",Petrol,Manual,"EMI ₹7,432/m*",₹4.21 lakh
3908,Honda Brio,Honda,2013,"1,55,389 km",Petrol,Auto,"EMI ₹7,391/m*",₹1.57 lakh
3909,Maruti New Wagon-R,Maruti,2022,"61,785 km",Petrol,Manual,"EMI ₹8,332/m*",₹4.72 lakh
3910,Ford Ecosport,Ford,2016,"1,21,550 km",Diesel,Manual,"EMI ₹8,332/m*",₹3.06 lakh
3911,Tata NEXON,Tata,2023,"17,984 km",Petrol,Manual,"EMI ₹14,708/m*",₹8.59 lakh
3912,Hyundai Grand i10,Hyundai,2018,"58,887 km",Petrol,Manual,"EMI ₹5,455/m*",₹3.09 lakh
3913,Hyundai Elite i20,Hyundai,2016,"2,15,973 km",Petrol,Manual,"EMI ₹7,007/m*",₹3.15 lakh
3914,Mahindra XUV300,Mahindra,2019,"40,736 km",Petrol,Manual,"EMI ₹9,268/m*",₹5.25 lakh
3915,Hyundai NEW I20,Hyundai,2022,"56,943 km",Petrol,Auto,"EMI ₹12,463/m*",₹7.06 lakh
3916,Maruti Ertiga,Maruti,2018,"1,70,103 km",Petrol,Manual,"EMI ₹11,767/m*",₹5.29 lakh
3917,Hyundai Creta,Hyundai,2019,"1,09,921 km",Diesel,Manual,"EMI ₹18,268/m*",₹5.50 lakh
3918,Tata NEXON,Tata,2022,"24,551 km",Petrol,Manual,"EMI ₹11,916/m*",₹6.75 lakh
3919,Tata NEXON,Tata,2024,"32,526 km",Petrol,Manual,"EMI ₹16,266/m*",₹9.50 lakh
3920,Hyundai Creta,Hyundai,2018,"1,32,148 km",Diesel,Manual,"EMI ₹28,668/m*",₹6.09 lakh
3921,Honda City,Honda,2016,"86,579 km",Petrol,Manual,"EMI ₹8,275/m*",₹3.72 lakh
3922,Maruti Dzire,Maruti,2018,"91,912 km",Petrol,Manual,"EMI ₹7,855/m*",₹4.45 lakh
3923,Maruti Baleno,Maruti,2015,"1,00,633 km",Petrol,Manual,"EMI ₹10,033/m*",₹3.81 lakh
3924,Maruti Ciaz,Maruti,2017,"1,07,130 km",Diesel,Manual,"EMI ₹10,299/m*",₹4.63 lakh
3925,Maruti Baleno,Maruti,2016,"59,391 km",Petrol,Manual,"EMI ₹7,118/m*",₹3.20 lakh
3926,BMW X1,BMW,2017,"1,67,545 km",Diesel,Auto,"EMI ₹110,477/m*",₹12.50 lakh
3927,Hyundai Creta,Hyundai,2018,"1,69,727 km",Diesel,Manual,"EMI ₹36,906/m*",₹7.84 lakh
3928,Maruti New Wagon-R,Maruti,2022,"41,940 km",Petrol,Manual,"EMI ₹7,502/m*",₹4.25 lakh
3929,Honda Amaze,Honda,2022,"49,521 km",Petrol,Manual,"EMI ₹8,950/m*",₹5.07 lakh
3930,KIA CARENS,KIA,2023,"57,192 km",Diesel,Auto,"EMI ₹23,971/m*",₹14.00 lakh
3931,Maruti Vitara Brezza,Maruti,2017,"60,590 km",Diesel,Manual,"EMI ₹39,005/m*",₹4.39 lakh
3932,Hyundai Elite i20,Hyundai,2018,"1,01,418 km",Petrol,Manual,"EMI ₹9,009/m*",₹4.05 lakh
3933,Tata Harrier,Tata,2019,"69,278 km",Diesel,Manual,"EMI ₹27,828/m*",₹8.50 lakh
3934,Tata PUNCH,Tata,2025,"10,940 km",Petrol,Auto,"EMI ₹14,143/m*",₹8.26 lakh
3935,Hyundai AURA,Hyundai,2023,"2,229 km",Petrol,Manual,"EMI ₹11,615/m*",₹6.58 lakh
3936,Tata NEXON,Tata,2023,"44,000 km",Petrol,Manual,"EMI ₹14,229/m*",₹8.31 lakh
3937,Honda WR-V,Honda,2017,"82,945 km",Diesel,Manual,"EMI ₹38,205/m*",₹4.30 lakh
3938,ISUZU D-MAX S-CAB,ISUZU,2019,"1,10,802 km",Diesel,Manual,"EMI ₹20,925/m*",₹6.30 lakh
3939,Honda Amaze,Honda,2017,"55,642 km",Diesel,Manual,"EMI ₹31,719/m*",₹3.57 lakh
3940,Honda WR-V,Honda,2020,"63,254 km",Petrol,Manual,"EMI ₹10,662/m*",₹6.04 lakh
3941,Hyundai NEW SANTRO,Hyundai,2019,"39,874 km",Petrol,Auto,"EMI ₹6,584/m*",₹3.73 lakh
3942,Hyundai VENUE,Hyundai,2024,"10,036 km",Petrol,Manual,"EMI ₹14,554/m*",₹8.50 lakh
3943,Honda City,Honda,2024,"12,320 km",Petrol,Manual,"EMI ₹18,150/m*",₹10.60 lakh
3944,Mahindra XUV500,Mahindra,2016,"1,02,639 km",Diesel,Auto,"EMI ₹18,150/m*",₹3.91 lakh
3945,Maruti Baleno,Maruti,2018,"1,00,960 km",Petrol,Manual,"EMI ₹8,164/m*",₹3.67 lakh
3946,Maruti Eeco,Maruti,2018,"93,687 km",Petrol,Manual,"EMI ₹4,413/m*",₹2.50 lakh
3947,Tata ALTROZ,Tata,2024,"48,256 km",Petrol,Manual,"EMI ₹11,192/m*",₹6.34 lakh
3948,Hyundai Verna,Hyundai,2018,"49,640 km",Petrol,Manual,"EMI ₹9,921/m*",₹5.62 lakh
3949,Mahindra Thar,Mahindra,2022,"8,335 km",Petrol,Auto,"EMI ₹24,280/m*",₹14.18 lakh
3950,Hyundai Creta,Hyundai,2017,"1,05,805 km",Diesel,Manual,"EMI ₹49,489/m*",₹5.57 lakh
3951,Maruti Ertiga,Maruti,2025,"3,144 km",Petrol,Manual,"EMI ₹16,609/m*",₹9.70 lakh
3952,Maruti Baleno,Maruti,2018,"1,49,601 km",Petrol,Manual,"EMI ₹8,052/m*",₹3.62 lakh
3953,Ford Ecosport,Ford,2015,"78,380 km",Petrol,Auto,"EMI ₹8,084/m*",₹3.07 lakh
3954,Maruti Celerio,Maruti,2018,"2,06,748 km",Petrol,Manual,"EMI ₹6,718/m*",₹3.02 lakh
3955,Maruti Baleno,Maruti,2018,"93,048 km",Petrol,Auto,"EMI ₹7,043/m*",₹3.99 lakh
3956,Maruti Swift,Maruti,2016,"93,161 km",Diesel,Manual,"EMI ₹7,043/m*",₹3.23 lakh
3957,Toyota Glanza,Toyota,2022,"28,484 km",Petrol,Manual,"EMI ₹12,463/m*",₹7.06 lakh
3958,KIA SELTOS,KIA,2023,"65,709 km",Petrol,Manual,"EMI ₹14,965/m*",₹8.74 lakh
3959,Maruti Vitara Brezza,Maruti,2018,"1,71,793 km",Diesel,Auto,"EMI ₹21,842/m*",₹4.64 lakh
3960,Hyundai Creta,Hyundai,2017,"72,265 km",Petrol,Auto,"EMI ₹12,473/m*",₹6.38 lakh
3961,Toyota Corolla Altis,Toyota,2017,"79,492 km",Petrol,Auto,"EMI ₹14,272/m*",₹7.30 lakh
3962,Maruti Eeco,Maruti,2018,"1,63,227 km",Petrol,Manual,"EMI ₹6,117/m*",₹2.75 lakh
3963,Tata Harrier,Tata,2020,"83,101 km",Diesel,Manual,"EMI ₹28,999/m*",₹11.22 lakh
3964,Tata Hexa,Tata,2018,"89,988 km",Diesel,Auto,"EMI ₹32,245/m*",₹6.85 lakh
3965,Honda Amaze,Honda,2019,"48,906 km",Petrol,Manual,"EMI ₹7,626/m*",₹4.32 lakh
3966,Tata Tiago,Tata,2020,"96,334 km",Petrol,Manual,"EMI ₹5,984/m*",₹3.39 lakh
3967,Maruti Swift,Maruti,2022,"53,731 km",Petrol,Manual,"EMI ₹7,679/m*",₹4.35 lakh
3968,Tata Tiago,Tata,2020,"60,237 km",Petrol,Manual,"EMI ₹6,408/m*",₹3.63 lakh
3969,Mahindra XUV500,Mahindra,2016,"92,527 km",Diesel,Manual,"EMI ₹6,408/m*",₹5.76 lakh
3970,Hyundai i10,Hyundai,2011,"96,442 km",Petrol,Manual,"EMI ₹6,408/m*",₹0.66 lakh
3971,Hyundai Grand i10,Hyundai,2018,"77,376 km",Petrol,Manual,"EMI ₹5,490/m*",₹3.11 lakh
3972,Ford Ecosport,Ford,2018,"1,25,911 km",Diesel,Manual,"EMI ₹22,548/m*",₹4.79 lakh
3973,Nissan MAGNITE,Nissan,2022,"51,593 km",Petrol,Manual,"EMI ₹7,149/m*",₹4.05 lakh
3974,Maruti Dzire,Maruti,2018,"1,06,000 km",Petrol,Auto,"EMI ₹10,010/m*",₹4.50 lakh
3975,Tata NEXON,Tata,2022,"1,01,190 km",Petrol,Manual,"EMI ₹15,260/m*",₹6.86 lakh
3976,Tata ALTROZ,Tata,2023,"48,147 km",Petrol,Manual,"EMI ₹12,180/m*",₹6.90 lakh
3977,Hyundai Grand i10,Hyundai,2017,"78,116 km",Petrol,Manual,"EMI ₹6,041/m*",₹3.09 lakh
3978,Maruti Vitara Brezza,Maruti,2017,"1,05,270 km",Diesel,Manual,"EMI ₹43,980/m*",₹4.95 lakh
3979,Ford Ecosport,Ford,2015,"50,382 km",Petrol,Auto,"EMI ₹8,690/m*",₹3.30 lakh
3980,Hyundai Elite i20,Hyundai,2015,"77,034 km",Petrol,Manual,"EMI ₹8,637/m*",₹3.28 lakh
3981,Maruti Baleno,Maruti,2016,"39,037 km",Petrol,Manual,"EMI ₹8,164/m*",₹3.67 lakh
3982,Ford Ecosport,Ford,2017,"82,556 km",Diesel,Manual,"EMI ₹31,719/m*",₹3.57 lakh
3983,Hyundai Elite i20,Hyundai,2019,"76,614 km",Petrol,Manual,"EMI ₹7,838/m*",₹4.44 lakh
3984,Maruti Vitara Brezza,Maruti,2018,"71,765 km",Diesel,Manual,"EMI ₹25,702/m*",₹5.46 lakh
3985,Hyundai GRAND I10 NIOS,Hyundai,2020,"65,255 km",Petrol,Manual,"EMI ₹8,226/m*",₹4.66 lakh
3986,Maruti Ertiga,Maruti,2021,"1,33,838 km",Petrol,Manual,"EMI ₹17,394/m*",₹8.00 lakh
3987,Maruti Vitara Brezza,Maruti,2017,"89,893 km",Diesel,Manual,"EMI ₹35,095/m*",₹3.95 lakh
3988,Mahindra Thar,Mahindra,2017,"87,635 km",Diesel,Manual,"EMI ₹45,579/m*",₹5.13 lakh
3989,Maruti Swift,Maruti,2021,"53,260 km",Petrol,Manual,"EMI ₹7,714/m*",₹4.37 lakh
3990,Honda Jazz,Honda,2017,"1,26,894 km",Petrol,Auto,"EMI ₹8,742/m*",₹3.93 lakh
3991,Ford Ecosport,Ford,2017,"1,16,717 km",Diesel,Manual,"EMI ₹29,142/m*",₹3.28 lakh
3992,Toyota YARIS,Toyota,2018,"91,690 km",Petrol,Auto,"EMI ₹9,568/m*",₹5.42 lakh
3993,Ford Ecosport,Ford,2016,"1,13,085 km",Diesel,Manual,"EMI ₹9,568/m*",₹2.94 lakh
3994,Nissan MAGNITE,Nissan,2021,"50,868 km",Petrol,Manual,"EMI ₹9,444/m*",₹5.35 lakh
3995,Tata Curvv,Tata,2025,"5,760 km",Petrol,Manual,"EMI ₹16,266/m*",₹9.50 lakh
3996,Tata Tiago,Tata,2019,"59,121 km",Petrol,Manual,"EMI ₹6,302/m*",₹3.57 lakh
3997,Honda WR-V,Honda,2018,"1,32,266 km",Diesel,Manual,"EMI ₹20,053/m*",₹4.26 lakh
3998,Tata PUNCH,Tata,2022,"44,597 km",Petrol,Auto,"EMI ₹10,380/m*",₹5.88 lakh
3999,Maruti Ciaz,Maruti,2022,"1,32,077 km",Petrol,Manual,"EMI ₹12,234/m*",₹5.50 lakh
4000,Renault Kiger,Renault,2023,"15,187 km",Petrol,Manual,"EMI ₹9,409/m*",₹5.33 lakh
4001,Skoda KUSHAQ,Skoda,2021,"39,091 km",Petrol,Manual,"EMI ₹16,900/m*",₹9.87 lakh
4002,Maruti Ciaz,Maruti,2018,"1,01,545 km",Petrol,Manual,"EMI ₹11,812/m*",₹5.31 lakh
4003,Honda City,Honda,2012,"1,91,878 km",Petrol,Manual,"EMI ₹13,949/m*",₹1.57 lakh
4004,Mahindra XUV500,Mahindra,2016,"59,003 km",Diesel,Manual,"EMI ₹13,949/m*",₹5.73 lakh
4005,Maruti Dzire,Maruti,2017,"87,521 km",Petrol,Auto,"EMI ₹6,999/m*",₹3.58 lakh
4006,KIA SELTOS,KIA,2019,"1,67,351 km",Diesel,Manual,"EMI ₹27,173/m*",₹8.30 lakh
4007,Renault Duster,Renault,2016,"80,241 km",Diesel,Manual,"EMI ₹27,173/m*",₹2.93 lakh
4008,Tata Tiago,Tata,2019,"86,042 km",Petrol,Manual,"EMI ₹5,472/m*",₹3.10 lakh
4009,Maruti Alto,Maruti,2019,"69,918 km",Petrol,Manual,"EMI ₹4,113/m*",₹2.33 lakh
4010,Maruti Baleno,Maruti,2019,"74,718 km",Petrol,Manual,"EMI ₹7,220/m*",₹4.09 lakh
4011,MG HECTOR PLUS,MG,2024,"24,821 km",Petrol,Auto,"EMI ₹30,786/m*",₹17.98 lakh
4012,Tata NEXON,Tata,2022,"43,820 km",Diesel,Manual,"EMI ₹16,864/m*",₹8.86 lakh
4013,Honda City,Honda,2023,"12,757 km",Petrol,Manual,"EMI ₹16,592/m*",₹9.69 lakh
4014,KIA SELTOS,KIA,2019,"1,00,641 km",Petrol,Manual,"EMI ₹19,612/m*",₹9.02 lakh
4015,Honda Jazz,Honda,2015,"58,388 km",Petrol,Auto,"EMI ₹9,085/m*",₹3.45 lakh
4016,Mahindra Thar,Mahindra,2022,"40,000 km",Diesel,Auto,"EMI ₹24,135/m*",₹12.68 lakh
4017,Hyundai GRAND I10 NIOS,Hyundai,2022,"31,594 km",Petrol,Auto,"EMI ₹10,751/m*",₹6.09 lakh
4018,Hyundai Verna,Hyundai,2019,"55,200 km",Petrol,Auto,"EMI ₹12,710/m*",₹7.20 lakh
4019,Maruti Ciaz,Maruti,2017,"80,833 km",Petrol,Manual,"EMI ₹9,697/m*",₹4.96 lakh
4020,Toyota Innova Crysta,Toyota,2017,"1,31,610 km",Diesel,Manual,"EMI ₹110,477/m*",₹12.50 lakh
4021,Maruti Dzire,Maruti,2018,"87,427 km",Diesel,Manual,"EMI ₹21,371/m*",₹4.54 lakh
4022,Honda Amaze,Honda,2018,"1,28,859 km",Diesel,Auto,"EMI ₹19,394/m*",₹4.12 lakh
4023,Maruti Baleno,Maruti,2023,"67,513 km",Petrol,Manual,"EMI ₹11,986/m*",₹6.79 lakh
4024,Maruti Ertiga,Maruti,2020,"2,22,395 km",Petrol,Manual,"EMI ₹17,084/m*",₹7.68 lakh
4025,Hyundai VENUE,Hyundai,2024,10 km,Petrol,Manual,"EMI ₹13,938/m*",₹8.14 lakh
4026,Maruti S Cross,Maruti,2019,"79,003 km",Diesel,Manual,"EMI ₹17,471/m*",₹5.26 lakh
4027,Hyundai Creta,Hyundai,2016,"79,827 km",Diesel,Manual,"EMI ₹17,471/m*",₹4.50 lakh
4028,Maruti Ertiga,Maruti,2015,"32,008 km",Petrol,Manual,"EMI ₹11,850/m*",₹4.50 lakh
4029,Maruti Vitara Brezza,Maruti,2018,"1,44,716 km",Diesel,Auto,"EMI ₹18,453/m*",₹3.92 lakh
4030,Tata Tiago,Tata,2021,"42,328 km",Petrol,Manual,"EMI ₹8,226/m*",₹4.66 lakh
4031,Maruti S Cross,Maruti,2016,"81,804 km",Diesel,Manual,"EMI ₹8,226/m*",₹3.89 lakh
4032,Mahindra XUV500,Mahindra,2017,"43,420 km",Diesel,Manual,"EMI ₹48,956/m*",₹5.51 lakh
4033,Honda Jazz,Honda,2016,"56,689 km",Petrol,Auto,"EMI ₹10,077/m*",₹4.53 lakh
4034,Maruti S PRESSO,Maruti,2021,"57,402 km",Petrol,Manual,"EMI ₹5,402/m*",₹3.06 lakh
4035,Toyota Etios Liva,Toyota,2012,"1,82,437 km",Petrol,Manual,"EMI ₹11,728/m*",₹1.32 lakh
4036,Honda CRV,Honda,2012,"1,44,078 km",Petrol,Auto,"EMI ₹24,700/m*",₹2.78 lakh
4037,Hyundai AURA,Hyundai,2023,"54,736 km",Petrol,Manual,"EMI ₹10,345/m*",₹5.86 lakh
4038,Tata TIGOR,Tata,2020,"52,578 km",Diesel,Manual,"EMI ₹12,819/m*",₹4.87 lakh
4039,Maruti Ertiga,Maruti,2023,"45,888 km",Petrol,Manual,"EMI ₹16,523/m*",₹9.65 lakh
4040,Honda Jazz,Honda,2015,"74,229 km",Petrol,Manual,"EMI ₹7,926/m*",₹3.01 lakh
4041,Maruti Swift,Maruti,2020,"77,600 km",Petrol,Auto,"EMI ₹8,156/m*",₹4.62 lakh
4042,Toyota Corolla Altis,Toyota,2014,"58,798 km",Petrol,Manual,"EMI ₹15,345/m*",₹4.62 lakh
4043,Maruti S Cross,Maruti,2017,"1,89,259 km",Diesel,Manual,"EMI ₹39,093/m*",₹4.40 lakh
4044,Hyundai GRAND I10 NIOS,Hyundai,2021,"70,725 km",Petrol,Manual,"EMI ₹7,855/m*",₹4.45 lakh
4045,Renault Kwid,Renault,2022,"30,967 km",Petrol,Manual,"EMI ₹5,102/m*",₹2.89 lakh
4046,Honda City,Honda,2018,"57,223 km",Petrol,Auto,"EMI ₹12,480/m*",₹7.07 lakh
4047,Maruti IGNIS,Maruti,2022,"40,848 km",Petrol,Manual,"EMI ₹7,803/m*",₹4.42 lakh
4048,Mahindra XUV700,Mahindra,2022,"1,38,070 km",Petrol,Manual,"EMI ₹29,983/m*",₹13.79 lakh
4049,Jeep Compass,Jeep,2017,"78,251 km",Petrol,Auto,"EMI ₹15,230/m*",₹7.79 lakh
4050,Maruti Baleno,Maruti,2021,"38,377 km",Petrol,Manual,"EMI ₹9,303/m*",₹5.27 lakh
4051,Hyundai Grand i10,Hyundai,2019,"1,72,289 km",Petrol,Manual,"EMI ₹7,563/m*",₹3.40 lakh
4052,Ford Ecosport,Ford,2019,"66,322 km",Diesel,Manual,"EMI ₹20,228/m*",₹6.09 lakh
4053,Tata Tiago,Tata,2021,"38,306 km",Petrol,Manual,"EMI ₹5,737/m*",₹3.25 lakh
4054,Tata Tiago,Tata,2019,"53,491 km",Petrol,Manual,"EMI ₹5,031/m*",₹2.85 lakh
4055,Hyundai VENUE,Hyundai,2019,"34,003 km",Petrol,Auto,"EMI ₹12,657/m*",₹7.17 lakh
4056,Tata TIGOR,Tata,2022,"29,147 km",Petrol,Manual,"EMI ₹8,544/m*",₹4.84 lakh
4057,Mahindra XUV300,Mahindra,2019,"95,569 km",Diesel,Auto,"EMI ₹24,944/m*",₹7.51 lakh
4058,Honda City,Honda,2016,"1,50,550 km",Petrol,Manual,"EMI ₹8,342/m*",₹3.75 lakh
4059,Hyundai Grand i10,Hyundai,2016,"93,597 km",Petrol,Auto,"EMI ₹6,696/m*",₹3.01 lakh
4060,Nissan MAGNITE,Nissan,2023,"21,149 km",Petrol,Manual,"EMI ₹8,526/m*",₹4.83 lakh
4061,Maruti Ciaz,Maruti,2016,"44,421 km",Diesel,Manual,"EMI ₹8,526/m*",₹4.42 lakh
4062,Hyundai Creta,Hyundai,2016,"82,729 km",Petrol,Manual,"EMI ₹10,166/m*",₹4.57 lakh
4063,Maruti New Wagon-R,Maruti,2022,"21,103 km",Petrol,Manual,"EMI ₹7,873/m*",₹4.46 lakh
4064,Tata NEXON,Tata,2022,"1,78,188 km",Diesel,Auto,"EMI ₹16,874/m*",₹7.59 lakh
4065,Toyota Innova Crysta,Toyota,2020,"75,156 km",Petrol,Auto,"EMI ₹24,211/m*",₹14.14 lakh
4066,Hyundai Creta,Hyundai,2016,"1,32,000 km",Petrol,Manual,"EMI ₹11,656/m*",₹5.24 lakh
4067,Toyota Innova Crysta,Toyota,2017,"50,322 km",Petrol,Auto,"EMI ₹22,841/m*",₹12.00 lakh
4068,Nissan MAGNITE,Nissan,2022,"53,722 km",Petrol,Manual,"EMI ₹7,732/m*",₹4.38 lakh
4069,Maruti Vitara Brezza,Maruti,2019,"36,917 km",Diesel,Manual,"EMI ₹20,991/m*",₹6.32 lakh
4070,Maruti Baleno,Maruti,2019,"87,530 km",Petrol,Manual,"EMI ₹6,867/m*",₹3.89 lakh
4071,Hyundai GRAND I10 NIOS,Hyundai,2022,"39,096 km",Petrol,Manual,"EMI ₹9,144/m*",₹5.18 lakh
4072,Maruti Baleno,Maruti,2020,"32,082 km",Petrol,Manual,"EMI ₹9,338/m*",₹5.29 lakh
4073,Honda City,Honda,2015,"47,981 km",Petrol,Manual,"EMI ₹10,112/m*",₹3.84 lakh
4074,Datsun Go,Datsun,2019,"33,131 km",Petrol,Manual,"EMI ₹6,426/m*",₹3.64 lakh
4075,Honda Amaze,Honda,2018,"1,13,953 km",Diesel,Auto,"EMI ₹19,441/m*",₹4.13 lakh
4076,Tata Tiago,Tata,2019,"55,000 km",Petrol,Manual,"EMI ₹5,649/m*",₹3.20 lakh
4077,Hyundai EXTER,Hyundai,2023,"42,781 km",Petrol,Manual,"EMI ₹11,651/m*",₹6.60 lakh
4078,Hyundai GRAND I10 NIOS,Hyundai,2022,"52,656 km",Petrol,Manual,"EMI ₹9,162/m*",₹5.19 lakh
4079,Maruti Ciaz,Maruti,2018,"46,000 km",Petrol,Manual,"EMI ₹8,279/m*",₹4.69 lakh
4080,Mahindra TUV300,Mahindra,2016,"1,05,030 km",Diesel,Manual,"EMI ₹8,279/m*",₹3.55 lakh
4081,Maruti S Cross,Maruti,2016,"1,12,553 km",Diesel,Manual,"EMI ₹8,279/m*",₹5.13 lakh
4082,Honda City,Honda,2016,"57,392 km",Petrol,Manual,"EMI ₹9,454/m*",₹4.25 lakh
4083,Toyota Etios,Toyota,2011,"2,31,680 km",Petrol,Manual,"EMI ₹9,454/m*",₹0.90 lakh
4084,Nissan Kicks,Nissan,2019,"57,316 km",Diesel,Manual,"EMI ₹28,221/m*",₹8.62 lakh
4085,Renault Duster,Renault,2017,"47,843 km",Petrol,Auto,"EMI ₹8,367/m*",₹4.28 lakh
4086,Maruti Alto K10,Maruti,2022,"3,321 km",Petrol,Manual,"EMI ₹7,326/m*",₹4.15 lakh
4087,Maruti Ciaz,Maruti,2018,"34,319 km",Petrol,Manual,"EMI ₹11,474/m*",₹6.50 lakh
4088,Ford Ecosport,Ford,2018,"1,50,922 km",Diesel,Manual,"EMI ₹20,901/m*",₹4.44 lakh
4089,Honda BR-V,Honda,2018,"34,415 km",Diesel,Manual,"EMI ₹32,057/m*",₹6.81 lakh
4090,Maruti Alto K10,Maruti,2025,"2,630 km",Petrol,Manual,"EMI ₹7,485/m*",₹4.24 lakh
4091,Maruti Vitara Brezza,Maruti,2018,"84,756 km",Diesel,Manual,"EMI ₹22,784/m*",₹4.84 lakh
4092,Maruti New Wagon-R,Maruti,2021,"41,111 km",Petrol,Manual,"EMI ₹6,673/m*",₹3.78 lakh
4093,Maruti Baleno,Maruti,2022,"59,521 km",Petrol,Manual,"EMI ₹10,715/m*",₹6.07 lakh
4094,Tata Hexa,Tata,2018,"82,707 km",Diesel,Manual,"EMI ₹38,685/m*",₹8.30 lakh
4095,Maruti Ciaz,Maruti,2017,"1,30,281 km",Diesel,Manual,"EMI ₹32,696/m*",₹3.68 lakh
4096,KIA SELTOS,KIA,2019,"1,10,745 km",Petrol,Auto,"EMI ₹20,655/m*",₹9.50 lakh
4097,Honda Jazz,Honda,2015,"48,367 km",Petrol,Auto,"EMI ₹8,954/m*",₹3.40 lakh
4098,Mahindra Scorpio,Mahindra,2021,"61,634 km",Diesel,Manual,"EMI ₹24,134/m*",₹11.10 lakh
4099,Mahindra Thar,Mahindra,2023,"19,055 km",Diesel,Manual,"EMI ₹26,916/m*",₹15.72 lakh
4100,Maruti Swift Dzire,Maruti,2017,"89,380 km",Petrol,Manual,"EMI ₹6,979/m*",₹3.57 lakh
4101,Maruti Alto K10,Maruti,2023,"2,452 km",Petrol,Manual,"EMI ₹7,485/m*",₹4.24 lakh
4102,Maruti Ciaz,Maruti,2016,"74,986 km",Petrol,Manual,"EMI ₹9,209/m*",₹4.14 lakh
4103,Mahindra XUV500,Mahindra,2016,"1,49,169 km",Diesel,Auto,"EMI ₹9,209/m*",₹4.63 lakh
4104,Honda City,Honda,2016,"85,355 km",Petrol,Manual,"EMI ₹10,010/m*",₹4.50 lakh
4105,Maruti Ciaz,Maruti,2018,"75,371 km",Petrol,Manual,"EMI ₹7,485/m*",₹4.24 lakh
4106,Maruti New Wagon-R,Maruti,2020,"63,927 km",Petrol,Manual,"EMI ₹5,878/m*",₹3.33 lakh
4107,Hyundai Creta,Hyundai,2017,"1,13,381 km",Diesel,Manual,"EMI ₹12,902/m*",₹5.80 lakh
4108,Hyundai Creta,Hyundai,2017,"66,795 km",Petrol,Manual,"EMI ₹9,865/m*",₹5.05 lakh
4109,Maruti Dzire,Maruti,2017,"1,19,210 km",Diesel,Manual,"EMI ₹33,763/m*",₹3.80 lakh
4110,Skoda SLAVIA,Skoda,2022,"31,563 km",Petrol,Manual,"EMI ₹15,581/m*",₹9.10 lakh
4111,Tata NEXON,Tata,2023,"11,281 km",Petrol,Auto,"EMI ₹16,951/m*",₹9.90 lakh
4112,Honda Amaze,Honda,2017,"56,150 km",Petrol,Manual,"EMI ₹6,940/m*",₹3.55 lakh
4113,Maruti FRONX,Maruti,2024,"34,731 km",Petrol,Auto,"EMI ₹12,745/m*",₹7.22 lakh
4114,Maruti Ciaz,Maruti,2018,"63,279 km",Petrol,Auto,"EMI ₹10,486/m*",₹5.94 lakh
4115,Maruti S Cross,Maruti,2021,"40,093 km",Petrol,Auto,"EMI ₹12,057/m*",₹6.83 lakh
4116,Nissan Kicks,Nissan,2019,"1,39,411 km",Diesel,Manual,"EMI ₹15,777/m*",₹4.75 lakh
4117,Maruti Vitara Brezza,Maruti,2019,"1,32,808 km",Diesel,Auto,"EMI ₹18,268/m*",₹5.50 lakh
4118,Honda City,Honda,2017,"94,620 km",Petrol,Manual,"EMI ₹9,091/m*",₹4.65 lakh
4119,Honda City,Honda,2015,"1,31,581 km",Petrol,Manual,"EMI ₹9,191/m*",₹3.49 lakh
4120,Maruti Ciaz,Maruti,2016,"65,686 km",Petrol,Manual,"EMI ₹8,720/m*",₹3.92 lakh
4121,Hyundai NEW SANTRO,Hyundai,2019,"1,07,500 km",Petrol,Manual,"EMI ₹8,186/m*",₹3.68 lakh
4122,Tata NEXON,Tata,2022,"28,200 km",Petrol,Auto,"EMI ₹13,698/m*",₹8.00 lakh
4123,Hyundai Creta,Hyundai,2019,"81,464 km",Petrol,Manual,"EMI ₹10,592/m*",₹6.00 lakh
4124,Hyundai GRAND I10 NIOS,Hyundai,2021,"96,711 km",Petrol,Manual,"EMI ₹8,032/m*",₹4.55 lakh
4125,Mahindra MARAZZO,Mahindra,2019,"54,922 km",Diesel,Manual,"EMI ₹21,589/m*",₹6.50 lakh
4126,Hyundai Creta,Hyundai,2021,"80,320 km",Diesel,Manual,"EMI ₹20,112/m*",₹9.25 lakh
4127,Tata Tiago,Tata,2018,"39,085 km",Petrol,Auto,"EMI ₹5,949/m*",₹3.37 lakh
4128,KIA SELTOS,KIA,2023,"14,836 km",Petrol,Auto,"EMI ₹26,386/m*",₹15.41 lakh
4129,Hyundai VENUE,Hyundai,2020,"21,289 km",Petrol,Manual,"EMI ₹13,886/m*",₹8.11 lakh
4130,Ford Ecosport,Ford,2018,"60,032 km",Petrol,Manual,"EMI ₹8,526/m*",₹4.83 lakh
4131,Mahindra XUV700,Mahindra,2024,"5,207 km",Petrol,Auto,"EMI ₹35,101/m*",₹20.50 lakh
4132,Tata NEXON,Tata,2023,"30,278 km",Petrol,Manual,"EMI ₹16,318/m*",₹9.53 lakh
4133,Honda City,Honda,2018,"1,06,822 km",Petrol,Manual,"EMI ₹10,255/m*",₹4.61 lakh
4134,Maruti S PRESSO,Maruti,2021,"47,422 km",Petrol,Manual,"EMI ₹6,178/m*",₹3.50 lakh
4135,Mahindra XUV500,Mahindra,2016,"1,42,139 km",Diesel,Manual,"EMI ₹6,178/m*",₹4.62 lakh
4136,Hyundai Grand i10,Hyundai,2017,"75,836 km",Petrol,Manual,"EMI ₹5,455/m*",₹2.79 lakh
4137,Hyundai Elite i20,Hyundai,2017,"86,223 km",Petrol,Manual,"EMI ₹6,940/m*",₹3.55 lakh
4138,Maruti Baleno,Maruti,2025,"4,416 km",Petrol,Manual,"EMI ₹10,786/m*",₹6.11 lakh
4139,Toyota Innova Crysta,Toyota,2017,"1,40,099 km",Diesel,Auto,"EMI ₹97,220/m*",₹11.00 lakh
4140,Maruti Vitara Brezza,Maruti,2018,"87,431 km",Diesel,Auto,"EMI ₹22,784/m*",₹4.84 lakh
4141,Hyundai ALCAZAR,Hyundai,2022,"78,519 km",Diesel,Manual,"EMI ₹24,554/m*",₹12.90 lakh
4142,KIA SELTOS,KIA,2019,"1,17,238 km",Diesel,Manual,"EMI ₹28,679/m*",₹8.76 lakh
4143,MG ASTOR,MG,2022,"40,643 km",Petrol,Manual,"EMI ₹16,318/m*",₹9.53 lakh
4144,Maruti XL6,Maruti,2023,"38,761 km",Petrol,Manual,"EMI ₹18,835/m*",₹11.00 lakh
4145,Mahindra TUV300,Mahindra,2018,"1,08,052 km",Diesel,Manual,"EMI ₹16,570/m*",₹3.52 lakh
4146,Maruti Ciaz,Maruti,2017,"1,78,072 km",Diesel,Manual,"EMI ₹35,984/m*",₹4.05 lakh
4147,Honda Jazz,Honda,2015,"33,088 km",Petrol,Auto,"EMI ₹10,323/m*",₹3.92 lakh
4148,Hyundai Creta,Hyundai,2018,"51,647 km",Petrol,Auto,"EMI ₹14,383/m*",₹8.40 lakh
4149,MG HECTOR,MG,2020,"36,688 km",Petrol,Auto,"EMI ₹15,153/m*",₹8.85 lakh
4150,Hyundai GRAND I10 NIOS,Hyundai,2023,"50,348 km",Petrol,Manual,"EMI ₹9,656/m*",₹5.47 lakh
4151,Maruti Ciaz,Maruti,2018,"69,218 km",Petrol,Manual,"EMI ₹7,326/m*",₹4.15 lakh
4152,Maruti New Wagon-R,Maruti,2022,"16,105 km",Petrol,Manual,"EMI ₹9,497/m*",₹5.38 lakh
4153,Maruti Vitara Brezza,Maruti,2019,"86,517 km",Diesel,Manual,"EMI ₹18,700/m*",₹5.63 lakh
4154,Hyundai VENUE,Hyundai,2021,"43,265 km",Petrol,Manual,"EMI ₹13,946/m*",₹7.90 lakh
4155,Mahindra XUV500,Mahindra,2019,"34,950 km",Diesel,Manual,"EMI ₹24,911/m*",₹7.50 lakh
4156,MG HECTOR PLUS,MG,2023,"18,100 km",Petrol,Auto,"EMI ₹25,769/m*",₹15.05 lakh
4157,Tata Hexa,Tata,2017,"82,783 km",Diesel,Auto,"EMI ₹45,224/m*",₹5.09 lakh
4158,Hyundai Verna,Hyundai,2016,"1,13,274 km",Diesel,Manual,"EMI ₹45,224/m*",₹4.10 lakh
4159,Maruti Alto K10,Maruti,2012,"85,463 km",Petrol,Manual,"EMI ₹94,392/m*",₹10.68 lakh
4160,Volvo S60,Volvo,2017,"87,621 km",Diesel,Auto,"EMI ₹101,639/m*",₹11.50 lakh
4161,Tata NEXON,Tata,2023,"27,000 km",Petrol,Auto,"EMI ₹13,732/m*",₹8.02 lakh
4162,Hyundai VENUE,Hyundai,2019,"47,689 km",Petrol,Manual,"EMI ₹10,998/m*",₹6.23 lakh
4163,Maruti Baleno,Maruti,2020,"40,813 km",Petrol,Manual,"EMI ₹9,250/m*",₹5.24 lakh
4164,Mahindra XUV300,Mahindra,2020,"39,675 km",Diesel,Manual,"EMI ₹14,747/m*",₹5.60 lakh
4165,Tata NEXON,Tata,2023,"39,834 km",Petrol,Manual,"EMI ₹14,914/m*",₹8.71 lakh
4166,Hyundai Creta,Hyundai,2020,"1,48,000 km",Diesel,Auto,"EMI ₹26,337/m*",₹10.19 lakh
4167,Maruti New Wagon-R,Maruti,2020,"56,448 km",Petrol,Manual,"EMI ₹7,361/m*",₹4.17 lakh
4168,Hyundai Creta,Hyundai,2018,"1,38,130 km",Petrol,Manual,"EMI ₹13,347/m*",₹6.00 lakh
4169,Mahindra XUV700,Mahindra,2022,"32,193 km",Diesel,Manual,"EMI ₹26,648/m*",₹14.00 lakh
4170,Hyundai VENUE,Hyundai,2022,"51,452 km",Petrol,Manual,"EMI ₹11,209/m*",₹6.35 lakh
4171,Maruti Ciaz,Maruti,2025,"5,150 km",Petrol,Manual,"EMI ₹14,725/m*",₹8.60 lakh
4172,Maruti XL6,Maruti,2023,"75,038 km",Petrol,Manual,"EMI ₹17,979/m*",₹10.50 lakh
4173,Mahindra XUV700,Mahindra,2022,"16,370 km",Petrol,Manual,"EMI ₹21,403/m*",₹12.50 lakh
4174,Maruti Swift,Maruti,2020,"22,720 km",Petrol,Manual,"EMI ₹8,014/m*",₹4.54 lakh
4175,Maruti Dzire,Maruti,2019,"70,599 km",Petrol,Manual,"EMI ₹7,767/m*",₹4.40 lakh
4176,Toyota URBAN CRUISER,Toyota,2021,"76,765 km",Petrol,Manual,"EMI ₹10,715/m*",₹6.07 lakh
4177,Hyundai Creta,Hyundai,2022,"39,525 km",Petrol,Manual,"EMI ₹17,910/m*",₹10.46 lakh
4178,Mahindra Thar,Mahindra,2019,"41,337 km",Diesel,Manual,"EMI ₹23,150/m*",₹6.97 lakh
4179,Tata NEXON,Tata,2023,"28,220 km",Petrol,Manual,"EMI ₹13,381/m*",₹7.58 lakh
4180,Mahindra Thar,Mahindra,2021,"74,337 km",Petrol,Auto,"EMI ₹20,770/m*",₹12.13 lakh
4181,Mahindra XUV500,Mahindra,2020,"55,215 km",Diesel,Manual,"EMI ₹26,724/m*",₹10.34 lakh
4182,Hyundai Verna,Hyundai,2019,"21,719 km",Petrol,Manual,"EMI ₹13,240/m*",₹7.50 lakh
4183,Hyundai ALCAZAR,Hyundai,2022,"67,259 km",Diesel,Auto,"EMI ₹24,744/m*",₹13.00 lakh
4184,Tata Hexa,Tata,2017,"98,902 km",Diesel,Auto,"EMI ₹44,691/m*",₹5.03 lakh
4185,Maruti Grand Vitara,Maruti,2024,"10,712 km",Petrol,Manual,"EMI ₹19,331/m*",₹11.29 lakh
4186,Hyundai Elite i20,Hyundai,2017,"1,13,334 km",Petrol,Manual,"EMI ₹7,808/m*",₹3.51 lakh
4187,Maruti XL6,Maruti,2021,"26,185 km",Petrol,Auto,"EMI ₹15,410/m*",₹9.00 lakh
4188,Renault Kiger,Renault,2022,"30,312 km",Petrol,Auto,"EMI ₹9,215/m*",₹5.22 lakh
4189,MG HECTOR,MG,2019,"1,36,269 km",Diesel,Manual,"EMI ₹24,413/m*",₹7.35 lakh
4190,Maruti Dzire,Maruti,2021,"31,367 km",Petrol,Manual,"EMI ₹8,544/m*",₹4.84 lakh
4191,Honda BR-V,Honda,2020,"40,274 km",Petrol,Manual,"EMI ₹13,240/m*",₹7.50 lakh
4192,Maruti S Cross,Maruti,2018,"79,638 km",Diesel,Manual,"EMI ₹24,525/m*",₹5.21 lakh
4193,Renault Duster,Renault,2019,"55,798 km",Diesel,Manual,"EMI ₹18,334/m*",₹5.52 lakh
4194,Hyundai Verna,Hyundai,2018,"56,408 km",Petrol,Manual,"EMI ₹17,722/m*",₹10.35 lakh
4195,Hyundai Creta,Hyundai,2018,"1,03,769 km",Diesel,Manual,"EMI ₹28,432/m*",₹6.04 lakh
4196,Maruti S PRESSO,Maruti,2022,"29,415 km",Petrol,Manual,"EMI ₹7,043/m*",₹3.99 lakh
4197,Hyundai Creta,Hyundai,2020,"60,278 km",Petrol,Manual,"EMI ₹14,999/m*",₹8.76 lakh
4198,Hyundai Creta,Hyundai,2016,"1,54,896 km",Diesel,Manual,"EMI ₹14,999/m*",₹5.09 lakh
4199,Honda City,Honda,2016,"83,034 km",Petrol,Manual,"EMI ₹9,120/m*",₹4.10 lakh
4200,MG HECTOR,MG,2024,"7,004 km",Petrol,Manual,"EMI ₹24,999/m*",₹14.60 lakh
4201,Tata NEXON,Tata,2018,"70,968 km",Diesel,Auto,"EMI ₹21,183/m*",₹4.50 lakh
4202,Tata NEXON,Tata,2023,"29,721 km",Diesel,Manual,"EMI ₹14,034/m*",₹7.95 lakh
4203,Mahindra XUV500,Mahindra,2016,"77,655 km",Diesel,Manual,"EMI ₹14,034/m*",₹5.56 lakh
4204,Maruti Baleno,Maruti,2018,"58,485 km",Petrol,Manual,"EMI ₹7,573/m*",₹4.29 lakh
4205,Hyundai Creta,Hyundai,2017,"44,707 km",Petrol,Manual,"EMI ₹10,850/m*",₹5.55 lakh
4206,Maruti Vitara Brezza,Maruti,2020,"67,542 km",Petrol,Auto,"EMI ₹11,933/m*",₹6.76 lakh
4207,Maruti Swift,Maruti,2019,"1,57,114 km",Petrol,Manual,"EMI ₹9,743/m*",₹4.38 lakh
4208,Maruti Ciaz,Maruti,2017,"1,55,152 km",Diesel,Manual,"EMI ₹30,742/m*",₹3.46 lakh
4209,Maruti XL6,Maruti,2024,"17,795 km",Petrol,Manual,"EMI ₹18,064/m*",₹10.55 lakh
4210,Maruti Baleno,Maruti,2016,"86,223 km",Petrol,Manual,"EMI ₹7,207/m*",₹3.24 lakh
4211,Hyundai Creta,Hyundai,2022,"42,313 km",Diesel,Manual,"EMI ₹22,536/m*",₹11.84 lakh
4212,Tata NEXON,Tata,2023,"83,654 km",Diesel,Manual,"EMI ₹14,554/m*",₹8.50 lakh
4213,Maruti Ciaz,Maruti,2016,"1,48,618 km",Diesel,Manual,"EMI ₹14,554/m*",₹3.25 lakh
4214,Honda City,Honda,2015,"78,917 km",Petrol,Auto,"EMI ₹10,060/m*",₹3.82 lakh
4215,Mahindra XUV500,Mahindra,2019,"44,097 km",Diesel,Manual,"EMI ₹30,905/m*",₹9.44 lakh
4216,Maruti New Wagon-R,Maruti,2021,"57,488 km",Petrol,Manual,"EMI ₹7,238/m*",₹4.10 lakh
4217,Honda Amaze,Honda,2019,"1,27,796 km",Petrol,Auto,"EMI ₹10,700/m*",₹4.81 lakh
4218,Maruti XL6,Maruti,2023,"30,006 km",Petrol,Manual,"EMI ₹19,348/m*",₹11.30 lakh
4219,Maruti Baleno,Maruti,2018,"27,391 km",Petrol,Auto,"EMI ₹7,644/m*",₹4.33 lakh
4220,Jeep Compass,Jeep,2018,"57,239 km",Petrol,Auto,"EMI ₹12,975/m*",₹7.35 lakh
4221,Maruti Dzire,Maruti,2021,"1,33,061 km",Petrol,Manual,"EMI ₹8,408/m*",₹3.78 lakh
4222,Hyundai Elite i20,Hyundai,2016,"83,735 km",Petrol,Manual,"EMI ₹8,675/m*",₹3.90 lakh
4223,Hyundai Creta,Hyundai,2016,"32,723 km",Petrol,Manual,"EMI ₹11,523/m*",₹5.18 lakh
4224,Mahindra Thar,Mahindra,2022,"20,272 km",Petrol,Manual,"EMI ₹18,715/m*",₹10.93 lakh
4225,Maruti Ertiga,Maruti,2021,"43,800 km",Petrol,Manual,"EMI ₹15,410/m*",₹9.00 lakh
4226,MG HECTOR PLUS,MG,2024,"8,112 km",Petrol,Auto,"EMI ₹29,023/m*",₹16.95 lakh
4227,MG HECTOR,MG,2021,"96,193 km",Petrol,Manual,"EMI ₹16,403/m*",₹9.58 lakh
4228,Honda City,Honda,2015,"1,15,298 km",Petrol,Auto,"EMI ₹10,560/m*",₹4.01 lakh
4229,KIA SELTOS,KIA,2020,"1,40,575 km",Petrol,Manual,"EMI ₹15,015/m*",₹6.75 lakh
4230,Toyota URBAN CRUISER,Toyota,2021,"36,271 km",Petrol,Manual,"EMI ₹12,004/m*",₹6.80 lakh
4231,Hyundai Verna,Hyundai,2018,"1,09,629 km",Diesel,Auto,"EMI ₹29,186/m*",₹6.20 lakh
4232,Mahindra XUV500,Mahindra,2018,"66,000 km",Diesel,Auto,"EMI ₹33,422/m*",₹7.10 lakh
4233,KIA SONET,KIA,2020,"51,393 km",Petrol,Manual,"EMI ₹12,869/m*",₹7.29 lakh
4234,Skoda SLAVIA,Skoda,2022,"46,677 km",Petrol,Manual,"EMI ₹13,732/m*",₹8.02 lakh
4235,Maruti Vitara Brezza,Maruti,2019,"1,45,531 km",Diesel,Auto,"EMI ₹14,946/m*",₹4.50 lakh
4236,Mahindra Thar,Mahindra,2023,"19,566 km",Petrol,Auto,"EMI ₹22,311/m*",₹13.03 lakh
4237,Renault Kwid,Renault,2024,"4,683 km",Petrol,Manual,"EMI ₹7,326/m*",₹4.15 lakh
4238,Maruti S Cross,Maruti,2018,"1,52,223 km",Diesel,Manual,"EMI ₹18,217/m*",₹3.87 lakh
4239,Hyundai Creta,Hyundai,2018,"91,417 km",Petrol,Auto,"EMI ₹14,143/m*",₹8.26 lakh
4240,Skoda KUSHAQ,Skoda,2022,"73,280 km",Petrol,Manual,"EMI ₹16,609/m*",₹9.70 lakh
4241,Hyundai Verna,Hyundai,2018,"58,763 km",Petrol,Auto,"EMI ₹12,304/m*",₹6.97 lakh
4242,Jeep Compass,Jeep,2018,"1,01,251 km",Diesel,Manual,"EMI ₹30,253/m*",₹6.43 lakh
4243,Maruti Baleno,Maruti,2018,"1,26,827 km",Diesel,Manual,"EMI ₹17,935/m*",₹3.81 lakh
4244,KIA SELTOS,KIA,2020,"1,47,955 km",Diesel,Auto,"EMI ₹27,700/m*",₹12.74 lakh
4245,Hyundai Grand i10,Hyundai,2018,"58,997 km",Diesel,Manual,"EMI ₹22,784/m*",₹4.84 lakh
4246,Honda City,Honda,2015,"1,92,430 km",Petrol,Auto,"EMI ₹11,745/m*",₹4.46 lakh
4247,Maruti New Wagon-R,Maruti,2020,"1,07,829 km",Petrol,Manual,"EMI ₹7,830/m*",₹3.52 lakh
4248,Maruti Dzire,Maruti,2019,"22,184 km",Petrol,Manual,"EMI ₹8,138/m*",₹4.61 lakh
4249,Maruti Ciaz,Maruti,2018,"75,214 km",Petrol,Manual,"EMI ₹8,615/m*",₹4.88 lakh
4250,Honda Amaze,Honda,2025,"4,774 km",Petrol,Manual,"EMI ₹13,698/m*",₹8.00 lakh
4251,Maruti Swift,Maruti,2021,"48,577 km",Petrol,Auto,"EMI ₹8,544/m*",₹4.84 lakh
4252,Hyundai Creta,Hyundai,2017,"69,916 km",Petrol,Auto,"EMI ₹13,724/m*",₹7.02 lakh
4253,Maruti Grand Vitara,Maruti,2024,"13,683 km",Petrol,Manual,"EMI ₹19,194/m*",₹11.21 lakh
4254,Maruti Ertiga,Maruti,2012,"25,620 km",Petrol,Manual,"EMI ₹28,254/m*",₹3.18 lakh
4255,Maruti Grand Vitara,Maruti,2024,"22,674 km",Hybrid,Auto,"EMI ₹26,968/m*",₹15.75 lakh
4256,Maruti Grand Vitara,Maruti,2023,"20,748 km",Petrol,Manual,"EMI ₹15,205/m*",₹8.88 lakh
4257,Ford Ecosport,Ford,2015,"35,960 km",Petrol,Auto,"EMI ₹10,402/m*",₹3.95 lakh
4258,Honda City,Honda,2015,"55,889 km",Petrol,Auto,"EMI ₹11,640/m*",₹4.42 lakh
4259,Maruti Baleno,Maruti,2019,"41,305 km",Petrol,Manual,"EMI ₹7,449/m*",₹4.22 lakh
4260,Maruti Celerio,Maruti,2018,"85,564 km",Petrol,Manual,"EMI ₹6,055/m*",₹3.43 lakh
4261,Maruti Alto K10,Maruti,2017,"25,221 km",Petrol,Manual,"EMI ₹5,650/m*",₹2.89 lakh
4262,KIA SELTOS,KIA,2022,"27,810 km",Petrol,Manual,"EMI ₹24,365/m*",₹14.23 lakh
4263,Maruti XL6,Maruti,2023,"15,206 km",Petrol,Auto,"EMI ₹22,088/m*",₹12.90 lakh
4264,Tata Tiago,Tata,2020,"86,093 km",Petrol,Manual,"EMI ₹5,737/m*",₹3.25 lakh
4265,KIA SONET,KIA,2023,"19,757 km",Petrol,Manual,"EMI ₹16,027/m*",₹9.36 lakh
4266,Honda City,Honda,2014,"1,06,438 km",Petrol,Manual,"EMI ₹10,828/m*",₹3.26 lakh
4267,Toyota Etios,Toyota,2016,"1,03,592 km",Petrol,Manual,"EMI ₹6,607/m*",₹2.97 lakh
4268,Hyundai Creta,Hyundai,2017,"1,60,413 km",Diesel,Auto,"EMI ₹42,914/m*",₹4.83 lakh
4269,Maruti New Wagon-R,Maruti,2022,"81,352 km",Petrol,Manual,"EMI ₹7,502/m*",₹4.25 lakh
4270,Hyundai Verna,Hyundai,2016,"57,677 km",Petrol,Manual,"EMI ₹9,298/m*",₹4.18 lakh
4271,Volkswagen Vento,Volkswagen,2019,"55,073 km",Petrol,Auto,"EMI ₹11,513/m*",₹6.52 lakh
4272,MG ASTOR,MG,2022,"24,344 km",Petrol,Auto,"EMI ₹16,078/m*",₹9.39 lakh
4273,Renault Duster,Renault,2018,"45,985 km",Petrol,Auto,"EMI ₹9,621/m*",₹5.45 lakh
4274,Tata NEXON,Tata,2019,"17,342 km",Petrol,Auto,"EMI ₹10,256/m*",₹5.81 lakh
4275,Hyundai Creta,Hyundai,2016,"1,27,698 km",Diesel,Manual,"EMI ₹10,256/m*",₹4.69 lakh
4276,Maruti Dzire,Maruti,2019,"23,940 km",Petrol,Manual,"EMI ₹17,722/m*",₹10.35 lakh
4277,Hyundai GRAND I10 NIOS,Hyundai,2020,"1,11,047 km",Petrol,Manual,"EMI ₹9,921/m*",₹4.46 lakh
4278,KIA SONET,KIA,2020,"40,364 km",Petrol,Manual,"EMI ₹11,916/m*",₹6.75 lakh
4279,Mahindra XUV500,Mahindra,2020,"52,973 km",Diesel,Manual,"EMI ₹19,750/m*",₹7.50 lakh
4280,Mahindra XUV500,Mahindra,2017,"65,753 km",Diesel,Auto,"EMI ₹55,708/m*",₹6.27 lakh
4281,Hyundai Creta,Hyundai,2016,"2,21,930 km",Diesel,Manual,"EMI ₹55,708/m*",₹4.75 lakh
4282,Hyundai GRAND I10 NIOS,Hyundai,2022,"30,633 km",Petrol,Manual,"EMI ₹8,209/m*",₹4.65 lakh
4283,MG ASTOR,MG,2022,"71,826 km",Petrol,Auto,"EMI ₹16,609/m*",₹9.70 lakh
4284,KIA SONET,KIA,2023,"16,821 km",Petrol,Manual,"EMI ₹17,773/m*",₹10.38 lakh
4285,Renault Duster,Renault,2017,"1,02,889 km",Diesel,Manual,"EMI ₹33,407/m*",₹3.76 lakh
4286,Hyundai Creta,Hyundai,2016,"1,63,072 km",Diesel,Auto,"EMI ₹33,407/m*",₹4.41 lakh
4287,Maruti Swift,Maruti,2022,"25,424 km",Petrol,Manual,"EMI ₹12,551/m*",₹7.11 lakh
4288,Hyundai Creta,Hyundai,2019,"55,110 km",Petrol,Manual,"EMI ₹14,006/m*",₹8.18 lakh
4289,Ford Ecosport,Ford,2018,"2,05,903 km",Diesel,Manual,"EMI ₹16,099/m*",₹3.42 lakh
4290,Mahindra XUV500,Mahindra,2018,"95,104 km",Diesel,Auto,"EMI ₹32,951/m*",₹7.00 lakh
4291,Hyundai VENUE,Hyundai,2021,"43,435 km",Petrol,Manual,"EMI ₹14,229/m*",₹8.31 lakh
4292,Mahindra Thar,Mahindra,2023,"54,438 km",Petrol,Manual,"EMI ₹21,403/m*",₹12.50 lakh
4293,Mahindra Thar,Mahindra,2021,"44,978 km",Petrol,Auto,"EMI ₹18,835/m*",₹11.00 lakh
4294,KIA SONET,KIA,2021,"42,408 km",Diesel,Manual,"EMI ₹15,527/m*",₹6.98 lakh
4295,Mahindra XUV500,Mahindra,2016,"83,388 km",Diesel,Auto,"EMI ₹15,527/m*",₹5.77 lakh
4296,KIA SELTOS,KIA,2019,"68,083 km",Petrol,Manual,"EMI ₹16,609/m*",₹9.70 lakh
4297,Ford Ecosport,Ford,2018,"1,07,301 km",Diesel,Manual,"EMI ₹20,901/m*",₹4.44 lakh
4298,Honda City,Honda,2019,"68,000 km",Petrol,Manual,"EMI ₹12,657/m*",₹7.17 lakh
4299,Hyundai NEW SANTRO,Hyundai,2020,"82,203 km",Petrol,Manual,"EMI ₹6,320/m*",₹3.58 lakh
4300,Renault Duster,Renault,2017,"81,362 km",Diesel,Manual,"EMI ₹35,184/m*",₹3.96 lakh
4301,Tata Tiago,Tata,2019,"38,643 km",Petrol,Manual,"EMI ₹6,938/m*",₹3.93 lakh
4302,Maruti Vitara Brezza,Maruti,2019,"19,496 km",Diesel,Manual,"EMI ₹22,320/m*",₹6.72 lakh
4303,Maruti Vitara Brezza,Maruti,2016,"67,359 km",Diesel,Manual,"EMI ₹22,320/m*",₹4.30 lakh
4304,Maruti Vitara Brezza,Maruti,2020,"1,02,072 km",Diesel,Auto,"EMI ₹15,800/m*",₹6.00 lakh
4305,MG COMET,MG,2024,"19,780 km",Electric,Auto,"EMI ₹10,980/m*",₹6.22 lakh
4306,Ford Ecosport,Ford,2018,"69,572 km",Diesel,Manual,"EMI ₹26,549/m*",₹5.64 lakh
4307,KIA SELTOS,KIA,2023,"26,528 km",Petrol,Manual,"EMI ₹22,413/m*",₹13.09 lakh
4308,Mahindra XUV700,Mahindra,2022,"45,911 km",Diesel,Manual,"EMI ₹26,020/m*",₹13.67 lakh
4309,Maruti Ertiga,Maruti,2020,"1,40,170 km",Petrol,Manual,"EMI ₹17,394/m*",₹8.00 lakh
4310,Mahindra XUV300,Mahindra,2021,"70,691 km",Petrol,Manual,"EMI ₹10,503/m*",₹5.95 lakh
4311,KIA SELTOS,KIA,2019,"1,00,566 km",Petrol,Manual,"EMI ₹15,015/m*",₹6.75 lakh
4312,Jeep Compass,Jeep,2018,"85,212 km",Diesel,Manual,"EMI ₹45,349/m*",₹9.73 lakh
4313,Honda WR-V,Honda,2017,"1,89,032 km",Petrol,Manual,"EMI ₹8,853/m*",₹3.98 lakh
4314,Mercedes Benz C Class,Mercedes,2011,"68,784 km",Petrol,Auto,"EMI ₹8,853/m*",₹4.00 lakh
4315,Toyota Corolla Altis,Toyota,2016,"90,000 km",Petrol,Auto,"EMI ₹12,390/m*",₹5.57 lakh
4316,Mahindra Thar,Mahindra,2023,"38,720 km",Diesel,Manual,"EMI ₹19,348/m*",₹11.30 lakh
4317,Hyundai Elite i20,Hyundai,2016,"97,243 km",Petrol,Manual,"EMI ₹7,496/m*",₹3.37 lakh
4318,Honda WR-V,Honda,2017,"49,403 km",Petrol,Manual,"EMI ₹9,482/m*",₹4.85 lakh
4319,Mahindra XUV500,Mahindra,2016,"2,56,638 km",Diesel,Manual,"EMI ₹9,482/m*",₹4.18 lakh
4320,Mahindra BOLERO NEO,Mahindra,2023,"15,528 km",Diesel,Manual,"EMI ₹16,129/m*",₹9.42 lakh
4321,Maruti S Cross,Maruti,2018,"1,03,452 km",Diesel,Manual,"EMI ₹23,443/m*",₹4.98 lakh
4322,Maruti New Wagon-R,Maruti,2025,"11,630 km",Petrol,Manual,"EMI ₹9,338/m*",₹5.29 lakh
4323,Maruti BREZZA,Maruti,2022,"42,467 km",Petrol,Manual,"EMI ₹14,143/m*",₹8.26 lakh
4324,Maruti New Wagon-R,Maruti,2021,"1,30,309 km",Petrol,Manual,"EMI ₹7,563/m*",₹3.40 lakh
4325,Mahindra XUV700,Mahindra,2022,"1,09,300 km",Diesel,Manual,"EMI ₹25,504/m*",₹11.73 lakh
4326,Mercedes Benz C Class,Mercedes,2012,"65,636 km",Petrol,Auto,"EMI ₹45,224/m*",₹5.09 lakh
4327,Mahindra Thar Roxx,Mahindra,2025,"23,220 km",Diesel,Auto,"EMI ₹33,817/m*",₹19.75 lakh
4328,Hyundai Creta,Hyundai,2021,"1,23,977 km",Diesel,Manual,"EMI ₹24,460/m*",₹11.25 lakh
4329,Maruti New Wagon-R,Maruti,2021,"17,648 km",Petrol,Manual,"EMI ₹7,838/m*",₹4.44 lakh
4330,Toyota Innova Crysta,Toyota,2017,"1,63,509 km",Diesel,Auto,"EMI ₹115,603/m*",₹13.08 lakh
4331,Hyundai Creta,Hyundai,2017,"85,003 km",Diesel,Manual,"EMI ₹46,734/m*",₹5.26 lakh
4332,Maruti Vitara Brezza,Maruti,2020,"79,022 km",Petrol,Manual,"EMI ₹10,715/m*",₹6.07 lakh
4333,Toyota Corolla Altis,Toyota,2014,"1,65,221 km",Petrol,Manual,"EMI ₹10,130/m*",₹3.05 lakh
4334,Maruti Ciaz,Maruti,2019,"48,507 km",Petrol,Manual,"EMI ₹9,621/m*",₹5.45 lakh
4335,Hyundai VENUE,Hyundai,2021,"51,076 km",Petrol,Manual,"EMI ₹11,192/m*",₹6.34 lakh
4336,Skoda KUSHAQ,Skoda,2023,"38,355 km",Petrol,Auto,"EMI ₹19,502/m*",₹11.39 lakh
4337,Hyundai Creta,Hyundai,2021,"42,031 km",Petrol,Auto,"EMI ₹18,698/m*",₹10.92 lakh
4338,Honda City,Honda,2019,"1,13,897 km",Petrol,Manual,"EMI ₹12,056/m*",₹5.42 lakh
4339,Maruti S Cross,Maruti,2018,"1,60,410 km",Diesel,Manual,"EMI ₹23,537/m*",₹5.00 lakh
4340,Mahindra Thar,Mahindra,2021,"49,096 km",Petrol,Auto,"EMI ₹17,122/m*",₹10.00 lakh
4341,Maruti XL6,Maruti,2025,"25,585 km",Petrol,Manual,"EMI ₹19,451/m*",₹11.36 lakh
4342,Toyota Innova Crysta,Toyota,2017,"1,80,337 km",Diesel,Manual,"EMI ₹84,139/m*",₹9.52 lakh
4343,Hyundai ALCAZAR,Hyundai,2022,"27,577 km",Petrol,Manual,"EMI ₹23,543/m*",₹13.75 lakh
4344,Maruti Baleno,Maruti,2022,"51,387 km",Petrol,Manual,"EMI ₹8,900/m*",₹5.04 lakh
4345,Hyundai Creta,Hyundai,2016,"1,37,001 km",Diesel,Auto,"EMI ₹8,900/m*",₹4.88 lakh
4346,Nissan MAGNITE,Nissan,2023,"24,273 km",Petrol,Auto,"EMI ₹14,554/m*",₹8.50 lakh
4347,MG HECTOR,MG,2021,"57,355 km",Petrol,Auto,"EMI ₹16,609/m*",₹9.70 lakh
4348,Maruti Ciaz,Maruti,2022,"42,837 km",Petrol,Auto,"EMI ₹13,963/m*",₹7.91 lakh
4349,Maruti Celerio,Maruti,2018,"26,569 km",Petrol,Auto,"EMI ₹6,355/m*",₹3.60 lakh
4350,Maruti Baleno,Maruti,2019,"43,600 km",Petrol,Manual,"EMI ₹8,209/m*",₹4.65 lakh
4351,Hyundai Creta,Hyundai,2024,"33,999 km",Diesel,Manual,"EMI ₹20,633/m*",₹12.05 lakh
4352,KIA SELTOS,KIA,2020,"1,04,716 km",Petrol,Manual,"EMI ₹20,307/m*",₹9.34 lakh
4353,Hyundai Creta,Hyundai,2020,"23,576 km",Petrol,Manual,"EMI ₹14,708/m*",₹8.59 lakh
4354,Jeep Compass,Jeep,2019,"90,765 km",Diesel,Manual,"EMI ₹24,413/m*",₹7.35 lakh
4355,KIA SELTOS,KIA,2020,"76,372 km",Diesel,Manual,"EMI ₹23,907/m*",₹9.25 lakh
4356,Maruti Ertiga,Maruti,2017,"1,67,885 km",Diesel,Manual,"EMI ₹40,249/m*",₹4.53 lakh
4357,Honda WR-V,Honda,2019,"1,66,277 km",Diesel,Manual,"EMI ₹15,777/m*",₹4.75 lakh
4358,Honda City,Honda,2019,"60,500 km",Petrol,Auto,"EMI ₹12,357/m*",₹7.00 lakh
4359,Maruti Swift,Maruti,2019,"96,604 km",Diesel,Manual,"EMI ₹16,275/m*",₹4.90 lakh
4360,Skoda KUSHAQ,Skoda,2022,"60,933 km",Petrol,Manual,"EMI ₹18,116/m*",₹10.58 lakh
4361,Toyota Etios,Toyota,2016,"96,741 km",Diesel,Manual,"EMI ₹18,116/m*",₹4.03 lakh
4362,Maruti Ciaz,Maruti,2019,"52,066 km",Petrol,Manual,"EMI ₹10,256/m*",₹5.81 lakh
4363,Audi Q3,Audi,2015,"71,000 km",Diesel,Auto,"EMI ₹31,102/m*",₹9.50 lakh
4364,KIA SELTOS,KIA,2019,"52,557 km",Diesel,Manual,"EMI ₹25,907/m*",₹7.80 lakh
4365,Hyundai Creta,Hyundai,2018,"2,31,459 km",Diesel,Manual,"EMI ₹27,585/m*",₹5.86 lakh
4366,Ford Ecosport,Ford,2016,"34,019 km",Petrol,Auto,"EMI ₹9,343/m*",₹4.20 lakh
4367,Hyundai Creta,Hyundai,2017,"1,50,415 km",Diesel,Auto,"EMI ₹48,245/m*",₹5.43 lakh
4368,Hyundai VENUE,Hyundai,2019,"42,306 km",Petrol,Auto,"EMI ₹12,286/m*",₹6.96 lakh
4369,Renault Duster,Renault,2017,"92,704 km",Diesel,Auto,"EMI ₹35,540/m*",₹4.00 lakh
4370,Tata Hexa,Tata,2018,"85,212 km",Diesel,Auto,"EMI ₹33,610/m*",₹7.14 lakh
4371,Tata NEXON,Tata,2018,"56,750 km",Diesel,Auto,"EMI ₹21,654/m*",₹4.60 lakh
4372,Hyundai Creta,Hyundai,2022,"39,481 km",Petrol,Manual,"EMI ₹14,982/m*",₹8.75 lakh
4373,Ssangyong Rexton,Ssangyong,2018,"1,06,150 km",Diesel,Auto,"EMI ₹39,943/m*",₹8.57 lakh
4374,Hyundai i20,Hyundai,2014,"46,500 km",Petrol,Manual,"EMI ₹8,403/m*",₹2.53 lakh
4375,Tata Safari,Tata,2022,"43,429 km",Diesel,Auto,"EMI ₹29,065/m*",₹15.27 lakh
4376,Honda Jazz,Honda,2017,"55,957 km",Petrol,Auto,"EMI ₹6,940/m*",₹3.55 lakh
4377,MG ASTOR,MG,2022,"39,327 km",Petrol,Auto,"EMI ₹18,715/m*",₹10.93 lakh
4378,Maruti New Wagon-R,Maruti,2020,"69,086 km",Petrol,Manual,"EMI ₹6,885/m*",₹3.90 lakh
4379,Mahindra SCORPIO CLASSIC,Mahindra,2024,"24,162 km",Diesel,Manual,"EMI ₹26,694/m*",₹15.59 lakh
4380,Maruti Baleno,Maruti,2022,"3,450 km",Petrol,Manual,"EMI ₹11,174/m*",₹6.33 lakh
4381,Hyundai Verna,Hyundai,2022,"26,810 km",Petrol,Auto,"EMI ₹17,996/m*",₹10.51 lakh
4382,Tata Safari,Tata,2022,"37,192 km",Diesel,Auto,"EMI ₹29,027/m*",₹15.25 lakh
4383,Tata ALTROZ,Tata,2023,"31,156 km",Petrol,Manual,"EMI ₹11,104/m*",₹6.29 lakh
4384,Mahindra XUV700,Mahindra,2022,"19,420 km",Petrol,Manual,"EMI ₹22,910/m*",₹13.38 lakh
4385,Maruti IGNIS,Maruti,2021,"33,891 km",Petrol,Manual,"EMI ₹8,279/m*",₹4.69 lakh
4386,KIA SONET,KIA,2022,"45,789 km",Petrol,Manual,"EMI ₹13,063/m*",₹7.40 lakh
4387,Hyundai Creta,Hyundai,2018,"96,619 km",Petrol,Manual,"EMI ₹11,298/m*",₹6.40 lakh
4388,KIA CARENS,KIA,2022,"25,292 km",Petrol,Manual,"EMI ₹24,691/m*",₹14.42 lakh
4389,Honda City,Honda,2011,"1,32,531 km",Petrol,Manual,"EMI ₹24,691/m*",₹4.00 lakh
4390,KIA SONET,KIA,2021,"56,359 km",Petrol,Manual,"EMI ₹10,945/m*",₹6.20 lakh
4391,Hyundai Creta,Hyundai,2020,"47,105 km",Petrol,Auto,"EMI ₹20,547/m*",₹12.00 lakh
4392,Tata Safari,Tata,2021,"35,274 km",Diesel,Auto,"EMI ₹35,984/m*",₹16.55 lakh
4393,KIA SELTOS,KIA,2020,"1,03,653 km",Diesel,Auto,"EMI ₹19,750/m*",₹7.50 lakh
4394,Mahindra XUV700,Mahindra,2024,"12,858 km",Diesel,Auto,"EMI ₹41,094/m*",₹24.00 lakh
4395,Maruti Vitara Brezza,Maruti,2018,"65,028 km",Diesel,Manual,"EMI ₹28,244/m*",₹6.00 lakh
4396,Hyundai Creta,Hyundai,2019,"1,04,096 km",Petrol,Manual,"EMI ₹12,234/m*",₹5.50 lakh
4397,Hyundai VENUE,Hyundai,2019,"45,166 km",Petrol,Auto,"EMI ₹11,792/m*",₹6.68 lakh
4398,Hyundai Creta,Hyundai,2021,"1,12,474 km",Diesel,Manual,"EMI ₹19,938/m*",₹9.17 lakh
4399,KIA SELTOS,KIA,2021,"1,10,031 km",Diesel,Auto,"EMI ₹26,091/m*",₹12.00 lakh
4400,Maruti Grand Vitara,Maruti,2023,"18,446 km",Petrol,Manual,"EMI ₹17,208/m*",₹10.05 lakh
4401,Hyundai GRAND I10 NIOS,Hyundai,2022,"26,309 km",Petrol,Manual,"EMI ₹8,773/m*",₹4.97 lakh
4402,Hyundai Verna,Hyundai,2018,"1,18,483 km",Diesel,Manual,"EMI ₹29,091/m*",₹6.18 lakh
4403,Maruti Ciaz,Maruti,2018,"1,06,042 km",Petrol,Manual,"EMI ₹10,766/m*",₹4.84 lakh
4404,Nissan MAGNITE,Nissan,2021,"73,919 km",Petrol,Manual,"EMI ₹8,209/m*",₹4.65 lakh
4405,Maruti Ciaz,Maruti,2014,"1,26,942 km",Petrol,Manual,"EMI ₹9,998/m*",₹3.01 lakh
4406,Tata Safari,Tata,2022,"96,760 km",Diesel,Manual,"EMI ₹28,475/m*",₹14.96 lakh
4407,Mahindra Thar,Mahindra,2023,"51,840 km",Diesel,Manual,"EMI ₹17,979/m*",₹10.50 lakh
4408,Honda Amaze,Honda,2021,"48,996 km",Petrol,Manual,"EMI ₹11,474/m*",₹6.50 lakh
4409,Mahindra XUV700,Mahindra,2022,"32,994 km",Petrol,Auto,"EMI ₹29,947/m*",₹17.49 lakh
4410,Mahindra Thar,Mahindra,2023,"8,805 km",Petrol,Auto,"EMI ₹20,067/m*",₹11.72 lakh
4411,Hyundai Creta,Hyundai,2021,"38,503 km",Petrol,Manual,"EMI ₹16,420/m*",₹9.59 lakh
4412,Hyundai Creta,Hyundai,2016,"1,05,239 km",Diesel,Auto,"EMI ₹16,420/m*",₹8.60 lakh
4413,Hyundai Creta,Hyundai,2020,"1,30,155 km",Diesel,Auto,"EMI ₹34,504/m*",₹13.35 lakh
4414,MG HECTOR,MG,2019,"65,612 km",Diesel,Manual,"EMI ₹26,273/m*",₹7.91 lakh
4415,MG ASTOR,MG,2023,"23,494 km",Petrol,Auto,"EMI ₹17,979/m*",₹10.50 lakh
4416,Hyundai Creta,Hyundai,2019,"44,379 km",Petrol,Auto,"EMI ₹13,240/m*",₹7.50 lakh
4417,Maruti Vitara Brezza,Maruti,2016,"1,53,201 km",Diesel,Manual,"EMI ₹13,240/m*",₹3.45 lakh
4418,KIA SELTOS,KIA,2020,"67,781 km",Petrol,Auto,"EMI ₹18,013/m*",₹10.52 lakh
4419,Toyota Innova Crysta,Toyota,2017,"1,45,112 km",Diesel,Auto,"EMI ₹129,833/m*",₹14.69 lakh
4420,Mahindra XUV300,Mahindra,2020,"1,40,396 km",Diesel,Auto,"EMI ₹17,407/m*",₹6.61 lakh
4421,MG HECTOR,MG,2019,"50,441 km",Diesel,Manual,"EMI ₹25,243/m*",₹7.60 lakh
4422,Mahindra XUV 3XO,Mahindra,2024,"22,280 km",Petrol,Manual,"EMI ₹17,157/m*",₹10.02 lakh
4423,Ford Ecosport,Ford,2019,"99,403 km",Diesel,Manual,"EMI ₹16,541/m*",₹4.98 lakh
4424,Hyundai Creta,Hyundai,2017,"1,69,950 km",Diesel,Manual,"EMI ₹46,557/m*",₹5.24 lakh
4425,Renault Kiger,Renault,2021,"30,316 km",Petrol,Manual,"EMI ₹10,150/m*",₹5.75 lakh
4426,Hyundai Creta,Hyundai,2021,"34,339 km",Diesel,Manual,"EMI ₹22,264/m*",₹10.24 lakh
4427,Tata Safari,Tata,2021,"84,909 km",Diesel,Auto,"EMI ₹30,439/m*",₹14.00 lakh
4428,Mahindra MARAZZO,Mahindra,2019,"1,21,332 km",Diesel,Manual,"EMI ₹17,139/m*",₹5.16 lakh
4429,Mahindra XUV300,Mahindra,2021,"77,446 km",Petrol,Manual,"EMI ₹10,221/m*",₹5.79 lakh
4430,Mahindra SCORPIO-N,Mahindra,2023,"72,914 km",Diesel,Auto,"EMI ₹28,303/m*",₹16.53 lakh
4431,Tata Hexa,Tata,2018,"88,105 km",Diesel,Auto,"EMI ₹28,244/m*",₹6.00 lakh
4432,Maruti Dzire,Maruti,2019,"78,880 km",Petrol,Manual,"EMI ₹8,473/m*",₹4.80 lakh
4433,KIA SONET,KIA,2020,"29,604 km",Petrol,Manual,"EMI ₹12,798/m*",₹7.25 lakh
4434,Tata Harrier,Tata,2020,"61,657 km",Diesel,Manual,"EMI ₹28,430/m*",₹11.00 lakh
4435,Toyota Innova Crysta,Toyota,2022,"23,300 km",Petrol,Auto,"EMI ₹31,420/m*",₹18.35 lakh
4436,Maruti Vitara Brezza,Maruti,2019,"1,24,463 km",Diesel,Auto,"EMI ₹13,881/m*",₹6.24 lakh
4437,Ford Endeavour,Ford,2016,"1,30,000 km",Diesel,Auto,"EMI ₹13,881/m*",₹11.86 lakh
4438,Honda City,Honda,2015,"1,10,974 km",Petrol,Auto,"EMI ₹11,376/m*",₹4.32 lakh
4439,Renault Duster,Renault,2021,"34,808 km",Petrol,Manual,"EMI ₹13,875/m*",₹7.86 lakh
4440,Mahindra XUV700,Mahindra,2022,"46,479 km",Diesel,Auto,"EMI ₹33,538/m*",₹17.62 lakh
4441,Hyundai VENUE,Hyundai,2022,"35,340 km",Petrol,Manual,"EMI ₹11,474/m*",₹6.50 lakh
4442,Maruti Baleno,Maruti,2018,"64,183 km",Petrol,Manual,"EMI ₹6,708/m*",₹3.80 lakh
4443,Honda WR-V,Honda,2018,"49,669 km",Petrol,Manual,"EMI ₹8,385/m*",₹4.75 lakh
4444,Hyundai Verna,Hyundai,2021,"23,119 km",Petrol,Manual,"EMI ₹14,554/m*",₹8.50 lakh
4445,Hyundai Creta,Hyundai,2022,"33,960 km",Petrol,Auto,"EMI ₹19,691/m*",₹11.50 lakh
4446,Maruti Ertiga,Maruti,2021,"21,451 km",Petrol,Manual,"EMI ₹16,095/m*",₹9.40 lakh
4447,Hyundai NEW I20 N LINE,Hyundai,2024,"6,791 km",Petrol,Manual,"EMI ₹13,698/m*",₹8.00 lakh
4448,Tata PUNCH,Tata,2023,"17,646 km",Petrol,Manual,"EMI ₹10,044/m*",₹5.69 lakh
4449,Hyundai VENUE,Hyundai,2019,"92,769 km",Diesel,Manual,"EMI ₹22,220/m*",₹6.69 lakh
4450,Hyundai Elite i20,Hyundai,2016,"60,430 km",Petrol,Manual,"EMI ₹8,520/m*",₹3.83 lakh
4451,Honda WR-V,Honda,2017,"1,24,921 km",Diesel,Manual,"EMI ₹38,649/m*",₹4.35 lakh
4452,Maruti New Wagon-R,Maruti,2021,"93,650 km",Petrol,Manual,"EMI ₹7,555/m*",₹4.28 lakh
4453,Ford Ecosport,Ford,2018,"1,22,825 km",Diesel,Manual,"EMI ₹21,183/m*",₹4.50 lakh
4454,KIA CARENS,KIA,2022,"51,155 km",Petrol,Manual,"EMI ₹17,465/m*",₹10.20 lakh
4455,Maruti Ciaz,Maruti,2018,"48,669 km",Petrol,Manual,"EMI ₹11,633/m*",₹6.59 lakh
4456,Honda City,Honda,2022,"30,553 km",Petrol,Auto,"EMI ₹18,424/m*",₹10.76 lakh
4457,Hyundai Creta,Hyundai,2018,"1,77,741 km",Diesel,Manual,"EMI ₹22,313/m*",₹4.74 lakh
4458,Maruti Swift,Maruti,2022,"38,566 km",Petrol,Auto,"EMI ₹10,256/m*",₹5.81 lakh
4459,Nissan MAGNITE,Nissan,2023,"27,721 km",Petrol,Manual,"EMI ₹8,438/m*",₹4.78 lakh
4460,Hyundai VENUE,Hyundai,2023,"10,004 km",Petrol,Manual,"EMI ₹13,345/m*",₹7.56 lakh
4461,Maruti Vitara Brezza,Maruti,2019,"39,544 km",Diesel,Auto,"EMI ₹23,084/m*",₹6.95 lakh
4462,Tata ALTROZ,Tata,2023,"22,935 km",Petrol,Manual,"EMI ₹11,563/m*",₹6.55 lakh
4463,Mahindra XUV300,Mahindra,2019,"1,30,466 km",Diesel,Manual,"EMI ₹16,607/m*",₹5.00 lakh
4464,Renault Duster,Renault,2018,"88,317 km",Petrol,Auto,"EMI ₹7,750/m*",₹4.39 lakh
4465,Ford Ecosport,Ford,2018,"99,420 km",Petrol,Auto,"EMI ₹8,103/m*",₹4.59 lakh
4466,Tata Tiago,Tata,2019,"53,588 km",Diesel,Manual,"EMI ₹11,359/m*",₹3.42 lakh
4467,Tata ALTROZ,Tata,2023,"50,512 km",Petrol,Manual,"EMI ₹10,786/m*",₹6.11 lakh
4468,Mahindra XUV500,Mahindra,2019,"52,672 km",Diesel,Manual,"EMI ₹32,673/m*",₹9.98 lakh
4469,Maruti XL6,Maruti,2021,"51,818 km",Petrol,Manual,"EMI ₹14,554/m*",₹8.50 lakh
4470,Honda City,Honda,2019,"69,596 km",Petrol,Auto,"EMI ₹11,298/m*",₹6.40 lakh
4471,Ford Ecosport,Ford,2018,"86,409 km",Diesel,Manual,"EMI ₹20,336/m*",₹4.32 lakh
4472,Honda City,Honda,2020,"21,832 km",Petrol,Auto,"EMI ₹16,095/m*",₹9.40 lakh
4473,Mahindra XUV300,Mahindra,2019,"94,672 km",Diesel,Manual,"EMI ₹17,271/m*",₹5.20 lakh
4474,Toyota Corolla Altis,Toyota,2016,"1,30,110 km",Petrol,Auto,"EMI ₹10,566/m*",₹4.75 lakh
4475,Maruti New Wagon-R,Maruti,2023,"43,178 km",Petrol,Manual,"EMI ₹7,344/m*",₹4.16 lakh
4476,Honda City,Honda,2019,"73,007 km",Petrol,Auto,"EMI ₹11,439/m*",₹6.48 lakh
4477,MG HECTOR,MG,2021,"95,683 km",Petrol,Auto,"EMI ₹16,266/m*",₹9.50 lakh
4478,Hyundai Creta,Hyundai,2016,"65,224 km",Petrol,Manual,"EMI ₹10,855/m*",₹4.88 lakh
4479,Maruti Ciaz,Maruti,2020,"99,800 km",Petrol,Auto,"EMI ₹11,298/m*",₹6.40 lakh
4480,Hyundai Creta,Hyundai,2019,"91,276 km",Diesel,Auto,"EMI ₹25,741/m*",₹7.75 lakh
4481,Mahindra Thar,Mahindra,2021,"11,712 km",Petrol,Auto,"EMI ₹18,116/m*",₹10.58 lakh
4482,Toyota URBAN CRUISER HYRYDER,Toyota,2022,"74,844 km",Hybrid,Auto,"EMI ₹25,084/m*",₹14.65 lakh
4483,Tata Safari,Tata,2021,"76,331 km",Diesel,Auto,"EMI ₹33,918/m*",₹15.60 lakh
4484,Maruti New Wagon-R,Maruti,2020,"92,247 km",Petrol,Manual,"EMI ₹6,390/m*",₹3.62 lakh
4485,Maruti Celerio,Maruti,2018,"77,567 km",Petrol,Manual,"EMI ₹6,196/m*",₹3.51 lakh
4486,Mahindra Thar,Mahindra,2022,"15,847 km",Diesel,Auto,"EMI ₹29,084/m*",₹15.28 lakh
4487,Toyota URBAN CRUISER,Toyota,2022,"79,305 km",Petrol,Manual,"EMI ₹11,757/m*",₹6.66 lakh
4488,KIA SELTOS,KIA,2023,"1,20,844 km",Diesel,Manual,"EMI ₹20,655/m*",₹9.50 lakh
4489,Tata Tiago,Tata,2019,"35,700 km",Petrol,Manual,"EMI ₹18,287/m*",₹10.68 lakh
4490,Hyundai Creta,Hyundai,2016,"79,700 km",Petrol,Manual,"EMI ₹11,122/m*",₹5.00 lakh
4491,Maruti Dzire,Maruti,2019,"59,682 km",Petrol,Manual,"EMI ₹8,067/m*",₹4.57 lakh
4492,Maruti Alto K10,Maruti,2019,"1,36,460 km",Petrol,Manual,"EMI ₹5,761/m*",₹2.59 lakh
4493,Maruti Baleno,Maruti,2018,"65,603 km",Diesel,Manual,"EMI ₹18,170/m*",₹3.86 lakh
4494,Hyundai Elite i20,Hyundai,2017,"55,866 km",Petrol,Manual,"EMI ₹7,957/m*",₹4.07 lakh
4495,Maruti New Wagon-R,Maruti,2024,"40,922 km",Petrol,Manual,"EMI ₹8,985/m*",₹5.09 lakh
4496,Hyundai Creta,Hyundai,2019,"1,42,097 km",Diesel,Auto,"EMI ₹21,589/m*",₹6.50 lakh
4497,Mahindra XUV500,Mahindra,2020,"1,18,253 km",Diesel,Auto,"EMI ₹23,778/m*",₹9.20 lakh
4498,Hyundai VENUE,Hyundai,2021,"78,256 km",Petrol,Manual,"EMI ₹10,945/m*",₹6.20 lakh
4499,Hyundai AURA,Hyundai,2024,"33,009 km",Petrol,Manual,"EMI ₹12,410/m*",₹7.03 lakh
4500,Maruti Baleno,Maruti,2019,"35,988 km",Petrol,Auto,"EMI ₹8,650/m*",₹4.90 lakh
4501,KIA SELTOS,KIA,2021,"1,05,063 km",Diesel,Manual,"EMI ₹19,155/m*",₹8.81 lakh
4502,Hyundai VENUE,Hyundai,2021,"39,551 km",Petrol,Manual,"EMI ₹12,639/m*",₹7.16 lakh
4503,Ford Ecosport,Ford,2016,"1,52,247 km",Petrol,Auto,"EMI ₹8,342/m*",₹3.75 lakh
4504,Maruti Swift,Maruti,2020,"62,580 km",Petrol,Manual,"EMI ₹8,862/m*",₹5.02 lakh
4505,KIA SONET,KIA,2021,"1,14,738 km",Diesel,Manual,"EMI ₹19,438/m*",₹8.94 lakh
4506,Maruti Ertiga,Maruti,2016,"38,632 km",Diesel,Manual,"EMI ₹19,438/m*",₹5.40 lakh
4507,Ford Ecosport,Ford,2019,"1,14,196 km",Petrol,Manual,"EMI ₹10,010/m*",₹4.50 lakh
4508,Maruti Vitara Brezza,Maruti,2019,"82,413 km",Diesel,Manual,"EMI ₹15,511/m*",₹4.67 lakh
4509,Mahindra Thar Roxx,Mahindra,2025,"12,544 km",Petrol,Auto,"EMI ₹38,988/m*",₹22.77 lakh
4510,Tata Harrier,Tata,2019,"1,82,986 km",Diesel,Manual,"EMI ₹30,742/m*",₹9.39 lakh
4511,Honda City,Honda,2013,"45,128 km",Petrol,Manual,"EMI ₹15,675/m*",₹3.33 lakh
4512,Maruti Vitara Brezza,Maruti,2018,"80,613 km",Diesel,Manual,"EMI ₹25,184/m*",₹5.35 lakh
4513,Hyundai VENUE,Hyundai,2020,"68,470 km",Petrol,Manual,"EMI ₹11,986/m*",₹6.79 lakh
4514,Maruti Ertiga,Maruti,2016,"1,09,894 km",Petrol,Manual,"EMI ₹11,189/m*",₹5.03 lakh
4515,Maruti New Wagon-R,Maruti,2023,"21,416 km",Petrol,Manual,"EMI ₹8,473/m*",₹4.80 lakh
4516,Maruti Swift,Maruti,2021,"86,724 km",Petrol,Auto,"EMI ₹9,215/m*",₹5.22 lakh
4517,Tata Safari,Tata,2022,"46,976 km",Diesel,Auto,"EMI ₹29,674/m*",₹15.59 lakh
4518,Hyundai VENUE,Hyundai,2021,"72,475 km",Petrol,Auto,"EMI ₹13,328/m*",₹7.55 lakh
4519,KIA SONET,KIA,2022,"45,737 km",Petrol,Manual,"EMI ₹13,593/m*",₹7.70 lakh
4520,Mahindra XUV500,Mahindra,2017,"56,678 km",Diesel,Manual,"EMI ₹60,328/m*",₹6.79 lakh
4521,Tata NEXON,Tata,2017,"1,21,332 km",Diesel,Manual,"EMI ₹38,560/m*",₹4.34 lakh
4522,Maruti Grand Vitara,Maruti,2023,"18,965 km",Petrol,Manual,"EMI ₹16,266/m*",₹9.50 lakh
4523,Hyundai Creta,Hyundai,2020,"51,768 km",Diesel,Manual,"EMI ₹23,416/m*",₹9.06 lakh
4524,Hyundai Creta,Hyundai,2017,"1,45,878 km",Petrol,Manual,"EMI ₹10,010/m*",₹4.50 lakh
4525,Honda CRV,Honda,2012,"1,64,470 km",Petrol,Auto,"EMI ₹23,012/m*",₹2.59 lakh
4526,Tata PUNCH,Tata,2024,"51,897 km",Petrol,Manual,"EMI ₹10,980/m*",₹6.22 lakh
4527,Hyundai VENUE,Hyundai,2019,"35,617 km",Petrol,Auto,"EMI ₹11,563/m*",₹6.55 lakh
4528,Maruti New Wagon-R,Maruti,2021,"25,081 km",Petrol,Manual,"EMI ₹7,926/m*",₹4.49 lakh
4529,Hyundai VENUE,Hyundai,2019,"59,507 km",Petrol,Auto,"EMI ₹11,474/m*",₹6.50 lakh
4530,MG HECTOR PLUS,MG,2023,"30,001 km",Diesel,Manual,"EMI ₹31,009/m*",₹18.11 lakh
4531,Hyundai Creta,Hyundai,2018,"1,67,734 km",Diesel,Auto,"EMI ₹20,721/m*",₹9.53 lakh
4532,Hyundai Creta,Hyundai,2019,"93,772 km",Diesel,Manual,"EMI ₹21,423/m*",₹6.45 lakh
4533,KIA SONET,KIA,2022,"44,538 km",Petrol,Manual,"EMI ₹13,575/m*",₹7.69 lakh
4534,Hyundai Creta,Hyundai,2016,"40,757 km",Petrol,Auto,"EMI ₹13,347/m*",₹6.00 lakh
4535,Maruti New Wagon-R,Maruti,2020,"76,969 km",Petrol,Manual,"EMI ₹6,426/m*",₹3.64 lakh
4536,Hyundai Verna,Hyundai,2023,"42,163 km",Petrol,Auto,"EMI ₹20,838/m*",₹12.17 lakh
4537,Maruti S Cross,Maruti,2018,"62,717 km",Diesel,Manual,"EMI ₹25,043/m*",₹5.32 lakh
4538,KIA CARENS,KIA,2023,"82,535 km",Diesel,Manual,"EMI ₹19,057/m*",₹11.13 lakh
4539,Renault Duster,Renault,2016,"95,438 km",Diesel,Manual,"EMI ₹19,057/m*",₹3.19 lakh
4540,Tata NEXON,Tata,2024,"4,148 km",Petrol,Manual,"EMI ₹15,205/m*",₹8.88 lakh
4541,KIA SONET,KIA,2021,"1,19,429 km",Diesel,Manual,"EMI ₹21,090/m*",₹9.70 lakh
4542,Mahindra SCORPIO-N,Mahindra,2023,"27,532 km",Petrol,Auto,"EMI ₹30,735/m*",₹17.95 lakh
4543,KIA SONET,KIA,2020,"30,540 km",Diesel,Manual,"EMI ₹20,676/m*",₹8.00 lakh
4544,Honda Amaze,Honda,2025,"3,247 km",Petrol,Manual,"EMI ₹15,410/m*",₹9.00 lakh
4545,Tata Tiago,Tata,2018,"20,105 km",Petrol,Auto,"EMI ₹7,344/m*",₹4.16 lakh
4546,Tata NEXON,Tata,2017,"67,915 km",Diesel,Manual,"EMI ₹42,203/m*",₹4.75 lakh
4547,KIA SELTOS,KIA,2020,"50,563 km",Petrol,Auto,"EMI ₹16,095/m*",₹9.40 lakh
4548,Maruti Vitara Brezza,Maruti,2017,"45,633 km",Diesel,Manual,"EMI ₹44,780/m*",₹5.04 lakh
4549,Hyundai VENUE N LINE,Hyundai,2023,"22,813 km",Petrol,Auto,"EMI ₹16,146/m*",₹9.43 lakh
4550,Hyundai VENUE,Hyundai,2020,"93,777 km",Diesel,Manual,"EMI ₹18,197/m*",₹6.91 lakh
4551,Hyundai Creta,Hyundai,2019,"1,19,532 km",Petrol,Manual,"EMI ₹15,126/m*",₹6.80 lakh
4552,KIA SELTOS,KIA,2024,"33,974 km",Petrol,Manual,"EMI ₹22,807/m*",₹13.32 lakh
4553,Mahindra Thar,Mahindra,2022,"58,049 km",Diesel,Auto,"EMI ₹26,572/m*",₹13.96 lakh
4554,Hyundai Creta,Hyundai,2024,"27,807 km",Petrol,Manual,"EMI ₹17,893/m*",₹10.45 lakh
4555,Mahindra Thar,Mahindra,2022,"75,666 km",Diesel,Auto,"EMI ₹25,487/m*",₹13.39 lakh
4556,Toyota Corolla Altis,Toyota,2014,"85,920 km",Petrol,Manual,"EMI ₹11,725/m*",₹3.53 lakh
4557,Maruti Ciaz,Maruti,2014,"1,03,924 km",Petrol,Manual,"EMI ₹9,964/m*",₹3.00 lakh
4558,KIA SELTOS,KIA,2021,"1,25,903 km",Petrol,Manual,"EMI ₹22,656/m*",₹10.42 lakh
4559,Tata ALTROZ,Tata,2023,"32,906 km",Petrol,Manual,"EMI ₹12,445/m*",₹7.05 lakh
